city,date,predicted_mean_c,predicted_spill_c,strategy,resolved_c,resolved_unit,deviation_c,win_loss,bucket_label
"Amsterdam, NL",2026-08-11,22.1,22,mean,22.0,C,0.1,WIN,22.0°C
"Amsterdam, NL",2026-08-11,22.29,23,modifisert,22.0,C,0.29,LOSS,22.0°C
"Amsterdam, NL",2026-08-11,22.1,20,p5,22.0,C,0.1,LOSS,22.0°C
"Amsterdam, NL",2026-08-11,22.1,21,sigma,22.0,C,0.1,LOSS,22.0°C
"Ankara, TR",2026-08-11,30.6,31,mean,32.0,C,-1.4,LOSS,32.0°C
"Ankara, TR",2026-08-11,31.4,32,modifisert,32.0,C,-0.6,WIN,32.0°C
"Ankara, TR",2026-08-11,30.6,29,p5,32.0,C,-1.4,LOSS,32.0°C
"Ankara, TR",2026-08-11,30.6,29,sigma,32.0,C,-1.4,LOSS,32.0°C
"Atlanta, US",2026-08-11,32.3,32,mean,33.61,F,-1.31,LOSS,92-93°F
"Atlanta, US",2026-08-11,32.6,34,modifisert,33.61,F,-1.01,LOSS,92-93°F
"Atlanta, US",2026-08-11,32.3,29,p5,33.61,F,-1.31,LOSS,92-93°F
"Atlanta, US",2026-08-11,32.3,30,sigma,33.61,F,-1.31,LOSS,92-93°F
"Austin, US",2026-08-11,37.2,37,mean,38.06,F,-0.86,LOSS,100-101°F
"Austin, US",2026-08-11,37.18,38,modifisert,38.06,F,-0.88,WIN,100-101°F
"Austin, US",2026-08-11,37.2,36,p5,38.06,F,-0.86,LOSS,100-101°F
"Austin, US",2026-08-11,37.2,36,sigma,38.06,F,-0.86,LOSS,100-101°F
"Beijing, CN",2026-08-11,32.9,33,mean,33.0,C,-0.1,WIN,33.0°C
"Beijing, CN",2026-08-11,32.8,33,modifisert,33.0,C,-0.2,WIN,33.0°C
"Beijing, CN",2026-08-11,32.9,31,p5,33.0,C,-0.1,LOSS,33.0°C
"Beijing, CN",2026-08-11,32.9,32,sigma,33.0,C,-0.1,LOSS,33.0°C
"Buenos Aires, AR",2026-08-11,11.1,11,mean,12.0,C,-0.9,LOSS,12.0°C
"Buenos Aires, AR",2026-08-11,11.35,12,modifisert,12.0,C,-0.65,WIN,12.0°C
"Buenos Aires, AR",2026-08-11,11.1,10,p5,12.0,C,-0.9,LOSS,12.0°C
"Buenos Aires, AR",2026-08-11,11.1,10,sigma,12.0,C,-0.9,LOSS,12.0°C
"Busan, KR",2026-08-11,29.3,29,mean,31.0,C,-1.7,LOSS,31.0°C
"Busan, KR",2026-08-11,29.97,31,modifisert,31.0,C,-1.03,WIN,31.0°C
"Busan, KR",2026-08-11,29.3,27,p5,31.0,C,-1.7,LOSS,31.0°C
"Busan, KR",2026-08-11,29.3,28,sigma,31.0,C,-1.7,LOSS,31.0°C
"Cape Town, ZA",2026-08-11,18.8,19,mean,20.0,C,-1.2,LOSS,20.0°C
"Cape Town, ZA",2026-08-11,20.01,20,modifisert,20.0,C,0.01,WIN,20.0°C
"Cape Town, ZA",2026-08-11,18.8,16,p5,20.0,C,-1.2,LOSS,20.0°C
"Cape Town, ZA",2026-08-11,18.8,17,sigma,20.0,C,-1.2,LOSS,20.0°C
"Chengdu, CN",2026-08-11,32.8,33,mean,35.0,C,-2.2,LOSS,35.0°C
"Chengdu, CN",2026-08-11,33.71,35,modifisert,35.0,C,-1.29,WIN,35.0°C
"Chengdu, CN",2026-08-11,32.8,30,p5,35.0,C,-2.2,LOSS,35.0°C
"Chengdu, CN",2026-08-11,32.8,31,sigma,35.0,C,-2.2,LOSS,35.0°C
"Chicago, US",2026-08-11,27.5,28,mean,26.94,F,0.56,LOSS,80-81°F
"Chicago, US",2026-08-11,26.63,26,modifisert,26.94,F,-0.31,LOSS,80-81°F
"Chicago, US",2026-08-11,27.5,24,p5,26.94,F,0.56,LOSS,80-81°F
"Chicago, US",2026-08-11,27.5,26,sigma,26.94,F,0.56,LOSS,80-81°F
"Chongqing, CN",2026-08-11,34.0,34,mean,35.0,C,-1.0,LOSS,35.0°C
"Chongqing, CN",2026-08-11,34.4,36,modifisert,35.0,C,-0.6,LOSS,35.0°C
"Chongqing, CN",2026-08-11,34.0,32,p5,35.0,C,-1.0,LOSS,35.0°C
"Chongqing, CN",2026-08-11,34.0,33,sigma,35.0,C,-1.0,LOSS,35.0°C
"Dallas, US",2026-08-11,38.2,38,mean,36.94,F,1.26,LOSS,98-99°F
"Dallas, US",2026-08-11,37.6,37,modifisert,36.94,F,0.66,WIN,98-99°F
"Dallas, US",2026-08-11,38.2,37,p5,36.94,F,1.26,WIN,98-99°F
"Dallas, US",2026-08-11,38.2,37,sigma,36.94,F,1.26,WIN,98-99°F
"Denver, US",2026-08-11,34.8,35,mean,34.72,F,0.08,WIN,94-95°F
"Denver, US",2026-08-11,35.14,37,modifisert,34.72,F,0.42,LOSS,94-95°F
"Denver, US",2026-08-11,34.8,34,p5,34.72,F,0.08,LOSS,94-95°F
"Denver, US",2026-08-11,34.8,34,sigma,34.72,F,0.08,LOSS,94-95°F
"Guangzhou, CN",2026-08-11,35.1,35,mean,37.0,C,-1.9,LOSS,37.0°C
"Guangzhou, CN",2026-08-11,35.1,37,modifisert,37.0,C,-1.9,WIN,37.0°C
"Guangzhou, CN",2026-08-11,35.1,34,p5,37.0,C,-1.9,LOSS,37.0°C
"Guangzhou, CN",2026-08-11,35.1,34,sigma,37.0,C,-1.9,LOSS,37.0°C
"Helsinki, FI",2026-08-11,18.1,18,mean,18.0,C,0.1,WIN,18.0°C
"Helsinki, FI",2026-08-11,18.0,19,modifisert,18.0,C,0.0,LOSS,18.0°C
"Helsinki, FI",2026-08-11,18.1,16,p5,18.0,C,0.1,LOSS,18.0°C
"Helsinki, FI",2026-08-11,18.1,17,sigma,18.0,C,0.1,LOSS,18.0°C
"Hong Kong, HK",2026-08-11,33.9,34,mean,35.0,C,-1.1,LOSS,35.0°C
"Hong Kong, HK",2026-08-11,33.74,35,modifisert,35.0,C,-1.26,WIN,35.0°C
"Hong Kong, HK",2026-08-11,33.9,32,p5,35.0,C,-1.1,LOSS,35.0°C
"Hong Kong, HK",2026-08-11,33.9,33,sigma,35.0,C,-1.1,LOSS,35.0°C
"Houston, US",2026-08-11,33.4,33,mean,33.61,F,-0.21,LOSS,92-93°F
"Houston, US",2026-08-11,33.61,34,modifisert,33.61,F,0.0,LOSS,92-93°F
"Houston, US",2026-08-11,33.4,32,p5,33.61,F,-0.21,LOSS,92-93°F
"Houston, US",2026-08-11,33.4,32,sigma,33.61,F,-0.21,LOSS,92-93°F
"Istanbul, TR",2026-08-11,26.5,26,mean,27.0,C,-0.5,LOSS,27.0°C
"Istanbul, TR",2026-08-11,26.9,27,modifisert,27.0,C,-0.1,WIN,27.0°C
"Istanbul, TR",2026-08-11,26.5,24,p5,27.0,C,-0.5,LOSS,27.0°C
"Istanbul, TR",2026-08-11,26.5,25,sigma,27.0,C,-0.5,LOSS,27.0°C
"Jeddah, SA",2026-08-11,39.2,39,mean,40.0,C,-0.8,LOSS,40.0°C
"Jeddah, SA",2026-08-11,38.98,39,modifisert,40.0,C,-1.02,LOSS,40.0°C
"Jeddah, SA",2026-08-11,39.2,35,p5,40.0,C,-0.8,LOSS,40.0°C
"Jeddah, SA",2026-08-11,39.2,37,sigma,40.0,C,-0.8,LOSS,40.0°C
"Jinan, CN",2026-08-11,30.8,31,mean,,C,,WIN,26°C or higher
"Jinan, CN",2026-08-11,30.8,30,modifisert,,C,,WIN,26°C or higher
"Jinan, CN",2026-08-11,30.8,28,p5,,C,,WIN,26°C or higher
"Jinan, CN",2026-08-11,30.8,29,sigma,,C,,WIN,26°C or higher
"Karachi, PK",2026-08-11,32.4,32,mean,32.0,C,0.4,WIN,32.0°C
"Karachi, PK",2026-08-11,32.44,33,modifisert,32.0,C,0.44,LOSS,32.0°C
"Karachi, PK",2026-08-11,32.4,30,p5,32.0,C,0.4,LOSS,32.0°C
"Karachi, PK",2026-08-11,32.4,31,sigma,32.0,C,0.4,LOSS,32.0°C
"Kuala Lumpur, MY",2026-08-11,31.4,31,mean,32.0,C,-0.6,LOSS,32.0°C
"Kuala Lumpur, MY",2026-08-11,32.08,34,modifisert,32.0,C,0.08,LOSS,32.0°C
"Kuala Lumpur, MY",2026-08-11,31.4,30,p5,32.0,C,-0.6,LOSS,32.0°C
"Kuala Lumpur, MY",2026-08-11,31.4,30,sigma,32.0,C,-0.6,LOSS,32.0°C
"London, UK",2026-08-11,24.5,24,mean,24.0,C,0.5,WIN,24.0°C
"London, UK",2026-08-11,24.3,25,modifisert,24.0,C,0.3,LOSS,24.0°C
"London, UK",2026-08-11,24.5,23,p5,24.0,C,0.5,LOSS,24.0°C
"London, UK",2026-08-11,24.5,24,sigma,24.0,C,0.5,WIN,24.0°C
"Los Angeles, US",2026-08-11,27.4,27,mean,26.94,F,0.46,WIN,80-81°F
"Los Angeles, US",2026-08-11,26.56,25,modifisert,26.94,F,-0.38,LOSS,80-81°F
"Los Angeles, US",2026-08-11,27.4,24,p5,26.94,F,0.46,LOSS,80-81°F
"Los Angeles, US",2026-08-11,27.4,25,sigma,26.94,F,0.46,LOSS,80-81°F
"Lucknow, IN",2026-08-11,34.1,34,mean,34.0,C,0.1,WIN,34.0°C
"Lucknow, IN",2026-08-11,34.25,34,modifisert,34.0,C,0.25,WIN,34.0°C
"Lucknow, IN",2026-08-11,34.1,31,p5,34.0,C,0.1,LOSS,34.0°C
"Lucknow, IN",2026-08-11,34.1,32,sigma,34.0,C,0.1,LOSS,34.0°C
"Madrid, ES",2026-08-11,35.3,35,mean,36.0,C,-0.7,LOSS,36.0°C
"Madrid, ES",2026-08-11,35.34,36,modifisert,36.0,C,-0.66,WIN,36.0°C
"Madrid, ES",2026-08-11,35.3,34,p5,36.0,C,-0.7,LOSS,36.0°C
"Madrid, ES",2026-08-11,35.3,34,sigma,36.0,C,-0.7,LOSS,36.0°C
"Manila, PH",2026-08-11,29.8,30,mean,31.0,C,-1.2,LOSS,31.0°C
"Manila, PH",2026-08-11,30.33,31,modifisert,31.0,C,-0.67,WIN,31.0°C
"Manila, PH",2026-08-11,29.8,29,p5,31.0,C,-1.2,LOSS,31.0°C
"Manila, PH",2026-08-11,29.8,29,sigma,31.0,C,-1.2,LOSS,31.0°C
"Mexico City, MX",2026-08-11,25.1,25,mean,25.0,C,0.1,WIN,25.0°C
"Mexico City, MX",2026-08-11,25.0,25,modifisert,25.0,C,0.0,WIN,25.0°C
"Mexico City, MX",2026-08-11,25.1,23,p5,25.0,C,0.1,LOSS,25.0°C
"Mexico City, MX",2026-08-11,25.1,24,sigma,25.0,C,0.1,LOSS,25.0°C
"Miami, US",2026-08-11,32.9,33,mean,33.61,F,-0.71,LOSS,92-93°F
"Miami, US",2026-08-11,33.42,34,modifisert,33.61,F,-0.19,LOSS,92-93°F
"Miami, US",2026-08-11,32.9,31,p5,33.61,F,-0.71,LOSS,92-93°F
"Miami, US",2026-08-11,32.9,32,sigma,33.61,F,-0.71,LOSS,92-93°F
"Milan, IT",2026-08-11,35.7,36,mean,36.0,C,-0.3,WIN,36.0°C
"Milan, IT",2026-08-11,35.79,36,modifisert,36.0,C,-0.21,WIN,36.0°C
"Milan, IT",2026-08-11,35.7,33,p5,36.0,C,-0.3,LOSS,36.0°C
"Milan, IT",2026-08-11,35.7,34,sigma,36.0,C,-0.3,LOSS,36.0°C
"Moscow, RU",2026-08-11,24.4,24,mean,26.0,C,-1.6,LOSS,26.0°C
"Moscow, RU",2026-08-11,24.72,25,modifisert,26.0,C,-1.28,LOSS,26.0°C
"Moscow, RU",2026-08-11,24.4,23,p5,26.0,C,-1.6,LOSS,26.0°C
"Moscow, RU",2026-08-11,24.4,24,sigma,26.0,C,-1.6,LOSS,26.0°C
"Munich, DE",2026-08-11,28.8,29,mean,31.0,C,-2.2,LOSS,31.0°C
"Munich, DE",2026-08-11,30.0,32,modifisert,31.0,C,-1.0,LOSS,31.0°C
"Munich, DE",2026-08-11,28.8,27,p5,31.0,C,-2.2,LOSS,31.0°C
"Munich, DE",2026-08-11,28.8,28,sigma,31.0,C,-2.2,LOSS,31.0°C
"New York, US",2026-08-11,31.0,31,mean,30.28,F,0.72,LOSS,86-87°F
"New York, US",2026-08-11,30.69,31,modifisert,30.28,F,0.41,LOSS,86-87°F
"New York, US",2026-08-11,31.0,30,p5,30.28,F,0.72,WIN,86-87°F
"New York, US",2026-08-11,31.0,30,sigma,30.28,F,0.72,WIN,86-87°F
"Panama City, PA",2026-08-11,33.5,34,mean,33.0,C,0.5,LOSS,33.0°C
"Panama City, PA",2026-08-11,33.92,35,modifisert,33.0,C,0.92,LOSS,33.0°C
"Panama City, PA",2026-08-11,33.5,32,p5,33.0,C,0.5,LOSS,33.0°C
"Panama City, PA",2026-08-11,33.5,32,sigma,33.0,C,0.5,LOSS,33.0°C
"Paris, FR",2026-08-11,31.9,32,mean,32.0,C,-0.1,WIN,32.0°C
"Paris, FR",2026-08-11,32.18,32,modifisert,32.0,C,0.18,WIN,32.0°C
"Paris, FR",2026-08-11,31.9,30,p5,32.0,C,-0.1,LOSS,32.0°C
"Paris, FR",2026-08-11,31.9,31,sigma,32.0,C,-0.1,LOSS,32.0°C
"Qingdao, CN",2026-08-11,31.6,32,mean,31.0,C,0.6,LOSS,31.0°C
"Qingdao, CN",2026-08-11,31.57,33,modifisert,31.0,C,0.57,LOSS,31.0°C
"Qingdao, CN",2026-08-11,31.6,30,p5,31.0,C,0.6,LOSS,31.0°C
"Qingdao, CN",2026-08-11,31.6,30,sigma,31.0,C,0.6,LOSS,31.0°C
"San Francisco, US",2026-08-11,21.4,21,mean,24.72,F,-3.32,LOSS,76-77°F
"San Francisco, US",2026-08-11,20.69,22,modifisert,24.72,F,-4.03,LOSS,76-77°F
"San Francisco, US",2026-08-11,21.4,18,p5,24.72,F,-3.32,LOSS,76-77°F
"San Francisco, US",2026-08-11,21.4,19,sigma,24.72,F,-3.32,LOSS,76-77°F
"Sao Paulo, BR",2026-08-11,16.2,16,mean,18.0,C,-1.8,LOSS,18.0°C
"Sao Paulo, BR",2026-08-11,16.69,17,modifisert,18.0,C,-1.31,LOSS,18.0°C
"Sao Paulo, BR",2026-08-11,16.2,15,p5,18.0,C,-1.8,LOSS,18.0°C
"Sao Paulo, BR",2026-08-11,16.2,15,sigma,18.0,C,-1.8,LOSS,18.0°C
"Seattle, US",2026-08-11,24.9,25,mean,25.83,F,-0.93,LOSS,78-79°F
"Seattle, US",2026-08-11,25.58,26,modifisert,25.83,F,-0.25,WIN,78-79°F
"Seattle, US",2026-08-11,24.9,23,p5,25.83,F,-0.93,LOSS,78-79°F
"Seattle, US",2026-08-11,24.9,24,sigma,25.83,F,-0.93,LOSS,78-79°F
"Seoul (Incheon), KR",2026-08-11,30.4,30,mean,32.0,C,-1.6,LOSS,32.0°C
"Seoul (Incheon), KR",2026-08-11,31.85,34,modifisert,32.0,C,-0.15,LOSS,32.0°C
"Seoul (Incheon), KR",2026-08-11,30.4,27,p5,32.0,C,-1.6,LOSS,32.0°C
"Seoul (Incheon), KR",2026-08-11,30.4,28,sigma,32.0,C,-1.6,LOSS,32.0°C
"Shanghai, CN",2026-08-11,28.3,28,mean,29.0,C,-0.7,LOSS,29.0°C
"Shanghai, CN",2026-08-11,28.2,29,modifisert,29.0,C,-0.8,WIN,29.0°C
"Shanghai, CN",2026-08-11,28.3,27,p5,29.0,C,-0.7,LOSS,29.0°C
"Shanghai, CN",2026-08-11,28.3,27,sigma,29.0,C,-0.7,LOSS,29.0°C
"Shenzhen, CN",2026-08-11,35.1,35,mean,37.0,C,-1.9,LOSS,37.0°C
"Shenzhen, CN",2026-08-11,35.02,35,modifisert,37.0,C,-1.98,LOSS,37.0°C
"Shenzhen, CN",2026-08-11,35.1,33,p5,37.0,C,-1.9,LOSS,37.0°C
"Shenzhen, CN",2026-08-11,35.1,34,sigma,37.0,C,-1.9,LOSS,37.0°C
"Singapore, SG",2026-08-11,31.7,32,mean,33.0,C,-1.3,LOSS,33.0°C
"Singapore, SG",2026-08-11,31.92,33,modifisert,33.0,C,-1.08,WIN,33.0°C
"Singapore, SG",2026-08-11,31.7,30,p5,33.0,C,-1.3,LOSS,33.0°C
"Singapore, SG",2026-08-11,31.7,31,sigma,33.0,C,-1.3,LOSS,33.0°C
"Taipei, TW",2026-08-11,33.1,33,mean,35.0,C,-1.9,LOSS,35.0°C
"Taipei, TW",2026-08-11,33.1,36,modifisert,35.0,C,-1.9,LOSS,35.0°C
"Taipei, TW",2026-08-11,33.1,31,p5,35.0,C,-1.9,LOSS,35.0°C
"Taipei, TW",2026-08-11,33.1,32,sigma,35.0,C,-1.9,LOSS,35.0°C
"Tel Aviv, IL",2026-08-11,35.9,36,mean,35.0,C,0.9,LOSS,35.0°C
"Tel Aviv, IL",2026-08-11,35.37,35,modifisert,35.0,C,0.37,WIN,35.0°C
"Tel Aviv, IL",2026-08-11,35.9,34,p5,35.0,C,0.9,LOSS,35.0°C
"Tel Aviv, IL",2026-08-11,35.9,35,sigma,35.0,C,0.9,WIN,35.0°C
"Tokyo, JP",2026-08-11,29.8,30,mean,32.0,C,-2.2,LOSS,32.0°C
"Tokyo, JP",2026-08-11,30.04,30,modifisert,32.0,C,-1.96,LOSS,32.0°C
"Tokyo, JP",2026-08-11,29.8,28,p5,32.0,C,-2.2,LOSS,32.0°C
"Tokyo, JP",2026-08-11,29.8,29,sigma,32.0,C,-2.2,LOSS,32.0°C
"Toronto, CA",2026-08-11,28.2,28,mean,29.0,C,-0.8,LOSS,29.0°C
"Toronto, CA",2026-08-11,28.58,29,modifisert,29.0,C,-0.42,WIN,29.0°C
"Toronto, CA",2026-08-11,28.2,26,p5,29.0,C,-0.8,LOSS,29.0°C
"Toronto, CA",2026-08-11,28.2,27,sigma,29.0,C,-0.8,LOSS,29.0°C
"Warsaw, PL",2026-08-11,22.1,22,mean,22.0,C,0.1,WIN,22.0°C
"Warsaw, PL",2026-08-11,22.13,22,modifisert,22.0,C,0.13,WIN,22.0°C
"Warsaw, PL",2026-08-11,22.1,20,p5,22.0,C,0.1,LOSS,22.0°C
"Warsaw, PL",2026-08-11,22.1,21,sigma,22.0,C,0.1,LOSS,22.0°C
"Wuhan, CN",2026-08-11,29.5,30,mean,29.0,C,0.5,LOSS,29.0°C
"Wuhan, CN",2026-08-11,30.23,31,modifisert,29.0,C,1.23,LOSS,29.0°C
"Wuhan, CN",2026-08-11,29.5,27,p5,29.0,C,0.5,LOSS,29.0°C
"Wuhan, CN",2026-08-11,29.5,28,sigma,29.0,C,0.5,LOSS,29.0°C
"Zhengzhou, CN",2026-08-11,24.9,25,mean,26.0,C,-1.1,LOSS,26.0°C
"Zhengzhou, CN",2026-08-11,25.0,26,modifisert,26.0,C,-1.0,WIN,26.0°C
"Zhengzhou, CN",2026-08-11,24.9,23,p5,26.0,C,-1.1,LOSS,26.0°C
"Zhengzhou, CN",2026-08-11,24.9,24,sigma,26.0,C,-1.1,LOSS,26.0°C
"Amsterdam, NL",2026-08-12,27.5,28,mean,28.0,C,-0.5,WIN,28.0°C
"Amsterdam, NL",2026-08-12,27.96,29,modifisert,28.0,C,-0.04,LOSS,28.0°C
"Amsterdam, NL",2026-08-12,27.5,24,p5,28.0,C,-0.5,LOSS,28.0°C
"Amsterdam, NL",2026-08-12,27.5,26,sigma,28.0,C,-0.5,LOSS,28.0°C
"Ankara, TR",2026-08-12,31.5,32,mean,32.0,C,-0.5,WIN,32.0°C
"Ankara, TR",2026-08-12,31.88,33,modifisert,32.0,C,-0.12,LOSS,32.0°C
"Ankara, TR",2026-08-12,31.5,30,p5,32.0,C,-0.5,LOSS,32.0°C
"Ankara, TR",2026-08-12,31.5,30,sigma,32.0,C,-0.5,LOSS,32.0°C
"Atlanta, US",2026-08-12,32.7,33,mean,33.61,F,-0.91,LOSS,92-93°F
"Atlanta, US",2026-08-12,33.17,35,modifisert,33.61,F,-0.44,LOSS,92-93°F
"Atlanta, US",2026-08-12,32.7,31,p5,33.61,F,-0.91,LOSS,92-93°F
"Atlanta, US",2026-08-12,32.7,31,sigma,33.61,F,-0.91,LOSS,92-93°F
"Austin, US",2026-08-12,37.6,38,mean,38.06,F,-0.46,WIN,100-101°F
"Austin, US",2026-08-12,37.7,39,modifisert,38.06,F,-0.36,LOSS,100-101°F
"Austin, US",2026-08-12,37.6,36,p5,38.06,F,-0.46,LOSS,100-101°F
"Austin, US",2026-08-12,37.6,37,sigma,38.06,F,-0.46,LOSS,100-101°F
"Beijing, CN",2026-08-12,25.7,26,mean,27.0,C,-1.3,LOSS,27.0°C
"Beijing, CN",2026-08-12,25.82,27,modifisert,27.0,C,-1.18,WIN,27.0°C
"Beijing, CN",2026-08-12,25.7,24,p5,27.0,C,-1.3,LOSS,27.0°C
"Beijing, CN",2026-08-12,25.7,25,sigma,27.0,C,-1.3,LOSS,27.0°C
"Buenos Aires, AR",2026-08-12,11.6,12,mean,12.0,C,-0.4,WIN,12.0°C
"Buenos Aires, AR",2026-08-12,11.72,12,modifisert,12.0,C,-0.28,WIN,12.0°C
"Buenos Aires, AR",2026-08-12,11.6,10,p5,12.0,C,-0.4,LOSS,12.0°C
"Buenos Aires, AR",2026-08-12,11.6,10,sigma,12.0,C,-0.4,LOSS,12.0°C
"Cape Town, ZA",2026-08-12,21.3,21,mean,23.0,C,-1.7,LOSS,23.0°C
"Cape Town, ZA",2026-08-12,22.84,24,modifisert,23.0,C,-0.16,LOSS,23.0°C
"Cape Town, ZA",2026-08-12,21.3,20,p5,23.0,C,-1.7,LOSS,23.0°C
"Cape Town, ZA",2026-08-12,21.3,20,sigma,23.0,C,-1.7,LOSS,23.0°C
"Chengdu, CN",2026-08-12,34.8,35,mean,38.0,C,-3.2,LOSS,38.0°C
"Chengdu, CN",2026-08-12,35.62,37,modifisert,38.0,C,-2.38,LOSS,38.0°C
"Chengdu, CN",2026-08-12,34.8,33,p5,38.0,C,-3.2,LOSS,38.0°C
"Chengdu, CN",2026-08-12,34.8,34,sigma,38.0,C,-3.2,LOSS,38.0°C
"Chicago, US",2026-08-12,28.1,28,mean,28.06,F,0.04,WIN,82-83°F
"Chicago, US",2026-08-12,28.13,28,modifisert,28.06,F,0.07,WIN,82-83°F
"Chicago, US",2026-08-12,28.1,26,p5,28.06,F,0.04,LOSS,82-83°F
"Chicago, US",2026-08-12,28.1,27,sigma,28.06,F,0.04,LOSS,82-83°F
"Chongqing, CN",2026-08-12,34.2,34,mean,36.0,C,-1.8,LOSS,36.0°C
"Chongqing, CN",2026-08-12,34.8,37,modifisert,36.0,C,-1.2,LOSS,36.0°C
"Chongqing, CN",2026-08-12,34.2,33,p5,36.0,C,-1.8,LOSS,36.0°C
"Chongqing, CN",2026-08-12,34.2,33,sigma,36.0,C,-1.8,LOSS,36.0°C
"Dallas, US",2026-08-12,38.8,39,mean,38.06,F,0.74,LOSS,100-101°F
"Dallas, US",2026-08-12,38.61,38,modifisert,38.06,F,0.55,WIN,100-101°F
"Dallas, US",2026-08-12,38.8,38,p5,38.06,F,0.74,WIN,100-101°F
"Dallas, US",2026-08-12,38.8,38,sigma,38.06,F,0.74,WIN,100-101°F
"Denver, US",2026-08-12,34.2,34,mean,33.61,F,0.59,LOSS,92-93°F
"Denver, US",2026-08-12,33.41,35,modifisert,33.61,F,-0.2,LOSS,92-93°F
"Denver, US",2026-08-12,34.2,32,p5,33.61,F,0.59,LOSS,92-93°F
"Denver, US",2026-08-12,34.2,33,sigma,33.61,F,0.59,LOSS,92-93°F
"Guangzhou, CN",2026-08-12,36.5,36,mean,39.0,C,-2.5,LOSS,39.0°C
"Guangzhou, CN",2026-08-12,36.5,39,modifisert,39.0,C,-2.5,WIN,39.0°C
"Guangzhou, CN",2026-08-12,36.5,35,p5,39.0,C,-2.5,LOSS,39.0°C
"Guangzhou, CN",2026-08-12,36.5,35,sigma,39.0,C,-2.5,LOSS,39.0°C
"Helsinki, FI",2026-08-12,17.7,18,mean,17.0,C,0.7,LOSS,17.0°C
"Helsinki, FI",2026-08-12,17.52,18,modifisert,17.0,C,0.52,LOSS,17.0°C
"Helsinki, FI",2026-08-12,17.7,17,p5,17.0,C,0.7,WIN,17.0°C
"Helsinki, FI",2026-08-12,17.7,17,sigma,17.0,C,0.7,WIN,17.0°C
"Hong Kong, HK",2026-08-12,33.0,33,mean,34.0,C,-1.0,LOSS,34.0°C
"Hong Kong, HK",2026-08-12,33.09,34,modifisert,34.0,C,-0.91,WIN,34.0°C
"Hong Kong, HK",2026-08-12,33.0,31,p5,34.0,C,-1.0,LOSS,34.0°C
"Hong Kong, HK",2026-08-12,33.0,32,sigma,34.0,C,-1.0,LOSS,34.0°C
"Houston, US",2026-08-12,34.4,34,mean,34.72,F,-0.32,LOSS,94-95°F
"Houston, US",2026-08-12,34.65,34,modifisert,34.72,F,-0.07,LOSS,94-95°F
"Houston, US",2026-08-12,34.4,33,p5,34.72,F,-0.32,LOSS,94-95°F
"Houston, US",2026-08-12,34.4,33,sigma,34.72,F,-0.32,LOSS,94-95°F
"Istanbul, TR",2026-08-12,27.7,28,mean,28.0,C,-0.3,WIN,28.0°C
"Istanbul, TR",2026-08-12,28.62,29,modifisert,28.0,C,0.62,LOSS,28.0°C
"Istanbul, TR",2026-08-12,27.7,25,p5,28.0,C,-0.3,LOSS,28.0°C
"Istanbul, TR",2026-08-12,27.7,26,sigma,28.0,C,-0.3,LOSS,28.0°C
"Jeddah, SA",2026-08-12,38.9,39,mean,39.0,C,-0.1,WIN,39.0°C
"Jeddah, SA",2026-08-12,38.87,39,modifisert,39.0,C,-0.13,WIN,39.0°C
"Jeddah, SA",2026-08-12,38.9,35,p5,39.0,C,-0.1,LOSS,39.0°C
"Jeddah, SA",2026-08-12,38.9,37,sigma,39.0,C,-0.1,LOSS,39.0°C
"Jinan, CN",2026-08-12,28.9,29,mean,,C,,WIN,26°C or higher
"Jinan, CN",2026-08-12,28.9,28,modifisert,,C,,WIN,26°C or higher
"Jinan, CN",2026-08-12,28.9,26,p5,,C,,WIN,26°C or higher
"Jinan, CN",2026-08-12,28.9,27,sigma,,C,,WIN,26°C or higher
"Karachi, PK",2026-08-12,32.7,33,mean,33.0,C,-0.3,WIN,33.0°C
"Karachi, PK",2026-08-12,32.68,33,modifisert,33.0,C,-0.32,WIN,33.0°C
"Karachi, PK",2026-08-12,32.7,31,p5,33.0,C,-0.3,LOSS,33.0°C
"Karachi, PK",2026-08-12,32.7,31,sigma,33.0,C,-0.3,LOSS,33.0°C
"Kuala Lumpur, MY",2026-08-12,32.3,32,mean,34.0,C,-1.7,LOSS,34.0°C
"Kuala Lumpur, MY",2026-08-12,33.39,34,modifisert,34.0,C,-0.61,WIN,34.0°C
"Kuala Lumpur, MY",2026-08-12,32.3,30,p5,34.0,C,-1.7,LOSS,34.0°C
"Kuala Lumpur, MY",2026-08-12,32.3,31,sigma,34.0,C,-1.7,LOSS,34.0°C
"London, UK",2026-08-12,31.0,31,mean,30.0,C,1.0,LOSS,30.0°C
"London, UK",2026-08-12,31.04,32,modifisert,30.0,C,1.04,LOSS,30.0°C
"London, UK",2026-08-12,31.0,30,p5,30.0,C,1.0,WIN,30.0°C
"London, UK",2026-08-12,31.0,30,sigma,30.0,C,1.0,WIN,30.0°C
"Los Angeles, US",2026-08-12,26.7,27,mean,24.72,F,1.98,LOSS,76-77°F
"Los Angeles, US",2026-08-12,25.61,25,modifisert,24.72,F,0.89,WIN,76-77°F
"Los Angeles, US",2026-08-12,26.7,23,p5,24.72,F,1.98,LOSS,76-77°F
"Los Angeles, US",2026-08-12,26.7,25,sigma,24.72,F,1.98,WIN,76-77°F
"Lucknow, IN",2026-08-12,35.8,36,mean,35.0,C,0.8,LOSS,35.0°C
"Lucknow, IN",2026-08-12,35.36,35,modifisert,35.0,C,0.36,WIN,35.0°C
"Lucknow, IN",2026-08-12,35.8,33,p5,35.0,C,0.8,LOSS,35.0°C
"Lucknow, IN",2026-08-12,35.8,34,sigma,35.0,C,0.8,LOSS,35.0°C
"Madrid, ES",2026-08-12,37.4,37,mean,38.0,C,-0.6,LOSS,38.0°C
"Madrid, ES",2026-08-12,37.54,39,modifisert,38.0,C,-0.46,LOSS,38.0°C
"Madrid, ES",2026-08-12,37.4,36,p5,38.0,C,-0.6,LOSS,38.0°C
"Madrid, ES",2026-08-12,37.4,37,sigma,38.0,C,-0.6,LOSS,38.0°C
"Manila, PH",2026-08-12,29.1,29,mean,30.0,C,-0.9,LOSS,30.0°C
"Manila, PH",2026-08-12,29.52,30,modifisert,30.0,C,-0.48,WIN,30.0°C
"Manila, PH",2026-08-12,29.1,28,p5,30.0,C,-0.9,LOSS,30.0°C
"Manila, PH",2026-08-12,29.1,28,sigma,30.0,C,-0.9,LOSS,30.0°C
"Mexico City, MX",2026-08-12,24.7,25,mean,25.0,C,-0.3,WIN,25.0°C
"Mexico City, MX",2026-08-12,25.08,25,modifisert,25.0,C,0.08,WIN,25.0°C
"Mexico City, MX",2026-08-12,24.7,22,p5,25.0,C,-0.3,LOSS,25.0°C
"Mexico City, MX",2026-08-12,24.7,23,sigma,25.0,C,-0.3,LOSS,25.0°C
"Miami, US",2026-08-12,33.1,33,mean,33.61,F,-0.51,LOSS,92-93°F
"Miami, US",2026-08-12,34.04,35,modifisert,33.61,F,0.43,LOSS,92-93°F
"Miami, US",2026-08-12,33.1,32,p5,33.61,F,-0.51,LOSS,92-93°F
"Miami, US",2026-08-12,33.1,32,sigma,33.61,F,-0.51,LOSS,92-93°F
"Milan, IT",2026-08-12,34.8,35,mean,36.0,C,-1.2,LOSS,36.0°C
"Milan, IT",2026-08-12,35.4,36,modifisert,36.0,C,-0.6,WIN,36.0°C
"Milan, IT",2026-08-12,34.8,31,p5,36.0,C,-1.2,LOSS,36.0°C
"Milan, IT",2026-08-12,34.8,33,sigma,36.0,C,-1.2,LOSS,36.0°C
"Moscow, RU",2026-08-12,17.5,18,mean,18.0,C,-0.5,WIN,18.0°C
"Moscow, RU",2026-08-12,17.4,18,modifisert,18.0,C,-0.6,WIN,18.0°C
"Moscow, RU",2026-08-12,17.5,16,p5,18.0,C,-0.5,LOSS,18.0°C
"Moscow, RU",2026-08-12,17.5,17,sigma,18.0,C,-0.5,LOSS,18.0°C
"Munich, DE",2026-08-12,28.4,28,mean,30.0,C,-1.6,LOSS,30.0°C
"Munich, DE",2026-08-12,29.4,32,modifisert,30.0,C,-0.6,LOSS,30.0°C
"Munich, DE",2026-08-12,28.4,27,p5,30.0,C,-1.6,LOSS,30.0°C
"Munich, DE",2026-08-12,28.4,27,sigma,30.0,C,-1.6,LOSS,30.0°C
"New York, US",2026-08-12,30.9,31,mean,30.28,F,0.62,LOSS,86-87°F
"New York, US",2026-08-12,30.66,31,modifisert,30.28,F,0.38,LOSS,86-87°F
"New York, US",2026-08-12,30.9,29,p5,30.28,F,0.62,LOSS,86-87°F
"New York, US",2026-08-12,30.9,30,sigma,30.28,F,0.62,WIN,86-87°F
"Panama City, PA",2026-08-12,32.0,32,mean,33.0,C,-1.0,LOSS,33.0°C
"Panama City, PA",2026-08-12,33.2,35,modifisert,33.0,C,0.2,LOSS,33.0°C
"Panama City, PA",2026-08-12,32.0,30,p5,33.0,C,-1.0,LOSS,33.0°C
"Panama City, PA",2026-08-12,32.0,31,sigma,33.0,C,-1.0,LOSS,33.0°C
"Paris, FR",2026-08-12,34.6,35,mean,35.0,C,-0.4,WIN,35.0°C
"Paris, FR",2026-08-12,34.97,35,modifisert,35.0,C,-0.03,WIN,35.0°C
"Paris, FR",2026-08-12,34.6,32,p5,35.0,C,-0.4,LOSS,35.0°C
"Paris, FR",2026-08-12,34.6,33,sigma,35.0,C,-0.4,LOSS,35.0°C
"Qingdao, CN",2026-08-12,30.8,31,mean,32.0,C,-1.2,LOSS,32.0°C
"Qingdao, CN",2026-08-12,31.0,32,modifisert,32.0,C,-1.0,WIN,32.0°C
"Qingdao, CN",2026-08-12,30.8,29,p5,32.0,C,-1.2,LOSS,32.0°C
"Qingdao, CN",2026-08-12,30.8,30,sigma,32.0,C,-1.2,LOSS,32.0°C
"San Francisco, US",2026-08-12,21.4,21,mean,22.5,F,-1.1,LOSS,72-73°F
"San Francisco, US",2026-08-12,20.94,22,modifisert,22.5,F,-1.56,LOSS,72-73°F
"San Francisco, US",2026-08-12,21.4,18,p5,22.5,F,-1.1,LOSS,72-73°F
"San Francisco, US",2026-08-12,21.4,19,sigma,22.5,F,-1.1,LOSS,72-73°F
"Sao Paulo, BR",2026-08-12,23.8,24,mean,24.0,C,-0.2,WIN,24.0°C
"Sao Paulo, BR",2026-08-12,24.69,25,modifisert,24.0,C,0.69,LOSS,24.0°C
"Sao Paulo, BR",2026-08-12,23.8,22,p5,24.0,C,-0.2,LOSS,24.0°C
"Sao Paulo, BR",2026-08-12,23.8,23,sigma,24.0,C,-0.2,LOSS,24.0°C
"Seattle, US",2026-08-12,24.3,24,mean,25.83,F,-1.53,LOSS,78-79°F
"Seattle, US",2026-08-12,25.14,26,modifisert,25.83,F,-0.69,WIN,78-79°F
"Seattle, US",2026-08-12,24.3,23,p5,25.83,F,-1.53,LOSS,78-79°F
"Seattle, US",2026-08-12,24.3,23,sigma,25.83,F,-1.53,LOSS,78-79°F
"Shanghai, CN",2026-08-12,27.7,28,mean,27.0,C,0.7,LOSS,27.0°C
"Shanghai, CN",2026-08-12,28.0,28,modifisert,27.0,C,1.0,LOSS,27.0°C
"Shanghai, CN",2026-08-12,27.7,26,p5,27.0,C,0.7,LOSS,27.0°C
"Shanghai, CN",2026-08-12,27.7,27,sigma,27.0,C,0.7,WIN,27.0°C
"Shenzhen, CN",2026-08-12,34.7,35,mean,36.0,C,-1.3,LOSS,36.0°C
"Shenzhen, CN",2026-08-12,35.18,35,modifisert,36.0,C,-0.82,LOSS,36.0°C
"Shenzhen, CN",2026-08-12,34.7,32,p5,36.0,C,-1.3,LOSS,36.0°C
"Shenzhen, CN",2026-08-12,34.7,33,sigma,36.0,C,-1.3,LOSS,36.0°C
"Singapore, SG",2026-08-12,31.5,32,mean,32.0,C,-0.5,WIN,32.0°C
"Singapore, SG",2026-08-12,32.11,33,modifisert,32.0,C,0.11,LOSS,32.0°C
"Singapore, SG",2026-08-12,31.5,30,p5,32.0,C,-0.5,LOSS,32.0°C
"Singapore, SG",2026-08-12,31.5,30,sigma,32.0,C,-0.5,LOSS,32.0°C
"Taipei, TW",2026-08-12,33.6,34,mean,36.0,C,-2.4,LOSS,36.0°C
"Taipei, TW",2026-08-12,33.6,36,modifisert,36.0,C,-2.4,WIN,36.0°C
"Taipei, TW",2026-08-12,33.6,31,p5,36.0,C,-2.4,LOSS,36.0°C
"Taipei, TW",2026-08-12,33.6,32,sigma,36.0,C,-2.4,LOSS,36.0°C
"Tel Aviv, IL",2026-08-12,35.5,36,mean,35.0,C,0.5,LOSS,35.0°C
"Tel Aviv, IL",2026-08-12,35.35,35,modifisert,35.0,C,0.35,WIN,35.0°C
"Tel Aviv, IL",2026-08-12,35.5,34,p5,35.0,C,0.5,LOSS,35.0°C
"Tel Aviv, IL",2026-08-12,35.5,34,sigma,35.0,C,0.5,LOSS,35.0°C
"Toronto, CA",2026-08-12,25.6,26,mean,27.0,C,-1.4,LOSS,27.0°C
"Toronto, CA",2026-08-12,25.71,26,modifisert,27.0,C,-1.29,LOSS,27.0°C
"Toronto, CA",2026-08-12,25.6,24,p5,27.0,C,-1.4,LOSS,27.0°C
"Toronto, CA",2026-08-12,25.6,24,sigma,27.0,C,-1.4,LOSS,27.0°C
"Warsaw, PL",2026-08-12,22.4,22,mean,22.0,C,0.4,WIN,22.0°C
"Warsaw, PL",2026-08-12,22.65,23,modifisert,22.0,C,0.65,LOSS,22.0°C
"Warsaw, PL",2026-08-12,22.4,20,p5,22.0,C,0.4,LOSS,22.0°C
"Warsaw, PL",2026-08-12,22.4,21,sigma,22.0,C,0.4,LOSS,22.0°C
"Wellington, NZ",2026-08-12,13.6,14,mean,14.0,C,-0.4,WIN,14.0°C
"Wellington, NZ",2026-08-12,13.57,14,modifisert,14.0,C,-0.43,WIN,14.0°C
"Wellington, NZ",2026-08-12,13.6,12,p5,14.0,C,-0.4,LOSS,14.0°C
"Wellington, NZ",2026-08-12,13.6,12,sigma,14.0,C,-0.4,LOSS,14.0°C
"Wuhan, CN",2026-08-12,29.3,29,mean,28.0,C,1.3,LOSS,28.0°C
"Wuhan, CN",2026-08-12,29.0,30,modifisert,28.0,C,1.0,LOSS,28.0°C
"Wuhan, CN",2026-08-12,29.3,28,p5,28.0,C,1.3,WIN,28.0°C
"Wuhan, CN",2026-08-12,29.3,28,sigma,28.0,C,1.3,WIN,28.0°C
"Zhengzhou, CN",2026-08-12,23.8,24,mean,25.0,C,-1.2,LOSS,25.0°C
"Zhengzhou, CN",2026-08-12,24.05,25,modifisert,25.0,C,-0.95,WIN,25.0°C
"Zhengzhou, CN",2026-08-12,23.8,23,p5,25.0,C,-1.2,LOSS,25.0°C
"Zhengzhou, CN",2026-08-12,23.8,23,sigma,25.0,C,-1.2,LOSS,25.0°C
"Amsterdam, NL",2026-08-13,31.7,32,mean,33.0,C,-1.3,LOSS,33.0°C
"Amsterdam, NL",2026-08-13,32.44,33,modifisert,33.0,C,-0.56,WIN,33.0°C
"Amsterdam, NL",2026-08-13,31.7,28,p5,33.0,C,-1.3,LOSS,33.0°C
"Amsterdam, NL",2026-08-13,31.7,30,sigma,33.0,C,-1.3,LOSS,33.0°C
"Ankara, TR",2026-08-13,29.5,30,mean,30.0,C,-0.5,WIN,30.0°C
"Ankara, TR",2026-08-13,30.17,31,modifisert,30.0,C,0.17,LOSS,30.0°C
"Ankara, TR",2026-08-13,29.5,28,p5,30.0,C,-0.5,LOSS,30.0°C
"Ankara, TR",2026-08-13,29.5,29,sigma,30.0,C,-0.5,LOSS,30.0°C
"Atlanta, US",2026-08-13,32.9,33,mean,34.72,F,-1.82,LOSS,94-95°F
"Atlanta, US",2026-08-13,33.92,35,modifisert,34.72,F,-0.8,WIN,94-95°F
"Atlanta, US",2026-08-13,32.9,30,p5,34.72,F,-1.82,LOSS,94-95°F
"Atlanta, US",2026-08-13,32.9,31,sigma,34.72,F,-1.82,LOSS,94-95°F
"Austin, US",2026-08-13,38.0,38,mean,39.17,F,-1.17,LOSS,102-103°F
"Austin, US",2026-08-13,38.16,39,modifisert,39.17,F,-1.01,WIN,102-103°F
"Austin, US",2026-08-13,38.0,37,p5,39.17,F,-1.17,LOSS,102-103°F
"Austin, US",2026-08-13,38.0,37,sigma,39.17,F,-1.17,LOSS,102-103°F
"Buenos Aires, AR",2026-08-13,9.9,10,mean,10.0,C,-0.1,WIN,10.0°C
"Buenos Aires, AR",2026-08-13,10.27,11,modifisert,10.0,C,0.27,LOSS,10.0°C
"Buenos Aires, AR",2026-08-13,9.9,8,p5,10.0,C,-0.1,LOSS,10.0°C
"Buenos Aires, AR",2026-08-13,9.9,9,sigma,10.0,C,-0.1,LOSS,10.0°C
"Busan, KR",2026-08-13,31.3,31,mean,32.0,C,-0.7,LOSS,32.0°C
"Busan, KR",2026-08-13,31.52,33,modifisert,32.0,C,-0.48,LOSS,32.0°C
"Busan, KR",2026-08-13,31.3,29,p5,32.0,C,-0.7,LOSS,32.0°C
"Busan, KR",2026-08-13,31.3,30,sigma,32.0,C,-0.7,LOSS,32.0°C
"Cape Town, ZA",2026-08-13,27.3,27,mean,28.0,C,-0.7,LOSS,28.0°C
"Cape Town, ZA",2026-08-13,28.94,30,modifisert,28.0,C,0.94,LOSS,28.0°C
"Cape Town, ZA",2026-08-13,27.3,24,p5,28.0,C,-0.7,LOSS,28.0°C
"Cape Town, ZA",2026-08-13,27.3,26,sigma,28.0,C,-0.7,LOSS,28.0°C
"Chicago, US",2026-08-13,26.2,26,mean,25.83,F,0.37,WIN,78-79°F
"Chicago, US",2026-08-13,26.18,26,modifisert,25.83,F,0.35,WIN,78-79°F
"Chicago, US",2026-08-13,26.2,25,p5,25.83,F,0.37,LOSS,78-79°F
"Chicago, US",2026-08-13,26.2,25,sigma,25.83,F,0.37,LOSS,78-79°F
"Dallas, US",2026-08-13,38.8,39,mean,38.06,F,0.74,LOSS,100-101°F
"Dallas, US",2026-08-13,38.69,38,modifisert,38.06,F,0.63,WIN,100-101°F
"Dallas, US",2026-08-13,38.8,38,p5,38.06,F,0.74,WIN,100-101°F
"Dallas, US",2026-08-13,38.8,38,sigma,38.06,F,0.74,WIN,100-101°F
"Denver, US",2026-08-13,25.6,26,mean,26.94,F,-1.34,LOSS,80-81°F
"Denver, US",2026-08-13,26.75,28,modifisert,26.94,F,-0.19,LOSS,80-81°F
"Denver, US",2026-08-13,25.6,24,p5,26.94,F,-1.34,LOSS,80-81°F
"Denver, US",2026-08-13,25.6,24,sigma,26.94,F,-1.34,LOSS,80-81°F
"Helsinki, FI",2026-08-13,19.7,20,mean,19.0,C,0.7,LOSS,19.0°C
"Helsinki, FI",2026-08-13,19.48,20,modifisert,19.0,C,0.48,LOSS,19.0°C
"Helsinki, FI",2026-08-13,19.7,18,p5,19.0,C,0.7,LOSS,19.0°C
"Helsinki, FI",2026-08-13,19.7,19,sigma,19.0,C,0.7,WIN,19.0°C
"Houston, US",2026-08-13,35.3,35,mean,34.72,F,0.58,WIN,94-95°F
"Houston, US",2026-08-13,35.61,35,modifisert,34.72,F,0.89,WIN,94-95°F
"Houston, US",2026-08-13,35.3,34,p5,34.72,F,0.58,LOSS,94-95°F
"Houston, US",2026-08-13,35.3,34,sigma,34.72,F,0.58,LOSS,94-95°F
"Istanbul, TR",2026-08-13,26.7,27,mean,27.0,C,-0.3,WIN,27.0°C
"Istanbul, TR",2026-08-13,27.13,28,modifisert,27.0,C,0.13,LOSS,27.0°C
"Istanbul, TR",2026-08-13,26.7,25,p5,27.0,C,-0.3,LOSS,27.0°C
"Istanbul, TR",2026-08-13,26.7,25,sigma,27.0,C,-0.3,LOSS,27.0°C
"Jeddah, SA",2026-08-13,39.5,40,mean,39.0,C,0.5,LOSS,39.0°C
"Jeddah, SA",2026-08-13,40.0,40,modifisert,39.0,C,1.0,LOSS,39.0°C
"Jeddah, SA",2026-08-13,39.5,36,p5,39.0,C,0.5,LOSS,39.0°C
"Jeddah, SA",2026-08-13,39.5,37,sigma,39.0,C,0.5,LOSS,39.0°C
"Karachi, PK",2026-08-13,32.6,33,mean,33.0,C,-0.4,WIN,33.0°C
"Karachi, PK",2026-08-13,32.86,33,modifisert,33.0,C,-0.14,WIN,33.0°C
"Karachi, PK",2026-08-13,32.6,31,p5,33.0,C,-0.4,LOSS,33.0°C
"Karachi, PK",2026-08-13,32.6,31,sigma,33.0,C,-0.4,LOSS,33.0°C
"London, UK",2026-08-13,35.3,35,mean,34.0,C,1.3,LOSS,34.0°C
"London, UK",2026-08-13,35.48,36,modifisert,34.0,C,1.48,LOSS,34.0°C
"London, UK",2026-08-13,35.3,34,p5,34.0,C,1.3,WIN,34.0°C
"London, UK",2026-08-13,35.3,34,sigma,34.0,C,1.3,WIN,34.0°C
"Los Angeles, US",2026-08-13,26.2,26,mean,24.72,F,1.48,LOSS,76-77°F
"Los Angeles, US",2026-08-13,24.87,24,modifisert,24.72,F,0.15,LOSS,76-77°F
"Los Angeles, US",2026-08-13,26.2,23,p5,24.72,F,1.48,LOSS,76-77°F
"Los Angeles, US",2026-08-13,26.2,24,sigma,24.72,F,1.48,LOSS,76-77°F
"Lucknow, IN",2026-08-13,34.9,35,mean,35.0,C,-0.1,WIN,35.0°C
"Lucknow, IN",2026-08-13,34.61,34,modifisert,35.0,C,-0.39,LOSS,35.0°C
"Lucknow, IN",2026-08-13,34.9,32,p5,35.0,C,-0.1,LOSS,35.0°C
"Lucknow, IN",2026-08-13,34.9,33,sigma,35.0,C,-0.1,LOSS,35.0°C
"Madrid, ES",2026-08-13,38.6,39,mean,40.0,C,-1.4,LOSS,40.0°C
"Madrid, ES",2026-08-13,38.58,40,modifisert,40.0,C,-1.42,WIN,40.0°C
"Madrid, ES",2026-08-13,38.6,38,p5,40.0,C,-1.4,LOSS,40.0°C
"Madrid, ES",2026-08-13,38.6,38,sigma,40.0,C,-1.4,LOSS,40.0°C
"Mexico City, MX",2026-08-13,25.3,25,mean,26.0,C,-0.7,LOSS,26.0°C
"Mexico City, MX",2026-08-13,25.88,26,modifisert,26.0,C,-0.12,WIN,26.0°C
"Mexico City, MX",2026-08-13,25.3,23,p5,26.0,C,-0.7,LOSS,26.0°C
"Mexico City, MX",2026-08-13,25.3,24,sigma,26.0,C,-0.7,LOSS,26.0°C
"Miami, US",2026-08-13,32.7,33,mean,34.72,F,-2.02,LOSS,94-95°F
"Miami, US",2026-08-13,33.2,34,modifisert,34.72,F,-1.52,LOSS,94-95°F
"Miami, US",2026-08-13,32.7,31,p5,34.72,F,-2.02,LOSS,94-95°F
"Miami, US",2026-08-13,32.7,32,sigma,34.72,F,-2.02,LOSS,94-95°F
"Milan, IT",2026-08-13,34.9,35,mean,35.0,C,-0.1,WIN,35.0°C
"Milan, IT",2026-08-13,35.02,35,modifisert,35.0,C,0.02,WIN,35.0°C
"Milan, IT",2026-08-13,34.9,32,p5,35.0,C,-0.1,LOSS,35.0°C
"Milan, IT",2026-08-13,34.9,33,sigma,35.0,C,-0.1,LOSS,35.0°C
"Moscow, RU",2026-08-13,15.0,15,mean,14.0,C,1.0,LOSS,14.0°C
"Moscow, RU",2026-08-13,14.66,15,modifisert,14.0,C,0.66,LOSS,14.0°C
"Moscow, RU",2026-08-13,15.0,14,p5,14.0,C,1.0,WIN,14.0°C
"Moscow, RU",2026-08-13,15.0,14,sigma,14.0,C,1.0,WIN,14.0°C
"Munich, DE",2026-08-13,28.9,29,mean,31.0,C,-2.1,LOSS,31.0°C
"Munich, DE",2026-08-13,29.9,32,modifisert,31.0,C,-1.1,LOSS,31.0°C
"Munich, DE",2026-08-13,28.9,27,p5,31.0,C,-2.1,LOSS,31.0°C
"Munich, DE",2026-08-13,28.9,28,sigma,31.0,C,-2.1,LOSS,31.0°C
"New York, US",2026-08-13,30.2,30,mean,30.28,F,-0.08,WIN,86-87°F
"New York, US",2026-08-13,30.37,30,modifisert,30.28,F,0.09,WIN,86-87°F
"New York, US",2026-08-13,30.2,29,p5,30.28,F,-0.08,LOSS,86-87°F
"New York, US",2026-08-13,30.2,29,sigma,30.28,F,-0.08,LOSS,86-87°F
"Panama City, PA",2026-08-13,32.2,32,mean,34.0,C,-1.8,LOSS,34.0°C
"Panama City, PA",2026-08-13,33.21,35,modifisert,34.0,C,-0.79,LOSS,34.0°C
"Panama City, PA",2026-08-13,32.2,30,p5,34.0,C,-1.8,LOSS,34.0°C
"Panama City, PA",2026-08-13,32.2,31,sigma,34.0,C,-1.8,LOSS,34.0°C
"Paris, FR",2026-08-13,36.6,37,mean,38.0,C,-1.4,LOSS,38.0°C
"Paris, FR",2026-08-13,37.49,37,modifisert,38.0,C,-0.51,LOSS,38.0°C
"Paris, FR",2026-08-13,36.6,35,p5,38.0,C,-1.4,LOSS,38.0°C
"Paris, FR",2026-08-13,36.6,35,sigma,38.0,C,-1.4,LOSS,38.0°C
"San Francisco, US",2026-08-13,19.3,19,mean,21.39,F,-2.09,LOSS,70-71°F
"San Francisco, US",2026-08-13,19.07,20,modifisert,21.39,F,-2.32,LOSS,70-71°F
"San Francisco, US",2026-08-13,19.3,17,p5,21.39,F,-2.09,LOSS,70-71°F
"San Francisco, US",2026-08-13,19.3,18,sigma,21.39,F,-2.09,LOSS,70-71°F
"Sao Paulo, BR",2026-08-13,28.8,29,mean,30.0,C,-1.2,LOSS,30.0°C
"Sao Paulo, BR",2026-08-13,29.59,30,modifisert,30.0,C,-0.41,WIN,30.0°C
"Sao Paulo, BR",2026-08-13,28.8,28,p5,30.0,C,-1.2,LOSS,30.0°C
"Sao Paulo, BR",2026-08-13,28.8,28,sigma,30.0,C,-1.2,LOSS,30.0°C
"Seattle, US",2026-08-13,26.1,26,mean,26.94,F,-0.84,LOSS,80-81°F
"Seattle, US",2026-08-13,26.35,27,modifisert,26.94,F,-0.59,WIN,80-81°F
"Seattle, US",2026-08-13,26.1,24,p5,26.94,F,-0.84,LOSS,80-81°F
"Seattle, US",2026-08-13,26.1,25,sigma,26.94,F,-0.84,LOSS,80-81°F
"Seoul (Incheon), KR",2026-08-13,29.8,30,mean,31.0,C,-1.2,LOSS,31.0°C
"Seoul (Incheon), KR",2026-08-13,29.98,31,modifisert,31.0,C,-1.02,WIN,31.0°C
"Seoul (Incheon), KR",2026-08-13,29.8,27,p5,31.0,C,-1.2,LOSS,31.0°C
"Seoul (Incheon), KR",2026-08-13,29.8,28,sigma,31.0,C,-1.2,LOSS,31.0°C
"Tel Aviv, IL",2026-08-13,33.7,34,mean,34.0,C,-0.3,WIN,34.0°C
"Tel Aviv, IL",2026-08-13,33.36,33,modifisert,34.0,C,-0.64,LOSS,34.0°C
"Tel Aviv, IL",2026-08-13,33.7,32,p5,34.0,C,-0.3,LOSS,34.0°C
"Tel Aviv, IL",2026-08-13,33.7,32,sigma,34.0,C,-0.3,LOSS,34.0°C
"Tokyo, JP",2026-08-13,28.4,28,mean,28.0,C,0.4,WIN,28.0°C
"Tokyo, JP",2026-08-13,27.74,28,modifisert,28.0,C,-0.26,WIN,28.0°C
"Tokyo, JP",2026-08-13,28.4,26,p5,28.0,C,0.4,LOSS,28.0°C
"Tokyo, JP",2026-08-13,28.4,27,sigma,28.0,C,0.4,LOSS,28.0°C
"Toronto, CA",2026-08-13,27.6,28,mean,28.0,C,-0.4,WIN,28.0°C
"Toronto, CA",2026-08-13,27.94,28,modifisert,28.0,C,-0.06,WIN,28.0°C
"Toronto, CA",2026-08-13,27.6,26,p5,28.0,C,-0.4,LOSS,28.0°C
"Toronto, CA",2026-08-13,27.6,26,sigma,28.0,C,-0.4,LOSS,28.0°C
"Warsaw, PL",2026-08-13,22.7,23,mean,23.0,C,-0.3,WIN,23.0°C
"Warsaw, PL",2026-08-13,22.83,23,modifisert,23.0,C,-0.17,WIN,23.0°C
"Warsaw, PL",2026-08-13,22.7,21,p5,23.0,C,-0.3,LOSS,23.0°C
"Warsaw, PL",2026-08-13,22.7,21,sigma,23.0,C,-0.3,LOSS,23.0°C
"Wellington, NZ",2026-08-13,14.0,14,mean,15.0,C,-1.0,LOSS,15.0°C
"Wellington, NZ",2026-08-13,14.35,15,modifisert,15.0,C,-0.65,WIN,15.0°C
"Wellington, NZ",2026-08-13,14.0,13,p5,15.0,C,-1.0,LOSS,15.0°C
"Wellington, NZ",2026-08-13,14.0,13,sigma,15.0,C,-1.0,LOSS,15.0°C
"Amsterdam, NL",2026-08-14,32.4,32,mean,34.0,C,-1.6,LOSS,34.0°C
"Amsterdam, NL",2026-08-14,32.99,34,modifisert,34.0,C,-1.01,WIN,34.0°C
"Amsterdam, NL",2026-08-14,32.4,30,p5,34.0,C,-1.6,LOSS,34.0°C
"Amsterdam, NL",2026-08-14,32.4,31,sigma,34.0,C,-1.6,LOSS,34.0°C
"Ankara, TR",2026-08-14,26.9,27,mean,27.0,C,-0.1,WIN,27.0°C
"Ankara, TR",2026-08-14,26.81,27,modifisert,27.0,C,-0.19,WIN,27.0°C
"Ankara, TR",2026-08-14,26.9,26,p5,27.0,C,-0.1,LOSS,27.0°C
"Ankara, TR",2026-08-14,26.9,26,sigma,27.0,C,-0.1,LOSS,27.0°C
"Atlanta, US",2026-08-14,33.5,34,mean,34.72,F,-1.22,LOSS,94-95°F
"Atlanta, US",2026-08-14,34.19,35,modifisert,34.72,F,-0.53,WIN,94-95°F
"Atlanta, US",2026-08-14,33.5,31,p5,34.72,F,-1.22,LOSS,94-95°F
"Atlanta, US",2026-08-14,33.5,32,sigma,34.72,F,-1.22,LOSS,94-95°F
"Austin, US",2026-08-14,35.4,35,mean,35.83,F,-0.43,LOSS,96-97°F
"Austin, US",2026-08-14,35.95,37,modifisert,35.83,F,0.12,LOSS,96-97°F
"Austin, US",2026-08-14,35.4,34,p5,35.83,F,-0.43,LOSS,96-97°F
"Austin, US",2026-08-14,35.4,34,sigma,35.83,F,-0.43,LOSS,96-97°F
"Beijing, CN",2026-08-14,31.1,31,mean,32.0,C,-0.9,LOSS,32.0°C
"Beijing, CN",2026-08-14,31.44,32,modifisert,32.0,C,-0.56,WIN,32.0°C
"Beijing, CN",2026-08-14,31.1,30,p5,32.0,C,-0.9,LOSS,32.0°C
"Beijing, CN",2026-08-14,31.1,30,sigma,32.0,C,-0.9,LOSS,32.0°C
"Buenos Aires, AR",2026-08-14,13.1,13,mean,14.0,C,-0.9,LOSS,14.0°C
"Buenos Aires, AR",2026-08-14,13.13,14,modifisert,14.0,C,-0.87,WIN,14.0°C
"Buenos Aires, AR",2026-08-14,13.1,12,p5,14.0,C,-0.9,LOSS,14.0°C
"Buenos Aires, AR",2026-08-14,13.1,12,sigma,14.0,C,-0.9,LOSS,14.0°C
"Busan, KR",2026-08-14,31.1,31,mean,32.0,C,-0.9,LOSS,32.0°C
"Busan, KR",2026-08-14,31.8,33,modifisert,32.0,C,-0.2,LOSS,32.0°C
"Busan, KR",2026-08-14,31.1,29,p5,32.0,C,-0.9,LOSS,32.0°C
"Busan, KR",2026-08-14,31.1,30,sigma,32.0,C,-0.9,LOSS,32.0°C
"Cape Town, ZA",2026-08-14,17.2,17,mean,17.0,C,0.2,WIN,17.0°C
"Cape Town, ZA",2026-08-14,18.49,19,modifisert,17.0,C,1.49,LOSS,17.0°C
"Cape Town, ZA",2026-08-14,17.2,16,p5,17.0,C,0.2,LOSS,17.0°C
"Cape Town, ZA",2026-08-14,17.2,16,sigma,17.0,C,0.2,LOSS,17.0°C
"Chengdu, CN",2026-08-14,34.4,34,mean,37.0,C,-2.6,LOSS,37.0°C
"Chengdu, CN",2026-08-14,35.62,37,modifisert,37.0,C,-1.38,WIN,37.0°C
"Chengdu, CN",2026-08-14,34.4,33,p5,37.0,C,-2.6,LOSS,37.0°C
"Chengdu, CN",2026-08-14,34.4,33,sigma,37.0,C,-2.6,LOSS,37.0°C
"Chicago, US",2026-08-14,25.8,26,mean,26.94,F,-1.14,LOSS,80-81°F
"Chicago, US",2026-08-14,25.98,26,modifisert,26.94,F,-0.96,LOSS,80-81°F
"Chicago, US",2026-08-14,25.8,24,p5,26.94,F,-1.14,LOSS,80-81°F
"Chicago, US",2026-08-14,25.8,25,sigma,26.94,F,-1.14,LOSS,80-81°F
"Chongqing, CN",2026-08-14,33.6,34,mean,36.0,C,-2.4,LOSS,36.0°C
"Chongqing, CN",2026-08-14,34.5,36,modifisert,36.0,C,-1.5,WIN,36.0°C
"Chongqing, CN",2026-08-14,33.6,33,p5,36.0,C,-2.4,LOSS,36.0°C
"Chongqing, CN",2026-08-14,33.6,33,sigma,36.0,C,-2.4,LOSS,36.0°C
"Dallas, US",2026-08-14,38.4,38,mean,38.06,F,0.34,WIN,100-101°F
"Dallas, US",2026-08-14,38.08,37,modifisert,38.06,F,0.02,LOSS,100-101°F
"Dallas, US",2026-08-14,38.4,37,p5,38.06,F,0.34,LOSS,100-101°F
"Dallas, US",2026-08-14,38.4,37,sigma,38.06,F,0.34,LOSS,100-101°F
"Denver, US",2026-08-14,28.6,29,mean,30.28,F,-1.68,LOSS,86-87°F
"Denver, US",2026-08-14,29.74,31,modifisert,30.28,F,-0.54,LOSS,86-87°F
"Denver, US",2026-08-14,28.6,27,p5,30.28,F,-1.68,LOSS,86-87°F
"Denver, US",2026-08-14,28.6,27,sigma,30.28,F,-1.68,LOSS,86-87°F
"Guangzhou, CN",2026-08-14,29.6,30,mean,34.0,C,-4.4,LOSS,34.0°C
"Guangzhou, CN",2026-08-14,29.6,32,modifisert,34.0,C,-4.4,LOSS,34.0°C
"Guangzhou, CN",2026-08-14,29.6,28,p5,34.0,C,-4.4,LOSS,34.0°C
"Guangzhou, CN",2026-08-14,29.6,28,sigma,34.0,C,-4.4,LOSS,34.0°C
"Helsinki, FI",2026-08-14,19.7,20,mean,20.0,C,-0.3,WIN,20.0°C
"Helsinki, FI",2026-08-14,19.99,21,modifisert,20.0,C,-0.01,LOSS,20.0°C
"Helsinki, FI",2026-08-14,19.7,18,p5,20.0,C,-0.3,LOSS,20.0°C
"Helsinki, FI",2026-08-14,19.7,18,sigma,20.0,C,-0.3,LOSS,20.0°C
"Hong Kong, HK",2026-08-14,29.1,29,mean,30.0,C,-0.9,LOSS,30.0°C
"Hong Kong, HK",2026-08-14,29.59,30,modifisert,30.0,C,-0.41,WIN,30.0°C
"Hong Kong, HK",2026-08-14,29.1,28,p5,30.0,C,-0.9,LOSS,30.0°C
"Hong Kong, HK",2026-08-14,29.1,28,sigma,30.0,C,-0.9,LOSS,30.0°C
"Houston, US",2026-08-14,34.0,34,mean,33.61,F,0.39,LOSS,92-93°F
"Houston, US",2026-08-14,33.97,34,modifisert,33.61,F,0.36,LOSS,92-93°F
"Houston, US",2026-08-14,34.0,32,p5,33.61,F,0.39,LOSS,92-93°F
"Houston, US",2026-08-14,34.0,33,sigma,33.61,F,0.39,LOSS,92-93°F
"Istanbul, TR",2026-08-14,25.0,25,mean,27.0,C,-2.0,LOSS,27.0°C
"Istanbul, TR",2026-08-14,25.38,26,modifisert,27.0,C,-1.62,LOSS,27.0°C
"Istanbul, TR",2026-08-14,25.0,23,p5,27.0,C,-2.0,LOSS,27.0°C
"Istanbul, TR",2026-08-14,25.0,24,sigma,27.0,C,-2.0,LOSS,27.0°C
"Jeddah, SA",2026-08-14,38.6,39,mean,39.0,C,-0.4,WIN,39.0°C
"Jeddah, SA",2026-08-14,38.7,39,modifisert,39.0,C,-0.3,WIN,39.0°C
"Jeddah, SA",2026-08-14,38.6,35,p5,39.0,C,-0.4,LOSS,39.0°C
"Jeddah, SA",2026-08-14,38.6,37,sigma,39.0,C,-0.4,LOSS,39.0°C
"Jinan, CN",2026-08-14,30.0,30,mean,,C,,WIN,26°C or higher
"Jinan, CN",2026-08-14,30.0,29,modifisert,,C,,WIN,26°C or higher
"Jinan, CN",2026-08-14,30.0,28,p5,,C,,WIN,26°C or higher
"Jinan, CN",2026-08-14,30.0,29,sigma,,C,,WIN,26°C or higher
"Karachi, PK",2026-08-14,31.9,32,mean,32.0,C,-0.1,WIN,32.0°C
"Karachi, PK",2026-08-14,31.98,32,modifisert,32.0,C,-0.02,WIN,32.0°C
"Karachi, PK",2026-08-14,31.9,30,p5,32.0,C,-0.1,LOSS,32.0°C
"Karachi, PK",2026-08-14,31.9,31,sigma,32.0,C,-0.1,LOSS,32.0°C
"Kuala Lumpur, MY",2026-08-14,30.2,30,mean,33.0,C,-2.8,LOSS,33.0°C
"Kuala Lumpur, MY",2026-08-14,33.05,34,modifisert,33.0,C,0.05,LOSS,33.0°C
"Kuala Lumpur, MY",2026-08-14,30.2,27,p5,33.0,C,-2.8,LOSS,33.0°C
"Kuala Lumpur, MY",2026-08-14,30.2,28,sigma,33.0,C,-2.8,LOSS,33.0°C
"London, UK",2026-08-14,33.2,33,mean,34.0,C,-0.8,LOSS,34.0°C
"London, UK",2026-08-14,33.47,34,modifisert,34.0,C,-0.53,WIN,34.0°C
"London, UK",2026-08-14,33.2,32,p5,34.0,C,-0.8,LOSS,34.0°C
"London, UK",2026-08-14,33.2,32,sigma,34.0,C,-0.8,LOSS,34.0°C
"Los Angeles, US",2026-08-14,26.0,26,mean,25.83,F,0.17,WIN,78-79°F
"Los Angeles, US",2026-08-14,25.21,25,modifisert,25.83,F,-0.62,LOSS,78-79°F
"Los Angeles, US",2026-08-14,26.0,24,p5,25.83,F,0.17,LOSS,78-79°F
"Los Angeles, US",2026-08-14,26.0,24,sigma,25.83,F,0.17,LOSS,78-79°F
"Lucknow, IN",2026-08-14,32.8,33,mean,34.0,C,-1.2,LOSS,34.0°C
"Lucknow, IN",2026-08-14,32.95,33,modifisert,34.0,C,-1.05,LOSS,34.0°C
"Lucknow, IN",2026-08-14,32.8,31,p5,34.0,C,-1.2,LOSS,34.0°C
"Lucknow, IN",2026-08-14,32.8,31,sigma,34.0,C,-1.2,LOSS,34.0°C
"Madrid, ES",2026-08-14,36.9,37,mean,39.0,C,-2.1,LOSS,39.0°C
"Madrid, ES",2026-08-14,36.55,38,modifisert,39.0,C,-2.45,LOSS,39.0°C
"Madrid, ES",2026-08-14,36.9,36,p5,39.0,C,-2.1,LOSS,39.0°C
"Madrid, ES",2026-08-14,36.9,36,sigma,39.0,C,-2.1,LOSS,39.0°C
"Manila, PH",2026-08-14,30.2,30,mean,28.0,C,2.2,LOSS,28.0°C
"Manila, PH",2026-08-14,29.6,30,modifisert,28.0,C,1.6,LOSS,28.0°C
"Manila, PH",2026-08-14,30.2,28,p5,28.0,C,2.2,WIN,28.0°C
"Manila, PH",2026-08-14,30.2,29,sigma,28.0,C,2.2,LOSS,28.0°C
"Mexico City, MX",2026-08-14,25.6,26,mean,26.0,C,-0.4,WIN,26.0°C
"Mexico City, MX",2026-08-14,26.11,26,modifisert,26.0,C,0.11,WIN,26.0°C
"Mexico City, MX",2026-08-14,25.6,23,p5,26.0,C,-0.4,LOSS,26.0°C
"Mexico City, MX",2026-08-14,25.6,24,sigma,26.0,C,-0.4,LOSS,26.0°C
"Miami, US",2026-08-14,33.2,33,mean,34.72,F,-1.52,LOSS,94-95°F
"Miami, US",2026-08-14,34.04,35,modifisert,34.72,F,-0.68,WIN,94-95°F
"Miami, US",2026-08-14,33.2,32,p5,34.72,F,-1.52,LOSS,94-95°F
"Miami, US",2026-08-14,33.2,32,sigma,34.72,F,-1.52,LOSS,94-95°F
"Milan, IT",2026-08-14,34.1,34,mean,34.0,C,0.1,WIN,34.0°C
"Milan, IT",2026-08-14,34.02,34,modifisert,34.0,C,0.02,WIN,34.0°C
"Milan, IT",2026-08-14,34.1,32,p5,34.0,C,0.1,LOSS,34.0°C
"Milan, IT",2026-08-14,34.1,33,sigma,34.0,C,0.1,LOSS,34.0°C
"Moscow, RU",2026-08-14,17.0,17,mean,18.0,C,-1.0,LOSS,18.0°C
"Moscow, RU",2026-08-14,17.13,17,modifisert,18.0,C,-0.87,LOSS,18.0°C
"Moscow, RU",2026-08-14,17.0,16,p5,18.0,C,-1.0,LOSS,18.0°C
"Moscow, RU",2026-08-14,17.0,16,sigma,18.0,C,-1.0,LOSS,18.0°C
"Munich, DE",2026-08-14,30.4,30,mean,33.0,C,-2.6,LOSS,33.0°C
"Munich, DE",2026-08-14,31.5,34,modifisert,33.0,C,-1.5,LOSS,33.0°C
"Munich, DE",2026-08-14,30.4,28,p5,33.0,C,-2.6,LOSS,33.0°C
"Munich, DE",2026-08-14,30.4,29,sigma,33.0,C,-2.6,LOSS,33.0°C
"New York, US",2026-08-14,29.8,30,mean,30.28,F,-0.48,WIN,86-87°F
"New York, US",2026-08-14,29.96,30,modifisert,30.28,F,-0.32,WIN,86-87°F
"New York, US",2026-08-14,29.8,29,p5,30.28,F,-0.48,LOSS,86-87°F
"New York, US",2026-08-14,29.8,29,sigma,30.28,F,-0.48,LOSS,86-87°F
"Panama City, PA",2026-08-14,31.6,32,mean,33.0,C,-1.4,LOSS,33.0°C
"Panama City, PA",2026-08-14,32.75,34,modifisert,33.0,C,-0.25,LOSS,33.0°C
"Panama City, PA",2026-08-14,31.6,30,p5,33.0,C,-1.4,LOSS,33.0°C
"Panama City, PA",2026-08-14,31.6,30,sigma,33.0,C,-1.4,LOSS,33.0°C
"Paris, FR",2026-08-14,38.0,38,mean,39.0,C,-1.0,LOSS,39.0°C
"Paris, FR",2026-08-14,38.3,38,modifisert,39.0,C,-0.7,LOSS,39.0°C
"Paris, FR",2026-08-14,38.0,37,p5,39.0,C,-1.0,LOSS,39.0°C
"Paris, FR",2026-08-14,38.0,37,sigma,39.0,C,-1.0,LOSS,39.0°C
"Qingdao, CN",2026-08-14,30.4,30,mean,33.0,C,-2.6,LOSS,33.0°C
"Qingdao, CN",2026-08-14,31.73,33,modifisert,33.0,C,-1.27,WIN,33.0°C
"Qingdao, CN",2026-08-14,30.4,28,p5,33.0,C,-2.6,LOSS,33.0°C
"Qingdao, CN",2026-08-14,30.4,29,sigma,33.0,C,-2.6,LOSS,33.0°C
"San Francisco, US",2026-08-14,19.5,20,mean,21.39,F,-1.89,LOSS,70-71°F
"San Francisco, US",2026-08-14,19.5,20,modifisert,21.39,F,-1.89,LOSS,70-71°F
"San Francisco, US",2026-08-14,19.5,17,p5,21.39,F,-1.89,LOSS,70-71°F
"San Francisco, US",2026-08-14,19.5,18,sigma,21.39,F,-1.89,LOSS,70-71°F
"Sao Paulo, BR",2026-08-14,24.9,25,mean,26.0,C,-1.1,LOSS,26.0°C
"Sao Paulo, BR",2026-08-14,24.78,25,modifisert,26.0,C,-1.22,LOSS,26.0°C
"Sao Paulo, BR",2026-08-14,24.9,22,p5,26.0,C,-1.1,LOSS,26.0°C
"Sao Paulo, BR",2026-08-14,24.9,23,sigma,26.0,C,-1.1,LOSS,26.0°C
"Seattle, US",2026-08-14,26.0,26,mean,24.72,F,1.28,LOSS,76-77°F
"Seattle, US",2026-08-14,25.52,26,modifisert,24.72,F,0.8,LOSS,76-77°F
"Seattle, US",2026-08-14,26.0,24,p5,24.72,F,1.28,LOSS,76-77°F
"Seattle, US",2026-08-14,26.0,25,sigma,24.72,F,1.28,WIN,76-77°F
"Seoul (Incheon), KR",2026-08-14,29.2,29,mean,30.0,C,-0.8,LOSS,30.0°C
"Seoul (Incheon), KR",2026-08-14,29.78,31,modifisert,30.0,C,-0.22,LOSS,30.0°C
"Seoul (Incheon), KR",2026-08-14,29.2,27,p5,30.0,C,-0.8,LOSS,30.0°C
"Seoul (Incheon), KR",2026-08-14,29.2,28,sigma,30.0,C,-0.8,LOSS,30.0°C
"Shanghai, CN",2026-08-14,27.4,27,mean,28.0,C,-0.6,LOSS,28.0°C
"Shanghai, CN",2026-08-14,28.1,29,modifisert,28.0,C,0.1,LOSS,28.0°C
"Shanghai, CN",2026-08-14,27.4,26,p5,28.0,C,-0.6,LOSS,28.0°C
"Shanghai, CN",2026-08-14,27.4,27,sigma,28.0,C,-0.6,LOSS,28.0°C
"Shenzhen, CN",2026-08-14,29.7,30,mean,30.0,C,-0.3,WIN,30.0°C
"Shenzhen, CN",2026-08-14,29.53,30,modifisert,30.0,C,-0.47,WIN,30.0°C
"Shenzhen, CN",2026-08-14,29.7,28,p5,30.0,C,-0.3,LOSS,30.0°C
"Shenzhen, CN",2026-08-14,29.7,28,sigma,30.0,C,-0.3,LOSS,30.0°C
"Singapore, SG",2026-08-14,31.7,32,mean,33.0,C,-1.3,LOSS,33.0°C
"Singapore, SG",2026-08-14,32.62,33,modifisert,33.0,C,-0.38,WIN,33.0°C
"Singapore, SG",2026-08-14,31.7,30,p5,33.0,C,-1.3,LOSS,33.0°C
"Singapore, SG",2026-08-14,31.7,31,sigma,33.0,C,-1.3,LOSS,33.0°C
"Taipei, TW",2026-08-14,33.6,34,mean,37.0,C,-3.4,LOSS,37.0°C
"Taipei, TW",2026-08-14,33.6,36,modifisert,37.0,C,-3.4,LOSS,37.0°C
"Taipei, TW",2026-08-14,33.6,32,p5,37.0,C,-3.4,LOSS,37.0°C
"Taipei, TW",2026-08-14,33.6,32,sigma,37.0,C,-3.4,LOSS,37.0°C
"Tel Aviv, IL",2026-08-14,33.0,33,mean,32.0,C,1.0,LOSS,32.0°C
"Tel Aviv, IL",2026-08-14,32.72,32,modifisert,32.0,C,0.72,WIN,32.0°C
"Tel Aviv, IL",2026-08-14,33.0,32,p5,32.0,C,1.0,WIN,32.0°C
"Tel Aviv, IL",2026-08-14,33.0,32,sigma,32.0,C,1.0,WIN,32.0°C
"Tokyo, JP",2026-08-14,27.1,27,mean,31.0,C,-3.9,LOSS,31.0°C
"Tokyo, JP",2026-08-14,28.94,29,modifisert,31.0,C,-2.06,LOSS,31.0°C
"Tokyo, JP",2026-08-14,27.1,25,p5,31.0,C,-3.9,LOSS,31.0°C
"Tokyo, JP",2026-08-14,27.1,26,sigma,31.0,C,-3.9,LOSS,31.0°C
"Toronto, CA",2026-08-14,27.3,27,mean,27.0,C,0.3,WIN,27.0°C
"Toronto, CA",2026-08-14,27.72,28,modifisert,27.0,C,0.72,LOSS,27.0°C
"Toronto, CA",2026-08-14,27.3,25,p5,27.0,C,0.3,LOSS,27.0°C
"Toronto, CA",2026-08-14,27.3,26,sigma,27.0,C,0.3,LOSS,27.0°C
"Warsaw, PL",2026-08-14,25.8,26,mean,26.0,C,-0.2,WIN,26.0°C
"Warsaw, PL",2026-08-14,26.26,26,modifisert,26.0,C,0.26,WIN,26.0°C
"Warsaw, PL",2026-08-14,25.8,24,p5,26.0,C,-0.2,LOSS,26.0°C
"Warsaw, PL",2026-08-14,25.8,24,sigma,26.0,C,-0.2,LOSS,26.0°C
"Wellington, NZ",2026-08-14,13.9,14,mean,13.0,C,0.9,LOSS,13.0°C
"Wellington, NZ",2026-08-14,14.56,15,modifisert,13.0,C,1.56,LOSS,13.0°C
"Wellington, NZ",2026-08-14,13.9,12,p5,13.0,C,0.9,LOSS,13.0°C
"Wellington, NZ",2026-08-14,13.9,13,sigma,13.0,C,0.9,WIN,13.0°C
"Wuhan, CN",2026-08-14,28.6,29,mean,30.0,C,-1.4,LOSS,30.0°C
"Wuhan, CN",2026-08-14,28.66,29,modifisert,30.0,C,-1.34,LOSS,30.0°C
"Wuhan, CN",2026-08-14,28.6,26,p5,30.0,C,-1.4,LOSS,30.0°C
"Wuhan, CN",2026-08-14,28.6,27,sigma,30.0,C,-1.4,LOSS,30.0°C
"Zhengzhou, CN",2026-08-14,26.1,26,mean,29.0,C,-2.9,LOSS,29.0°C
"Zhengzhou, CN",2026-08-14,27.13,28,modifisert,29.0,C,-1.87,LOSS,29.0°C
"Zhengzhou, CN",2026-08-14,26.1,25,p5,29.0,C,-2.9,LOSS,29.0°C
"Zhengzhou, CN",2026-08-14,26.1,25,sigma,29.0,C,-2.9,LOSS,29.0°C
"Amsterdam, NL",2026-08-15,24.0,24,mean,23.0,C,1.0,LOSS,23.0°C
"Amsterdam, NL",2026-08-15,23.95,25,modifisert,23.0,C,0.95,LOSS,23.0°C
"Amsterdam, NL",2026-08-15,24.0,22,p5,23.0,C,1.0,LOSS,23.0°C
"Amsterdam, NL",2026-08-15,24.0,23,sigma,23.0,C,1.0,WIN,23.0°C
"Ankara, TR",2026-08-15,25.5,26,mean,26.0,C,-0.5,WIN,26.0°C
"Ankara, TR",2026-08-15,25.35,26,modifisert,26.0,C,-0.65,WIN,26.0°C
"Ankara, TR",2026-08-15,25.5,24,p5,26.0,C,-0.5,LOSS,26.0°C
"Ankara, TR",2026-08-15,25.5,25,sigma,26.0,C,-0.5,LOSS,26.0°C
"Atlanta, US",2026-08-15,34.0,34,mean,34.72,F,-0.72,LOSS,94-95°F
"Atlanta, US",2026-08-15,34.62,35,modifisert,34.72,F,-0.1,WIN,94-95°F
"Atlanta, US",2026-08-15,34.0,32,p5,34.72,F,-0.72,LOSS,94-95°F
"Atlanta, US",2026-08-15,34.0,33,sigma,34.72,F,-0.72,LOSS,94-95°F
"Austin, US",2026-08-15,37.6,38,mean,39.17,F,-1.57,LOSS,102-103°F
"Austin, US",2026-08-15,38.06,39,modifisert,39.17,F,-1.11,WIN,102-103°F
"Austin, US",2026-08-15,37.6,36,p5,39.17,F,-1.57,LOSS,102-103°F
"Austin, US",2026-08-15,37.6,37,sigma,39.17,F,-1.57,LOSS,102-103°F
"Beijing, CN",2026-08-15,29.9,30,mean,29.0,C,0.9,LOSS,29.0°C
"Beijing, CN",2026-08-15,29.49,30,modifisert,29.0,C,0.49,LOSS,29.0°C
"Beijing, CN",2026-08-15,29.9,28,p5,29.0,C,0.9,LOSS,29.0°C
"Beijing, CN",2026-08-15,29.9,28,sigma,29.0,C,0.9,LOSS,29.0°C
"Buenos Aires, AR",2026-08-15,15.6,16,mean,16.0,C,-0.4,WIN,16.0°C
"Buenos Aires, AR",2026-08-15,15.87,17,modifisert,16.0,C,-0.13,LOSS,16.0°C
"Buenos Aires, AR",2026-08-15,15.6,13,p5,16.0,C,-0.4,LOSS,16.0°C
"Buenos Aires, AR",2026-08-15,15.6,13,sigma,16.0,C,-0.4,LOSS,16.0°C
"Busan, KR",2026-08-15,30.2,30,mean,32.0,C,-1.8,LOSS,32.0°C
"Busan, KR",2026-08-15,31.54,33,modifisert,32.0,C,-0.46,LOSS,32.0°C
"Busan, KR",2026-08-15,30.2,28,p5,32.0,C,-1.8,LOSS,32.0°C
"Busan, KR",2026-08-15,30.2,29,sigma,32.0,C,-1.8,LOSS,32.0°C
"Cape Town, ZA",2026-08-15,17.9,18,mean,17.0,C,0.9,LOSS,17.0°C
"Cape Town, ZA",2026-08-15,17.81,18,modifisert,17.0,C,0.81,LOSS,17.0°C
"Cape Town, ZA",2026-08-15,17.9,15,p5,17.0,C,0.9,LOSS,17.0°C
"Cape Town, ZA",2026-08-15,17.9,16,sigma,17.0,C,0.9,LOSS,17.0°C
"Chengdu, CN",2026-08-15,34.8,35,mean,37.0,C,-2.2,LOSS,37.0°C
"Chengdu, CN",2026-08-15,35.54,37,modifisert,37.0,C,-1.46,WIN,37.0°C
"Chengdu, CN",2026-08-15,34.8,33,p5,37.0,C,-2.2,LOSS,37.0°C
"Chengdu, CN",2026-08-15,34.8,33,sigma,37.0,C,-2.2,LOSS,37.0°C
"Chicago, US",2026-08-15,27.1,27,mean,25.83,F,1.27,LOSS,78-79°F
"Chicago, US",2026-08-15,26.3,26,modifisert,25.83,F,0.47,WIN,78-79°F
"Chicago, US",2026-08-15,27.1,25,p5,25.83,F,1.27,LOSS,78-79°F
"Chicago, US",2026-08-15,27.1,26,sigma,25.83,F,1.27,WIN,78-79°F
"Chongqing, CN",2026-08-15,34.7,35,mean,36.0,C,-1.3,LOSS,36.0°C
"Chongqing, CN",2026-08-15,35.9,38,modifisert,36.0,C,-0.1,LOSS,36.0°C
"Chongqing, CN",2026-08-15,34.7,33,p5,36.0,C,-1.3,LOSS,36.0°C
"Chongqing, CN",2026-08-15,34.7,33,sigma,36.0,C,-1.3,LOSS,36.0°C
"Dallas, US",2026-08-15,38.3,38,mean,38.06,F,0.24,WIN,100-101°F
"Dallas, US",2026-08-15,38.2,37,modifisert,38.06,F,0.14,LOSS,100-101°F
"Dallas, US",2026-08-15,38.3,37,p5,38.06,F,0.24,LOSS,100-101°F
"Dallas, US",2026-08-15,38.3,37,sigma,38.06,F,0.24,LOSS,100-101°F
"Denver, US",2026-08-15,26.8,27,mean,28.06,F,-1.26,LOSS,82-83°F
"Denver, US",2026-08-15,27.51,29,modifisert,28.06,F,-0.55,LOSS,82-83°F
"Denver, US",2026-08-15,26.8,25,p5,28.06,F,-1.26,LOSS,82-83°F
"Denver, US",2026-08-15,26.8,26,sigma,28.06,F,-1.26,LOSS,82-83°F
"Guangzhou, CN",2026-08-15,33.0,33,mean,35.0,C,-2.0,LOSS,35.0°C
"Guangzhou, CN",2026-08-15,33.0,35,modifisert,35.0,C,-2.0,WIN,35.0°C
"Guangzhou, CN",2026-08-15,33.0,32,p5,35.0,C,-2.0,LOSS,35.0°C
"Guangzhou, CN",2026-08-15,33.0,32,sigma,35.0,C,-2.0,LOSS,35.0°C
"Helsinki, FI",2026-08-15,22.1,22,mean,23.0,C,-0.9,LOSS,23.0°C
"Helsinki, FI",2026-08-15,22.66,23,modifisert,23.0,C,-0.34,WIN,23.0°C
"Helsinki, FI",2026-08-15,22.1,20,p5,23.0,C,-0.9,LOSS,23.0°C
"Helsinki, FI",2026-08-15,22.1,21,sigma,23.0,C,-0.9,LOSS,23.0°C
"Hong Kong, HK",2026-08-15,30.7,31,mean,31.0,C,-0.3,WIN,31.0°C
"Hong Kong, HK",2026-08-15,30.78,32,modifisert,31.0,C,-0.22,LOSS,31.0°C
"Hong Kong, HK",2026-08-15,30.7,28,p5,31.0,C,-0.3,LOSS,31.0°C
"Hong Kong, HK",2026-08-15,30.7,29,sigma,31.0,C,-0.3,LOSS,31.0°C
"Houston, US",2026-08-15,35.9,36,mean,35.83,F,0.07,WIN,96-97°F
"Houston, US",2026-08-15,36.18,36,modifisert,35.83,F,0.35,WIN,96-97°F
"Houston, US",2026-08-15,35.9,34,p5,35.83,F,0.07,LOSS,96-97°F
"Houston, US",2026-08-15,35.9,34,sigma,35.83,F,0.07,LOSS,96-97°F
"Istanbul, TR",2026-08-15,25.0,25,mean,27.0,C,-2.0,LOSS,27.0°C
"Istanbul, TR",2026-08-15,25.49,26,modifisert,27.0,C,-1.51,LOSS,27.0°C
"Istanbul, TR",2026-08-15,25.0,23,p5,27.0,C,-2.0,LOSS,27.0°C
"Istanbul, TR",2026-08-15,25.0,24,sigma,27.0,C,-2.0,LOSS,27.0°C
"Jeddah, SA",2026-08-15,40.4,40,mean,,C,,WIN,40°C or higher
"Jeddah, SA",2026-08-15,40.4,41,modifisert,,C,,WIN,40°C or higher
"Jeddah, SA",2026-08-15,40.4,36,p5,,C,,LOSS,40°C or higher
"Jeddah, SA",2026-08-15,40.4,38,sigma,,C,,LOSS,40°C or higher
"Jinan, CN",2026-08-15,31.9,32,mean,,C,,WIN,26°C or higher
"Jinan, CN",2026-08-15,31.9,31,modifisert,,C,,WIN,26°C or higher
"Jinan, CN",2026-08-15,31.9,30,p5,,C,,WIN,26°C or higher
"Jinan, CN",2026-08-15,31.9,30,sigma,,C,,WIN,26°C or higher
"Karachi, PK",2026-08-15,31.9,32,mean,32.0,C,-0.1,WIN,32.0°C
"Karachi, PK",2026-08-15,31.97,32,modifisert,32.0,C,-0.03,WIN,32.0°C
"Karachi, PK",2026-08-15,31.9,30,p5,32.0,C,-0.1,LOSS,32.0°C
"Karachi, PK",2026-08-15,31.9,31,sigma,32.0,C,-0.1,LOSS,32.0°C
"Kuala Lumpur, MY",2026-08-15,32.1,32,mean,34.0,C,-1.9,LOSS,34.0°C
"Kuala Lumpur, MY",2026-08-15,33.98,34,modifisert,34.0,C,-0.02,WIN,34.0°C
"Kuala Lumpur, MY",2026-08-15,32.1,29,p5,34.0,C,-1.9,LOSS,34.0°C
"Kuala Lumpur, MY",2026-08-15,32.1,30,sigma,34.0,C,-1.9,LOSS,34.0°C
"London, UK",2026-08-15,26.7,27,mean,26.0,C,0.7,LOSS,26.0°C
"London, UK",2026-08-15,26.87,28,modifisert,26.0,C,0.87,LOSS,26.0°C
"London, UK",2026-08-15,26.7,25,p5,26.0,C,0.7,LOSS,26.0°C
"London, UK",2026-08-15,26.7,25,sigma,26.0,C,0.7,LOSS,26.0°C
"Los Angeles, US",2026-08-15,25.8,26,mean,24.72,F,1.08,LOSS,76-77°F
"Los Angeles, US",2026-08-15,24.67,24,modifisert,24.72,F,-0.05,LOSS,76-77°F
"Los Angeles, US",2026-08-15,25.8,23,p5,24.72,F,1.08,LOSS,76-77°F
"Los Angeles, US",2026-08-15,25.8,24,sigma,24.72,F,1.08,LOSS,76-77°F
"Lucknow, IN",2026-08-15,34.1,34,mean,35.0,C,-0.9,LOSS,35.0°C
"Lucknow, IN",2026-08-15,34.07,34,modifisert,35.0,C,-0.93,LOSS,35.0°C
"Lucknow, IN",2026-08-15,34.1,32,p5,35.0,C,-0.9,LOSS,35.0°C
"Lucknow, IN",2026-08-15,34.1,33,sigma,35.0,C,-0.9,LOSS,35.0°C
"Madrid, ES",2026-08-15,31.8,32,mean,,C,,LOSS,30°C or below
"Madrid, ES",2026-08-15,31.8,33,modifisert,,C,,LOSS,30°C or below
"Madrid, ES",2026-08-15,31.8,30,p5,,C,,LOSS,30°C or below
"Madrid, ES",2026-08-15,31.8,30,sigma,,C,,LOSS,30°C or below
"Manila, PH",2026-08-15,30.6,31,mean,31.0,C,-0.4,WIN,31.0°C
"Manila, PH",2026-08-15,31.45,32,modifisert,31.0,C,0.45,LOSS,31.0°C
"Manila, PH",2026-08-15,30.6,29,p5,31.0,C,-0.4,LOSS,31.0°C
"Manila, PH",2026-08-15,30.6,29,sigma,31.0,C,-0.4,LOSS,31.0°C
"Mexico City, MX",2026-08-15,26.3,26,mean,26.0,C,0.3,WIN,26.0°C
"Mexico City, MX",2026-08-15,26.33,27,modifisert,26.0,C,0.33,LOSS,26.0°C
"Mexico City, MX",2026-08-15,26.3,24,p5,26.0,C,0.3,LOSS,26.0°C
"Mexico City, MX",2026-08-15,26.3,25,sigma,26.0,C,0.3,LOSS,26.0°C
"Miami, US",2026-08-15,33.0,33,mean,33.61,F,-0.61,LOSS,92-93°F
"Miami, US",2026-08-15,33.52,34,modifisert,33.61,F,-0.09,LOSS,92-93°F
"Miami, US",2026-08-15,33.0,32,p5,33.61,F,-0.61,LOSS,92-93°F
"Miami, US",2026-08-15,33.0,31,sigma,33.61,F,-0.61,LOSS,92-93°F
"Milan, IT",2026-08-15,34.1,34,mean,34.0,C,0.1,WIN,34.0°C
"Milan, IT",2026-08-15,33.85,34,modifisert,34.0,C,-0.15,WIN,34.0°C
"Milan, IT",2026-08-15,34.1,32,p5,34.0,C,0.1,LOSS,34.0°C
"Milan, IT",2026-08-15,34.1,33,sigma,34.0,C,0.1,LOSS,34.0°C
"Moscow, RU",2026-08-15,19.1,19,mean,20.0,C,-0.9,LOSS,20.0°C
"Moscow, RU",2026-08-15,19.47,20,modifisert,20.0,C,-0.53,WIN,20.0°C
"Moscow, RU",2026-08-15,19.1,18,p5,20.0,C,-0.9,LOSS,20.0°C
"Moscow, RU",2026-08-15,19.1,19,sigma,20.0,C,-0.9,LOSS,20.0°C
"Munich, DE",2026-08-15,32.6,33,mean,35.0,C,-2.4,LOSS,35.0°C
"Munich, DE",2026-08-15,33.8,36,modifisert,35.0,C,-1.2,LOSS,35.0°C
"Munich, DE",2026-08-15,32.6,30,p5,35.0,C,-2.4,LOSS,35.0°C
"Munich, DE",2026-08-15,32.6,31,sigma,35.0,C,-2.4,LOSS,35.0°C
"New York, US",2026-08-15,28.9,29,mean,29.17,F,-0.27,WIN,84-85°F
"New York, US",2026-08-15,28.88,29,modifisert,29.17,F,-0.29,WIN,84-85°F
"New York, US",2026-08-15,28.9,27,p5,29.17,F,-0.27,LOSS,84-85°F
"New York, US",2026-08-15,28.9,28,sigma,29.17,F,-0.27,LOSS,84-85°F
"Panama City, PA",2026-08-15,30.2,30,mean,32.0,C,-1.8,LOSS,32.0°C
"Panama City, PA",2026-08-15,31.16,33,modifisert,32.0,C,-0.84,LOSS,32.0°C
"Panama City, PA",2026-08-15,30.2,28,p5,32.0,C,-1.8,LOSS,32.0°C
"Panama City, PA",2026-08-15,30.2,29,sigma,32.0,C,-1.8,LOSS,32.0°C
"Paris, FR",2026-08-15,31.8,32,mean,31.0,C,0.8,LOSS,31.0°C
"Paris, FR",2026-08-15,31.79,32,modifisert,31.0,C,0.79,LOSS,31.0°C
"Paris, FR",2026-08-15,31.8,30,p5,31.0,C,0.8,LOSS,31.0°C
"Paris, FR",2026-08-15,31.8,30,sigma,31.0,C,0.8,LOSS,31.0°C
"Qingdao, CN",2026-08-15,30.6,31,mean,31.0,C,-0.4,WIN,31.0°C
"Qingdao, CN",2026-08-15,30.69,32,modifisert,31.0,C,-0.31,LOSS,31.0°C
"Qingdao, CN",2026-08-15,30.6,29,p5,31.0,C,-0.4,LOSS,31.0°C
"Qingdao, CN",2026-08-15,30.6,29,sigma,31.0,C,-0.4,LOSS,31.0°C
"San Francisco, US",2026-08-15,19.3,19,mean,20.28,F,-0.98,LOSS,68-69°F
"San Francisco, US",2026-08-15,19.22,20,modifisert,20.28,F,-1.06,WIN,68-69°F
"San Francisco, US",2026-08-15,19.3,17,p5,20.28,F,-0.98,LOSS,68-69°F
"San Francisco, US",2026-08-15,19.3,18,sigma,20.28,F,-0.98,LOSS,68-69°F
"Sao Paulo, BR",2026-08-15,23.1,23,mean,22.0,C,1.1,LOSS,22.0°C
"Sao Paulo, BR",2026-08-15,21.88,22,modifisert,22.0,C,-0.12,WIN,22.0°C
"Sao Paulo, BR",2026-08-15,23.1,21,p5,22.0,C,1.1,LOSS,22.0°C
"Sao Paulo, BR",2026-08-15,23.1,21,sigma,22.0,C,1.1,LOSS,22.0°C
"Seattle, US",2026-08-15,24.2,24,mean,23.61,F,0.59,LOSS,74-75°F
"Seattle, US",2026-08-15,24.15,25,modifisert,23.61,F,0.54,LOSS,74-75°F
"Seattle, US",2026-08-15,24.2,21,p5,23.61,F,0.59,LOSS,74-75°F
"Seattle, US",2026-08-15,24.2,22,sigma,23.61,F,0.59,LOSS,74-75°F
"Seoul (Incheon), KR",2026-08-15,27.4,27,mean,28.0,C,-0.6,LOSS,28.0°C
"Seoul (Incheon), KR",2026-08-15,27.2,28,modifisert,28.0,C,-0.8,WIN,28.0°C
"Seoul (Incheon), KR",2026-08-15,27.4,26,p5,28.0,C,-0.6,LOSS,28.0°C
"Seoul (Incheon), KR",2026-08-15,27.4,26,sigma,28.0,C,-0.6,LOSS,28.0°C
"Shanghai, CN",2026-08-15,29.5,30,mean,31.0,C,-1.5,LOSS,31.0°C
"Shanghai, CN",2026-08-15,31.2,34,modifisert,31.0,C,0.2,LOSS,31.0°C
"Shanghai, CN",2026-08-15,29.5,28,p5,31.0,C,-1.5,LOSS,31.0°C
"Shanghai, CN",2026-08-15,29.5,28,sigma,31.0,C,-1.5,LOSS,31.0°C
"Shenzhen, CN",2026-08-15,32.1,32,mean,32.0,C,0.1,WIN,32.0°C
"Shenzhen, CN",2026-08-15,31.57,32,modifisert,32.0,C,-0.43,WIN,32.0°C
"Shenzhen, CN",2026-08-15,32.1,29,p5,32.0,C,0.1,LOSS,32.0°C
"Shenzhen, CN",2026-08-15,32.1,30,sigma,32.0,C,0.1,LOSS,32.0°C
"Singapore, SG",2026-08-15,31.4,31,mean,33.0,C,-1.6,LOSS,33.0°C
"Singapore, SG",2026-08-15,32.25,33,modifisert,33.0,C,-0.75,WIN,33.0°C
"Singapore, SG",2026-08-15,31.4,30,p5,33.0,C,-1.6,LOSS,33.0°C
"Singapore, SG",2026-08-15,31.4,30,sigma,33.0,C,-1.6,LOSS,33.0°C
"Taipei, TW",2026-08-15,33.4,33,mean,36.0,C,-2.6,LOSS,36.0°C
"Taipei, TW",2026-08-15,33.4,36,modifisert,36.0,C,-2.6,WIN,36.0°C
"Taipei, TW",2026-08-15,33.4,31,p5,36.0,C,-2.6,LOSS,36.0°C
"Taipei, TW",2026-08-15,33.4,32,sigma,36.0,C,-2.6,LOSS,36.0°C
"Tel Aviv, IL",2026-08-15,33.7,34,mean,33.0,C,0.7,LOSS,33.0°C
"Tel Aviv, IL",2026-08-15,33.56,33,modifisert,33.0,C,0.56,WIN,33.0°C
"Tel Aviv, IL",2026-08-15,33.7,33,p5,33.0,C,0.7,WIN,33.0°C
"Tel Aviv, IL",2026-08-15,33.7,33,sigma,33.0,C,0.7,WIN,33.0°C
"Tokyo, JP",2026-08-15,29.2,29,mean,29.0,C,0.2,WIN,29.0°C
"Tokyo, JP",2026-08-15,28.99,29,modifisert,29.0,C,-0.01,WIN,29.0°C
"Tokyo, JP",2026-08-15,29.2,27,p5,29.0,C,0.2,LOSS,29.0°C
"Tokyo, JP",2026-08-15,29.2,28,sigma,29.0,C,0.2,LOSS,29.0°C
"Toronto, CA",2026-08-15,23.9,24,mean,24.0,C,-0.1,WIN,24.0°C
"Toronto, CA",2026-08-15,24.24,24,modifisert,24.0,C,0.24,WIN,24.0°C
"Toronto, CA",2026-08-15,23.9,23,p5,24.0,C,-0.1,LOSS,24.0°C
"Toronto, CA",2026-08-15,23.9,23,sigma,24.0,C,-0.1,LOSS,24.0°C
"Warsaw, PL",2026-08-15,29.8,30,mean,30.0,C,-0.2,WIN,30.0°C
"Warsaw, PL",2026-08-15,30.45,30,modifisert,30.0,C,0.45,WIN,30.0°C
"Warsaw, PL",2026-08-15,29.8,27,p5,30.0,C,-0.2,LOSS,30.0°C
"Warsaw, PL",2026-08-15,29.8,28,sigma,30.0,C,-0.2,LOSS,30.0°C
"Wellington, NZ",2026-08-15,14.7,15,mean,13.0,C,1.7,LOSS,13.0°C
"Wellington, NZ",2026-08-15,15.14,16,modifisert,13.0,C,2.14,LOSS,13.0°C
"Wellington, NZ",2026-08-15,14.7,13,p5,13.0,C,1.7,WIN,13.0°C
"Wellington, NZ",2026-08-15,14.7,13,sigma,13.0,C,1.7,WIN,13.0°C
"Wuhan, CN",2026-08-15,29.2,29,mean,28.0,C,1.2,LOSS,28.0°C
"Wuhan, CN",2026-08-15,29.29,30,modifisert,28.0,C,1.29,LOSS,28.0°C
"Wuhan, CN",2026-08-15,29.2,28,p5,28.0,C,1.2,WIN,28.0°C
"Wuhan, CN",2026-08-15,29.2,28,sigma,28.0,C,1.2,WIN,28.0°C
"Zhengzhou, CN",2026-08-15,30.0,30,mean,31.0,C,-1.0,LOSS,31.0°C
"Zhengzhou, CN",2026-08-15,30.27,31,modifisert,31.0,C,-0.73,WIN,31.0°C
"Zhengzhou, CN",2026-08-15,30.0,29,p5,31.0,C,-1.0,LOSS,31.0°C
"Zhengzhou, CN",2026-08-15,30.0,29,sigma,31.0,C,-1.0,LOSS,31.0°C
"Amsterdam, NL",2026-08-16,22.0,22,mean,23.0,C,-1.0,LOSS,23.0°C
"Amsterdam, NL",2026-08-16,22.4,23,modifisert,23.0,C,-0.6,WIN,23.0°C
"Amsterdam, NL",2026-08-16,22.0,20,p5,23.0,C,-1.0,LOSS,23.0°C
"Amsterdam, NL",2026-08-16,22.0,21,sigma,23.0,C,-1.0,LOSS,23.0°C
"Ankara, TR",2026-08-16,26.4,26,mean,27.0,C,-0.6,LOSS,27.0°C
"Ankara, TR",2026-08-16,26.56,27,modifisert,27.0,C,-0.44,WIN,27.0°C
"Ankara, TR",2026-08-16,26.4,25,p5,27.0,C,-0.6,LOSS,27.0°C
"Ankara, TR",2026-08-16,26.4,26,sigma,27.0,C,-0.6,LOSS,27.0°C
"Atlanta, US",2026-08-16,34.8,35,mean,34.72,F,0.08,WIN,94-95°F
"Atlanta, US",2026-08-16,35.0,35,modifisert,34.72,F,0.28,WIN,94-95°F
"Atlanta, US",2026-08-16,34.8,33,p5,34.72,F,0.08,LOSS,94-95°F
"Atlanta, US",2026-08-16,34.8,34,sigma,34.72,F,0.08,LOSS,94-95°F
"Austin, US",2026-08-16,37.7,38,mean,39.17,F,-1.47,LOSS,102-103°F
"Austin, US",2026-08-16,37.9,39,modifisert,39.17,F,-1.27,WIN,102-103°F
"Austin, US",2026-08-16,37.7,36,p5,39.17,F,-1.47,LOSS,102-103°F
"Austin, US",2026-08-16,37.7,37,sigma,39.17,F,-1.47,LOSS,102-103°F
"Beijing, CN",2026-08-16,26.7,27,mean,28.0,C,-1.3,LOSS,28.0°C
"Beijing, CN",2026-08-16,27.48,28,modifisert,28.0,C,-0.52,WIN,28.0°C
"Beijing, CN",2026-08-16,26.7,23,p5,28.0,C,-1.3,LOSS,28.0°C
"Beijing, CN",2026-08-16,26.7,25,sigma,28.0,C,-1.3,LOSS,28.0°C
"Buenos Aires, AR",2026-08-16,17.9,18,mean,18.0,C,-0.1,WIN,18.0°C
"Buenos Aires, AR",2026-08-16,17.43,18,modifisert,18.0,C,-0.57,WIN,18.0°C
"Buenos Aires, AR",2026-08-16,17.9,16,p5,18.0,C,-0.1,LOSS,18.0°C
"Buenos Aires, AR",2026-08-16,17.9,16,sigma,18.0,C,-0.1,LOSS,18.0°C
"Busan, KR",2026-08-16,25.8,26,mean,26.0,C,-0.2,WIN,26.0°C
"Busan, KR",2026-08-16,25.65,27,modifisert,26.0,C,-0.35,LOSS,26.0°C
"Busan, KR",2026-08-16,25.8,24,p5,26.0,C,-0.2,LOSS,26.0°C
"Busan, KR",2026-08-16,25.8,25,sigma,26.0,C,-0.2,LOSS,26.0°C
"Cape Town, ZA",2026-08-16,17.6,18,mean,17.0,C,0.6,LOSS,17.0°C
"Cape Town, ZA",2026-08-16,18.05,18,modifisert,17.0,C,1.05,LOSS,17.0°C
"Cape Town, ZA",2026-08-16,17.6,15,p5,17.0,C,0.6,LOSS,17.0°C
"Cape Town, ZA",2026-08-16,17.6,16,sigma,17.0,C,0.6,LOSS,17.0°C
"Chengdu, CN",2026-08-16,32.1,32,mean,30.0,C,2.1,LOSS,30.0°C
"Chengdu, CN",2026-08-16,31.27,32,modifisert,30.0,C,1.27,LOSS,30.0°C
"Chengdu, CN",2026-08-16,32.1,29,p5,30.0,C,2.1,LOSS,30.0°C
"Chengdu, CN",2026-08-16,32.1,30,sigma,30.0,C,2.1,WIN,30.0°C
"Chicago, US",2026-08-16,29.9,30,mean,29.17,F,0.73,LOSS,84-85°F
"Chicago, US",2026-08-16,29.87,29,modifisert,29.17,F,0.7,WIN,84-85°F
"Chicago, US",2026-08-16,29.9,28,p5,29.17,F,0.73,LOSS,84-85°F
"Chicago, US",2026-08-16,29.9,29,sigma,29.17,F,0.73,WIN,84-85°F
"Chongqing, CN",2026-08-16,35.6,36,mean,37.0,C,-1.4,LOSS,37.0°C
"Chongqing, CN",2026-08-16,35.9,38,modifisert,37.0,C,-1.1,LOSS,37.0°C
"Chongqing, CN",2026-08-16,35.6,34,p5,37.0,C,-1.4,LOSS,37.0°C
"Chongqing, CN",2026-08-16,35.6,34,sigma,37.0,C,-1.4,LOSS,37.0°C
"Dallas, US",2026-08-16,39.7,40,mean,39.17,F,0.53,LOSS,102-103°F
"Dallas, US",2026-08-16,39.52,39,modifisert,39.17,F,0.35,WIN,102-103°F
"Dallas, US",2026-08-16,39.7,38,p5,39.17,F,0.53,LOSS,102-103°F
"Dallas, US",2026-08-16,39.7,38,sigma,39.17,F,0.53,LOSS,102-103°F
"Denver, US",2026-08-16,26.6,27,mean,28.06,F,-1.46,LOSS,82-83°F
"Denver, US",2026-08-16,27.56,29,modifisert,28.06,F,-0.5,LOSS,82-83°F
"Denver, US",2026-08-16,26.6,25,p5,28.06,F,-1.46,LOSS,82-83°F
"Denver, US",2026-08-16,26.6,25,sigma,28.06,F,-1.46,LOSS,82-83°F
"Guangzhou, CN",2026-08-16,33.2,33,mean,37.0,C,-3.8,LOSS,37.0°C
"Guangzhou, CN",2026-08-16,33.7,36,modifisert,37.0,C,-3.3,LOSS,37.0°C
"Guangzhou, CN",2026-08-16,33.2,31,p5,37.0,C,-3.8,LOSS,37.0°C
"Guangzhou, CN",2026-08-16,33.2,32,sigma,37.0,C,-3.8,LOSS,37.0°C
"Helsinki, FI",2026-08-16,20.4,20,mean,21.0,C,-0.6,LOSS,21.0°C
"Helsinki, FI",2026-08-16,20.96,22,modifisert,21.0,C,-0.04,LOSS,21.0°C
"Helsinki, FI",2026-08-16,20.4,18,p5,21.0,C,-0.6,LOSS,21.0°C
"Helsinki, FI",2026-08-16,20.4,19,sigma,21.0,C,-0.6,LOSS,21.0°C
"Hong Kong, HK",2026-08-16,31.5,32,mean,33.0,C,-1.5,LOSS,33.0°C
"Hong Kong, HK",2026-08-16,32.35,33,modifisert,33.0,C,-0.65,WIN,33.0°C
"Hong Kong, HK",2026-08-16,31.5,30,p5,33.0,C,-1.5,LOSS,33.0°C
"Hong Kong, HK",2026-08-16,31.5,30,sigma,33.0,C,-1.5,LOSS,33.0°C
"Houston, US",2026-08-16,35.8,36,mean,34.72,F,1.08,LOSS,94-95°F
"Houston, US",2026-08-16,35.91,36,modifisert,34.72,F,1.19,LOSS,94-95°F
"Houston, US",2026-08-16,35.8,34,p5,34.72,F,1.08,LOSS,94-95°F
"Houston, US",2026-08-16,35.8,34,sigma,34.72,F,1.08,LOSS,94-95°F
"Istanbul, TR",2026-08-16,25.0,25,mean,26.0,C,-1.0,LOSS,26.0°C
"Istanbul, TR",2026-08-16,25.16,26,modifisert,26.0,C,-0.84,WIN,26.0°C
"Istanbul, TR",2026-08-16,25.0,23,p5,26.0,C,-1.0,LOSS,26.0°C
"Istanbul, TR",2026-08-16,25.0,24,sigma,26.0,C,-1.0,LOSS,26.0°C
"Jeddah, SA",2026-08-16,39.9,40,mean,38.0,C,1.9,LOSS,38.0°C
"Jeddah, SA",2026-08-16,39.65,40,modifisert,38.0,C,1.65,LOSS,38.0°C
"Jeddah, SA",2026-08-16,39.9,36,p5,38.0,C,1.9,LOSS,38.0°C
"Jeddah, SA",2026-08-16,39.9,38,sigma,38.0,C,1.9,WIN,38.0°C
"Jinan, CN",2026-08-16,31.4,31,mean,,C,,WIN,26°C or higher
"Jinan, CN",2026-08-16,30.6,30,modifisert,,C,,WIN,26°C or higher
"Jinan, CN",2026-08-16,31.4,29,p5,,C,,WIN,26°C or higher
"Jinan, CN",2026-08-16,31.4,30,sigma,,C,,WIN,26°C or higher
"Karachi, PK",2026-08-16,31.9,32,mean,32.0,C,-0.1,WIN,32.0°C
"Karachi, PK",2026-08-16,32.25,32,modifisert,32.0,C,0.25,WIN,32.0°C
"Karachi, PK",2026-08-16,31.9,30,p5,32.0,C,-0.1,LOSS,32.0°C
"Karachi, PK",2026-08-16,31.9,31,sigma,32.0,C,-0.1,LOSS,32.0°C
"Kuala Lumpur, MY",2026-08-16,30.1,30,mean,33.0,C,-2.9,LOSS,33.0°C
"Kuala Lumpur, MY",2026-08-16,32.17,34,modifisert,33.0,C,-0.83,LOSS,33.0°C
"Kuala Lumpur, MY",2026-08-16,30.1,28,p5,33.0,C,-2.9,LOSS,33.0°C
"Kuala Lumpur, MY",2026-08-16,30.1,29,sigma,33.0,C,-2.9,LOSS,33.0°C
"London, UK",2026-08-16,24.8,25,mean,26.0,C,-1.2,LOSS,26.0°C
"London, UK",2026-08-16,26.15,27,modifisert,26.0,C,0.15,LOSS,26.0°C
"London, UK",2026-08-16,24.8,23,p5,26.0,C,-1.2,LOSS,26.0°C
"London, UK",2026-08-16,24.8,24,sigma,26.0,C,-1.2,LOSS,26.0°C
"Los Angeles, US",2026-08-16,26.1,26,mean,24.72,F,1.38,LOSS,76-77°F
"Los Angeles, US",2026-08-16,24.79,24,modifisert,24.72,F,0.07,LOSS,76-77°F
"Los Angeles, US",2026-08-16,26.1,23,p5,24.72,F,1.38,LOSS,76-77°F
"Los Angeles, US",2026-08-16,26.1,24,sigma,24.72,F,1.38,LOSS,76-77°F
"Lucknow, IN",2026-08-16,30.6,31,mean,31.0,C,-0.4,WIN,31.0°C
"Lucknow, IN",2026-08-16,30.34,31,modifisert,31.0,C,-0.66,WIN,31.0°C
"Lucknow, IN",2026-08-16,30.6,27,p5,31.0,C,-0.4,LOSS,31.0°C
"Lucknow, IN",2026-08-16,30.6,29,sigma,31.0,C,-0.4,LOSS,31.0°C
"Madrid, ES",2026-08-16,33.3,33,mean,35.0,C,-1.7,LOSS,35.0°C
"Madrid, ES",2026-08-16,33.47,34,modifisert,35.0,C,-1.53,LOSS,35.0°C
"Madrid, ES",2026-08-16,33.3,32,p5,35.0,C,-1.7,LOSS,35.0°C
"Madrid, ES",2026-08-16,33.3,31,sigma,35.0,C,-1.7,LOSS,35.0°C
"Manila, PH",2026-08-16,29.8,30,mean,32.0,C,-2.2,LOSS,32.0°C
"Manila, PH",2026-08-16,30.98,32,modifisert,32.0,C,-1.02,WIN,32.0°C
"Manila, PH",2026-08-16,29.8,28,p5,32.0,C,-2.2,LOSS,32.0°C
"Manila, PH",2026-08-16,29.8,28,sigma,32.0,C,-2.2,LOSS,32.0°C
"Mexico City, MX",2026-08-16,26.7,27,mean,27.0,C,-0.3,WIN,27.0°C
"Mexico City, MX",2026-08-16,26.81,27,modifisert,27.0,C,-0.19,WIN,27.0°C
"Mexico City, MX",2026-08-16,26.7,24,p5,27.0,C,-0.3,LOSS,27.0°C
"Mexico City, MX",2026-08-16,26.7,25,sigma,27.0,C,-0.3,LOSS,27.0°C
"Miami, US",2026-08-16,33.1,33,mean,33.61,F,-0.51,LOSS,92-93°F
"Miami, US",2026-08-16,33.95,35,modifisert,33.61,F,0.34,LOSS,92-93°F
"Miami, US",2026-08-16,33.1,32,p5,33.61,F,-0.51,LOSS,92-93°F
"Miami, US",2026-08-16,33.1,32,sigma,33.61,F,-0.51,LOSS,92-93°F
"Milan, IT",2026-08-16,34.0,34,mean,35.0,C,-1.0,LOSS,35.0°C
"Milan, IT",2026-08-16,34.41,35,modifisert,35.0,C,-0.59,WIN,35.0°C
"Milan, IT",2026-08-16,34.0,31,p5,35.0,C,-1.0,LOSS,35.0°C
"Milan, IT",2026-08-16,34.0,32,sigma,35.0,C,-1.0,LOSS,35.0°C
"Moscow, RU",2026-08-16,23.5,24,mean,24.0,C,-0.5,WIN,24.0°C
"Moscow, RU",2026-08-16,24.2,25,modifisert,24.0,C,0.2,LOSS,24.0°C
"Moscow, RU",2026-08-16,23.5,22,p5,24.0,C,-0.5,LOSS,24.0°C
"Moscow, RU",2026-08-16,23.5,23,sigma,24.0,C,-0.5,LOSS,24.0°C
"Munich, DE",2026-08-16,29.9,30,mean,32.0,C,-2.1,LOSS,32.0°C
"Munich, DE",2026-08-16,30.1,32,modifisert,32.0,C,-1.9,WIN,32.0°C
"Munich, DE",2026-08-16,29.9,28,p5,32.0,C,-2.1,LOSS,32.0°C
"Munich, DE",2026-08-16,29.9,29,sigma,32.0,C,-2.1,LOSS,32.0°C
"New York, US",2026-08-16,27.1,27,mean,26.94,F,0.16,WIN,80-81°F
"New York, US",2026-08-16,27.32,27,modifisert,26.94,F,0.38,WIN,80-81°F
"New York, US",2026-08-16,27.1,26,p5,26.94,F,0.16,LOSS,80-81°F
"New York, US",2026-08-16,27.1,26,sigma,26.94,F,0.16,LOSS,80-81°F
"Panama City, PA",2026-08-16,28.6,29,mean,31.0,C,-2.4,LOSS,31.0°C
"Panama City, PA",2026-08-16,30.22,32,modifisert,31.0,C,-0.78,LOSS,31.0°C
"Panama City, PA",2026-08-16,28.6,27,p5,31.0,C,-2.4,LOSS,31.0°C
"Panama City, PA",2026-08-16,28.6,27,sigma,31.0,C,-2.4,LOSS,31.0°C
"Paris, FR",2026-08-16,30.0,30,mean,31.0,C,-1.0,LOSS,31.0°C
"Paris, FR",2026-08-16,30.88,31,modifisert,31.0,C,-0.12,WIN,31.0°C
"Paris, FR",2026-08-16,30.0,27,p5,31.0,C,-1.0,LOSS,31.0°C
"Paris, FR",2026-08-16,30.0,28,sigma,31.0,C,-1.0,LOSS,31.0°C
"Qingdao, CN",2026-08-16,32.4,32,mean,33.0,C,-0.6,LOSS,33.0°C
"Qingdao, CN",2026-08-16,33.03,34,modifisert,33.0,C,0.03,LOSS,33.0°C
"Qingdao, CN",2026-08-16,32.4,31,p5,33.0,C,-0.6,LOSS,33.0°C
"Qingdao, CN",2026-08-16,32.4,31,sigma,33.0,C,-0.6,LOSS,33.0°C
"San Francisco, US",2026-08-16,21.0,21,mean,20.28,F,0.72,LOSS,68-69°F
"San Francisco, US",2026-08-16,21.58,23,modifisert,20.28,F,1.3,LOSS,68-69°F
"San Francisco, US",2026-08-16,21.0,18,p5,20.28,F,0.72,LOSS,68-69°F
"San Francisco, US",2026-08-16,21.0,19,sigma,20.28,F,0.72,LOSS,68-69°F
"Sao Paulo, BR",2026-08-16,26.9,27,mean,27.0,C,-0.1,WIN,27.0°C
"Sao Paulo, BR",2026-08-16,25.88,26,modifisert,27.0,C,-1.12,LOSS,27.0°C
"Sao Paulo, BR",2026-08-16,26.9,25,p5,27.0,C,-0.1,LOSS,27.0°C
"Sao Paulo, BR",2026-08-16,26.9,25,sigma,27.0,C,-0.1,LOSS,27.0°C
"Seattle, US",2026-08-16,23.2,23,mean,23.61,F,-0.41,LOSS,74-75°F
"Seattle, US",2026-08-16,23.54,24,modifisert,23.61,F,-0.07,LOSS,74-75°F
"Seattle, US",2026-08-16,23.2,22,p5,23.61,F,-0.41,LOSS,74-75°F
"Seattle, US",2026-08-16,23.2,22,sigma,23.61,F,-0.41,LOSS,74-75°F
"Seoul (Incheon), KR",2026-08-16,27.4,27,mean,27.0,C,0.4,WIN,27.0°C
"Seoul (Incheon), KR",2026-08-16,27.43,28,modifisert,27.0,C,0.43,LOSS,27.0°C
"Seoul (Incheon), KR",2026-08-16,27.4,25,p5,27.0,C,0.4,LOSS,27.0°C
"Seoul (Incheon), KR",2026-08-16,27.4,26,sigma,27.0,C,0.4,LOSS,27.0°C
"Shanghai, CN",2026-08-16,28.5,28,mean,29.0,C,-0.5,LOSS,29.0°C
"Shanghai, CN",2026-08-16,29.2,30,modifisert,29.0,C,0.2,LOSS,29.0°C
"Shanghai, CN",2026-08-16,28.5,27,p5,29.0,C,-0.5,LOSS,29.0°C
"Shanghai, CN",2026-08-16,28.5,27,sigma,29.0,C,-0.5,LOSS,29.0°C
"Shenzhen, CN",2026-08-16,32.7,33,mean,35.0,C,-2.3,LOSS,35.0°C
"Shenzhen, CN",2026-08-16,33.39,34,modifisert,35.0,C,-1.61,LOSS,35.0°C
"Shenzhen, CN",2026-08-16,32.7,29,p5,35.0,C,-2.3,LOSS,35.0°C
"Shenzhen, CN",2026-08-16,32.7,31,sigma,35.0,C,-2.3,LOSS,35.0°C
"Singapore, SG",2026-08-16,30.7,31,mean,32.0,C,-1.3,LOSS,32.0°C
"Singapore, SG",2026-08-16,32.57,33,modifisert,32.0,C,0.57,LOSS,32.0°C
"Singapore, SG",2026-08-16,30.7,29,p5,32.0,C,-1.3,LOSS,32.0°C
"Singapore, SG",2026-08-16,30.7,29,sigma,32.0,C,-1.3,LOSS,32.0°C
"Taipei, TW",2026-08-16,32.4,32,mean,36.0,C,-3.6,LOSS,36.0°C
"Taipei, TW",2026-08-16,33.1,36,modifisert,36.0,C,-2.9,WIN,36.0°C
"Taipei, TW",2026-08-16,32.4,29,p5,36.0,C,-3.6,LOSS,36.0°C
"Taipei, TW",2026-08-16,32.4,31,sigma,36.0,C,-3.6,LOSS,36.0°C
"Tel Aviv, IL",2026-08-16,33.4,33,mean,33.0,C,0.4,WIN,33.0°C
"Tel Aviv, IL",2026-08-16,32.83,32,modifisert,33.0,C,-0.17,LOSS,33.0°C
"Tel Aviv, IL",2026-08-16,33.4,32,p5,33.0,C,0.4,LOSS,33.0°C
"Tel Aviv, IL",2026-08-16,33.4,32,sigma,33.0,C,0.4,LOSS,33.0°C
"Tokyo, JP",2026-08-16,27.8,28,mean,26.0,C,1.8,LOSS,26.0°C
"Tokyo, JP",2026-08-16,26.73,27,modifisert,26.0,C,0.73,LOSS,26.0°C
"Tokyo, JP",2026-08-16,27.8,26,p5,26.0,C,1.8,WIN,26.0°C
"Tokyo, JP",2026-08-16,27.8,27,sigma,26.0,C,1.8,LOSS,26.0°C
"Toronto, CA",2026-08-16,25.6,26,mean,26.0,C,-0.4,WIN,26.0°C
"Toronto, CA",2026-08-16,25.93,26,modifisert,26.0,C,-0.07,WIN,26.0°C
"Toronto, CA",2026-08-16,25.6,23,p5,26.0,C,-0.4,LOSS,26.0°C
"Toronto, CA",2026-08-16,25.6,24,sigma,26.0,C,-0.4,LOSS,26.0°C
"Warsaw, PL",2026-08-16,29.4,29,mean,30.0,C,-0.6,LOSS,30.0°C
"Warsaw, PL",2026-08-16,29.78,30,modifisert,30.0,C,-0.22,WIN,30.0°C
"Warsaw, PL",2026-08-16,29.4,27,p5,30.0,C,-0.6,LOSS,30.0°C
"Warsaw, PL",2026-08-16,29.4,28,sigma,30.0,C,-0.6,LOSS,30.0°C
"Wellington, NZ",2026-08-16,9.7,10,mean,10.0,C,-0.3,WIN,10.0°C
"Wellington, NZ",2026-08-16,9.51,10,modifisert,10.0,C,-0.49,WIN,10.0°C
"Wellington, NZ",2026-08-16,9.7,8,p5,10.0,C,-0.3,LOSS,10.0°C
"Wellington, NZ",2026-08-16,9.7,9,sigma,10.0,C,-0.3,LOSS,10.0°C
"Wuhan, CN",2026-08-16,31.4,31,mean,32.0,C,-0.6,LOSS,32.0°C
"Wuhan, CN",2026-08-16,31.27,32,modifisert,32.0,C,-0.73,WIN,32.0°C
"Wuhan, CN",2026-08-16,31.4,30,p5,32.0,C,-0.6,LOSS,32.0°C
"Wuhan, CN",2026-08-16,31.4,30,sigma,32.0,C,-0.6,LOSS,32.0°C
"Zhengzhou, CN",2026-08-16,31.1,31,mean,,C,,LOSS,32°C or higher
"Zhengzhou, CN",2026-08-16,31.2,32,modifisert,,C,,WIN,32°C or higher
"Zhengzhou, CN",2026-08-16,31.1,30,p5,,C,,LOSS,32°C or higher
"Zhengzhou, CN",2026-08-16,31.1,30,sigma,,C,,LOSS,32°C or higher
"Amsterdam, NL",2026-08-17,20.8,21,mean,21.0,C,-0.2,WIN,21.0°C
"Amsterdam, NL",2026-08-17,20.35,21,modifisert,21.0,C,-0.65,WIN,21.0°C
"Amsterdam, NL",2026-08-17,20.8,20,p5,21.0,C,-0.2,LOSS,21.0°C
"Amsterdam, NL",2026-08-17,20.8,20,sigma,21.0,C,-0.2,LOSS,21.0°C
"Ankara, TR",2026-08-17,28.7,29,mean,27.0,C,1.7,LOSS,27.0°C
"Ankara, TR",2026-08-17,26.01,27,modifisert,27.0,C,-0.99,WIN,27.0°C
"Ankara, TR",2026-08-17,28.7,27,p5,27.0,C,1.7,WIN,27.0°C
"Ankara, TR",2026-08-17,28.7,28,sigma,27.0,C,1.7,LOSS,27.0°C
"Atlanta, US",2026-08-17,33.2,33,mean,36.94,F,-3.74,LOSS,98-99°F
"Atlanta, US",2026-08-17,36.3,36,modifisert,36.94,F,-0.64,LOSS,98-99°F
"Atlanta, US",2026-08-17,33.2,31,p5,36.94,F,-3.74,LOSS,98-99°F
"Atlanta, US",2026-08-17,33.2,32,sigma,36.94,F,-3.74,LOSS,98-99°F
"Austin, US",2026-08-17,37.7,38,mean,39.17,F,-1.47,LOSS,102-103°F
"Austin, US",2026-08-17,38.79,40,modifisert,39.17,F,-0.38,LOSS,102-103°F
"Austin, US",2026-08-17,37.7,36,p5,39.17,F,-1.47,LOSS,102-103°F
"Austin, US",2026-08-17,37.7,37,sigma,39.17,F,-1.47,LOSS,102-103°F
"Buenos Aires, AR",2026-08-17,12.6,13,mean,15.0,C,-2.4,LOSS,15.0°C
"Buenos Aires, AR",2026-08-17,14.63,15,modifisert,15.0,C,-0.37,WIN,15.0°C
"Buenos Aires, AR",2026-08-17,12.6,11,p5,15.0,C,-2.4,LOSS,15.0°C
"Buenos Aires, AR",2026-08-17,12.6,10,sigma,15.0,C,-2.4,LOSS,15.0°C
"Cape Town, ZA",2026-08-17,18.0,18,mean,17.0,C,1.0,LOSS,17.0°C
"Cape Town, ZA",2026-08-17,18.55,19,modifisert,17.0,C,1.55,LOSS,17.0°C
"Cape Town, ZA",2026-08-17,18.0,17,p5,17.0,C,1.0,WIN,17.0°C
"Cape Town, ZA",2026-08-17,18.0,17,sigma,17.0,C,1.0,WIN,17.0°C
"Chicago, US",2026-08-17,27.2,27,mean,25.83,F,1.37,LOSS,78-79°F
"Chicago, US",2026-08-17,25.53,25,modifisert,25.83,F,-0.3,LOSS,78-79°F
"Chicago, US",2026-08-17,27.2,25,p5,25.83,F,1.37,LOSS,78-79°F
"Chicago, US",2026-08-17,27.2,26,sigma,25.83,F,1.37,WIN,78-79°F
"Dallas, US",2026-08-17,41.0,41,mean,40.28,F,0.72,LOSS,104-105°F
"Dallas, US",2026-08-17,40.33,40,modifisert,40.28,F,0.05,WIN,104-105°F
"Dallas, US",2026-08-17,41.0,40,p5,40.28,F,0.72,WIN,104-105°F
"Dallas, US",2026-08-17,41.0,40,sigma,40.28,F,0.72,WIN,104-105°F
"Denver, US",2026-08-17,31.1,31,mean,33.61,F,-2.51,LOSS,92-93°F
"Denver, US",2026-08-17,32.63,34,modifisert,33.61,F,-0.98,LOSS,92-93°F
"Denver, US",2026-08-17,31.1,29,p5,33.61,F,-2.51,LOSS,92-93°F
"Denver, US",2026-08-17,31.1,30,sigma,33.61,F,-2.51,LOSS,92-93°F
"Helsinki, FI",2026-08-17,18.9,19,mean,22.0,C,-3.1,LOSS,22.0°C
"Helsinki, FI",2026-08-17,20.64,21,modifisert,22.0,C,-1.36,LOSS,22.0°C
"Helsinki, FI",2026-08-17,18.9,17,p5,22.0,C,-3.1,LOSS,22.0°C
"Helsinki, FI",2026-08-17,18.9,18,sigma,22.0,C,-3.1,LOSS,22.0°C
"Houston, US",2026-08-17,36.0,36,mean,35.83,F,0.17,WIN,96-97°F
"Houston, US",2026-08-17,36.43,36,modifisert,35.83,F,0.6,WIN,96-97°F
"Houston, US",2026-08-17,36.0,34,p5,35.83,F,0.17,LOSS,96-97°F
"Houston, US",2026-08-17,36.0,35,sigma,35.83,F,0.17,LOSS,96-97°F
"Istanbul, TR",2026-08-17,28.7,29,mean,25.0,C,3.7,LOSS,25.0°C
"Istanbul, TR",2026-08-17,25.83,26,modifisert,25.0,C,0.83,LOSS,25.0°C
"Istanbul, TR",2026-08-17,28.7,24,p5,25.0,C,3.7,LOSS,25.0°C
"Istanbul, TR",2026-08-17,28.7,26,sigma,25.0,C,3.7,LOSS,25.0°C
"Jeddah, SA",2026-08-17,38.7,39,mean,41.0,C,-2.3,LOSS,41.0°C
"Jeddah, SA",2026-08-17,39.68,40,modifisert,41.0,C,-1.32,LOSS,41.0°C
"Jeddah, SA",2026-08-17,38.7,35,p5,41.0,C,-2.3,LOSS,41.0°C
"Jeddah, SA",2026-08-17,38.7,36,sigma,41.0,C,-2.3,LOSS,41.0°C
"London, UK",2026-08-17,25.1,25,mean,27.0,C,-1.9,LOSS,27.0°C
"London, UK",2026-08-17,26.61,27,modifisert,27.0,C,-0.39,WIN,27.0°C
"London, UK",2026-08-17,25.1,23,p5,27.0,C,-1.9,LOSS,27.0°C
"London, UK",2026-08-17,25.1,24,sigma,27.0,C,-1.9,LOSS,27.0°C
"Los Angeles, US",2026-08-17,28.6,29,mean,24.72,F,3.88,LOSS,76-77°F
"Los Angeles, US",2026-08-17,25.68,25,modifisert,24.72,F,0.96,WIN,76-77°F
"Los Angeles, US",2026-08-17,28.6,24,p5,24.72,F,3.88,LOSS,76-77°F
"Los Angeles, US",2026-08-17,28.6,26,sigma,24.72,F,3.88,LOSS,76-77°F
"Madrid, ES",2026-08-17,38.1,38,mean,38.0,C,0.1,WIN,38.0°C
"Madrid, ES",2026-08-17,36.71,38,modifisert,38.0,C,-1.29,WIN,38.0°C
"Madrid, ES",2026-08-17,38.1,37,p5,38.0,C,0.1,LOSS,38.0°C
"Madrid, ES",2026-08-17,38.1,37,sigma,38.0,C,0.1,LOSS,38.0°C
"Mexico City, MX",2026-08-17,25.9,26,mean,26.0,C,-0.1,WIN,26.0°C
"Mexico City, MX",2026-08-17,26.18,26,modifisert,26.0,C,0.18,WIN,26.0°C
"Mexico City, MX",2026-08-17,25.9,24,p5,26.0,C,-0.1,LOSS,26.0°C
"Mexico City, MX",2026-08-17,25.9,25,sigma,26.0,C,-0.1,LOSS,26.0°C
"Miami, US",2026-08-17,36.5,36,mean,34.72,F,1.78,LOSS,94-95°F
"Miami, US",2026-08-17,34.68,35,modifisert,34.72,F,-0.04,WIN,94-95°F
"Miami, US",2026-08-17,36.5,35,p5,34.72,F,1.78,WIN,94-95°F
"Miami, US",2026-08-17,36.5,35,sigma,34.72,F,1.78,WIN,94-95°F
"Milan, IT",2026-08-17,31.6,32,mean,31.0,C,0.6,LOSS,31.0°C
"Milan, IT",2026-08-17,31.37,32,modifisert,31.0,C,0.37,LOSS,31.0°C
"Milan, IT",2026-08-17,31.6,30,p5,31.0,C,0.6,LOSS,31.0°C
"Milan, IT",2026-08-17,31.6,31,sigma,31.0,C,0.6,WIN,31.0°C
"Moscow, RU",2026-08-17,22.7,23,mean,23.0,C,-0.3,WIN,23.0°C
"Moscow, RU",2026-08-17,22.61,23,modifisert,23.0,C,-0.39,WIN,23.0°C
"Moscow, RU",2026-08-17,22.7,22,p5,23.0,C,-0.3,LOSS,23.0°C
"Moscow, RU",2026-08-17,22.7,22,sigma,23.0,C,-0.3,LOSS,23.0°C
"Munich, DE",2026-08-17,19.6,20,mean,27.0,C,-7.4,LOSS,27.0°C
"Munich, DE",2026-08-17,22.1,24,modifisert,27.0,C,-4.9,LOSS,27.0°C
"Munich, DE",2026-08-17,19.6,17,p5,27.0,C,-7.4,LOSS,27.0°C
"Munich, DE",2026-08-17,19.6,18,sigma,27.0,C,-7.4,LOSS,27.0°C
"New York, US",2026-08-17,28.9,29,mean,26.94,F,1.96,LOSS,80-81°F
"New York, US",2026-08-17,27.07,27,modifisert,26.94,F,0.13,WIN,80-81°F
"New York, US",2026-08-17,28.9,26,p5,26.94,F,1.96,LOSS,80-81°F
"New York, US",2026-08-17,28.9,27,sigma,26.94,F,1.96,WIN,80-81°F
"Panama City, PA",2026-08-17,30.2,30,mean,26.0,C,4.2,LOSS,26.0°C
"Panama City, PA",2026-08-17,28.08,30,modifisert,26.0,C,2.08,LOSS,26.0°C
"Panama City, PA",2026-08-17,30.2,28,p5,26.0,C,4.2,LOSS,26.0°C
"Panama City, PA",2026-08-17,30.2,29,sigma,26.0,C,4.2,LOSS,26.0°C
"Paris, FR",2026-08-17,27.2,27,mean,29.0,C,-1.8,LOSS,29.0°C
"Paris, FR",2026-08-17,29.44,29,modifisert,29.0,C,0.44,WIN,29.0°C
"Paris, FR",2026-08-17,27.2,26,p5,29.0,C,-1.8,LOSS,29.0°C
"Paris, FR",2026-08-17,27.2,26,sigma,29.0,C,-1.8,LOSS,29.0°C
"San Francisco, US",2026-08-17,19.8,20,mean,21.39,F,-1.59,LOSS,70-71°F
"San Francisco, US",2026-08-17,21.44,22,modifisert,21.39,F,0.05,LOSS,70-71°F
"San Francisco, US",2026-08-17,19.8,17,p5,21.39,F,-1.59,LOSS,70-71°F
"San Francisco, US",2026-08-17,19.8,18,sigma,21.39,F,-1.59,LOSS,70-71°F
"Sao Paulo, BR",2026-08-17,29.5,30,mean,29.0,C,0.5,LOSS,29.0°C
"Sao Paulo, BR",2026-08-17,28.7,29,modifisert,29.0,C,-0.3,WIN,29.0°C
"Sao Paulo, BR",2026-08-17,29.5,28,p5,29.0,C,0.5,LOSS,29.0°C
"Sao Paulo, BR",2026-08-17,29.5,28,sigma,29.0,C,0.5,LOSS,29.0°C
"Seattle, US",2026-08-17,25.8,26,mean,25.83,F,-0.03,WIN,78-79°F
"Seattle, US",2026-08-17,25.54,26,modifisert,25.83,F,-0.29,WIN,78-79°F
"Seattle, US",2026-08-17,25.8,24,p5,25.83,F,-0.03,LOSS,78-79°F
"Seattle, US",2026-08-17,25.8,24,sigma,25.83,F,-0.03,LOSS,78-79°F
"Tel Aviv, IL",2026-08-17,32.3,32,mean,31.0,C,1.3,LOSS,31.0°C
"Tel Aviv, IL",2026-08-17,31.63,31,modifisert,31.0,C,0.63,WIN,31.0°C
"Tel Aviv, IL",2026-08-17,32.3,31,p5,31.0,C,1.3,WIN,31.0°C
"Tel Aviv, IL",2026-08-17,32.3,31,sigma,31.0,C,1.3,WIN,31.0°C
"Toronto, CA",2026-08-17,26.4,26,mean,26.0,C,0.4,WIN,26.0°C
"Toronto, CA",2026-08-17,25.91,26,modifisert,26.0,C,-0.09,WIN,26.0°C
"Toronto, CA",2026-08-17,26.4,24,p5,26.0,C,0.4,LOSS,26.0°C
"Toronto, CA",2026-08-17,26.4,25,sigma,26.0,C,0.4,LOSS,26.0°C
"Warsaw, PL",2026-08-17,19.2,19,mean,24.0,C,-4.8,LOSS,24.0°C
"Warsaw, PL",2026-08-17,24.24,24,modifisert,24.0,C,0.24,WIN,24.0°C
"Warsaw, PL",2026-08-17,19.2,18,p5,24.0,C,-4.8,LOSS,24.0°C
"Warsaw, PL",2026-08-17,19.2,18,sigma,24.0,C,-4.8,LOSS,24.0°C
"Wellington, NZ",2026-08-17,9.2,9,mean,10.0,C,-0.8,LOSS,10.0°C
"Wellington, NZ",2026-08-17,8.88,9,modifisert,10.0,C,-1.12,LOSS,10.0°C
"Wellington, NZ",2026-08-17,9.2,8,p5,10.0,C,-0.8,LOSS,10.0°C
"Wellington, NZ",2026-08-17,9.2,8,sigma,10.0,C,-0.8,LOSS,10.0°C
"Amsterdam, NL",2026-08-18,20.8,21,mean,21.0,C,-0.2,WIN,21.0°C
"Amsterdam, NL",2026-08-18,21.0,22,modifisert,21.0,C,0.0,LOSS,21.0°C
"Amsterdam, NL",2026-08-18,20.8,20,p5,21.0,C,-0.2,LOSS,21.0°C
"Amsterdam, NL",2026-08-18,20.8,20,sigma,21.0,C,-0.2,LOSS,21.0°C
"Ankara, TR",2026-08-18,28.7,29,mean,30.0,C,-1.3,LOSS,30.0°C
"Ankara, TR",2026-08-18,29.46,30,modifisert,30.0,C,-0.54,WIN,30.0°C
"Ankara, TR",2026-08-18,28.7,28,p5,30.0,C,-1.3,LOSS,30.0°C
"Ankara, TR",2026-08-18,28.7,28,sigma,30.0,C,-1.3,LOSS,30.0°C
"Atlanta, US",2026-08-18,33.1,33,mean,33.61,F,-0.51,LOSS,92-93°F
"Atlanta, US",2026-08-18,33.2,35,modifisert,33.61,F,-0.41,LOSS,92-93°F
"Atlanta, US",2026-08-18,33.1,32,p5,33.61,F,-0.51,LOSS,92-93°F
"Atlanta, US",2026-08-18,33.1,31,sigma,33.61,F,-0.51,LOSS,92-93°F
"Austin, US",2026-08-18,37.4,37,mean,38.06,F,-0.66,LOSS,100-101°F
"Austin, US",2026-08-18,37.61,39,modifisert,38.06,F,-0.45,LOSS,100-101°F
"Austin, US",2026-08-18,37.4,36,p5,38.06,F,-0.66,LOSS,100-101°F
"Austin, US",2026-08-18,37.4,36,sigma,38.06,F,-0.66,LOSS,100-101°F
"Beijing, CN",2026-08-18,30.9,31,mean,32.0,C,-1.1,LOSS,32.0°C
"Beijing, CN",2026-08-18,31.63,32,modifisert,32.0,C,-0.37,WIN,32.0°C
"Beijing, CN",2026-08-18,30.9,29,p5,32.0,C,-1.1,LOSS,32.0°C
"Beijing, CN",2026-08-18,30.9,30,sigma,32.0,C,-1.1,LOSS,32.0°C
"Buenos Aires, AR",2026-08-18,12.3,12,mean,11.0,C,1.3,LOSS,11.0°C
"Buenos Aires, AR",2026-08-18,12.21,13,modifisert,11.0,C,1.21,LOSS,11.0°C
"Buenos Aires, AR",2026-08-18,12.3,11,p5,11.0,C,1.3,WIN,11.0°C
"Buenos Aires, AR",2026-08-18,12.3,10,sigma,11.0,C,1.3,LOSS,11.0°C
"Busan, KR",2026-08-18,30.7,31,mean,31.0,C,-0.3,WIN,31.0°C
"Busan, KR",2026-08-18,28.9,30,modifisert,31.0,C,-2.1,LOSS,31.0°C
"Busan, KR",2026-08-18,30.7,29,p5,31.0,C,-0.3,LOSS,31.0°C
"Busan, KR",2026-08-18,30.7,29,sigma,31.0,C,-0.3,LOSS,31.0°C
"Cape Town, ZA",2026-08-18,18.0,18,mean,19.0,C,-1.0,LOSS,19.0°C
"Cape Town, ZA",2026-08-18,18.9,19,modifisert,19.0,C,-0.1,WIN,19.0°C
"Cape Town, ZA",2026-08-18,18.0,17,p5,19.0,C,-1.0,LOSS,19.0°C
"Cape Town, ZA",2026-08-18,18.0,17,sigma,19.0,C,-1.0,LOSS,19.0°C
"Chengdu, CN",2026-08-18,26.9,27,mean,23.0,C,3.9,LOSS,23.0°C
"Chengdu, CN",2026-08-18,23.16,24,modifisert,23.0,C,0.16,LOSS,23.0°C
"Chengdu, CN",2026-08-18,26.9,25,p5,23.0,C,3.9,LOSS,23.0°C
"Chengdu, CN",2026-08-18,26.9,26,sigma,23.0,C,3.9,LOSS,23.0°C
"Chicago, US",2026-08-18,27.4,27,mean,25.83,F,1.57,LOSS,78-79°F
"Chicago, US",2026-08-18,27.29,27,modifisert,25.83,F,1.46,LOSS,78-79°F
"Chicago, US",2026-08-18,27.4,26,p5,25.83,F,1.57,WIN,78-79°F
"Chicago, US",2026-08-18,27.4,27,sigma,25.83,F,1.57,LOSS,78-79°F
"Chongqing, CN",2026-08-18,29.1,29,mean,34.0,C,-4.9,LOSS,34.0°C
"Chongqing, CN",2026-08-18,32.8,35,modifisert,34.0,C,-1.2,LOSS,34.0°C
"Chongqing, CN",2026-08-18,29.1,26,p5,34.0,C,-4.9,LOSS,34.0°C
"Chongqing, CN",2026-08-18,29.1,27,sigma,34.0,C,-4.9,LOSS,34.0°C
"Dallas, US",2026-08-18,41.0,41,mean,40.28,F,0.72,LOSS,104-105°F
"Dallas, US",2026-08-18,40.76,40,modifisert,40.28,F,0.48,WIN,104-105°F
"Dallas, US",2026-08-18,41.0,40,p5,40.28,F,0.72,WIN,104-105°F
"Dallas, US",2026-08-18,41.0,40,sigma,40.28,F,0.72,WIN,104-105°F
"Denver, US",2026-08-18,30.3,30,mean,31.39,F,-1.09,LOSS,88-89°F
"Denver, US",2026-08-18,30.42,32,modifisert,31.39,F,-0.97,LOSS,88-89°F
"Denver, US",2026-08-18,30.3,29,p5,31.39,F,-1.09,LOSS,88-89°F
"Denver, US",2026-08-18,30.3,28,sigma,31.39,F,-1.09,LOSS,88-89°F
"Guangzhou, CN",2026-08-18,34.9,35,mean,34.0,C,0.9,LOSS,34.0°C
"Guangzhou, CN",2026-08-18,34.9,37,modifisert,34.0,C,0.9,LOSS,34.0°C
"Guangzhou, CN",2026-08-18,34.9,33,p5,34.0,C,0.9,LOSS,34.0°C
"Guangzhou, CN",2026-08-18,34.9,34,sigma,34.0,C,0.9,WIN,34.0°C
"Helsinki, FI",2026-08-18,18.9,19,mean,20.0,C,-1.1,LOSS,20.0°C
"Helsinki, FI",2026-08-18,19.25,20,modifisert,20.0,C,-0.75,WIN,20.0°C
"Helsinki, FI",2026-08-18,18.9,17,p5,20.0,C,-1.1,LOSS,20.0°C
"Helsinki, FI",2026-08-18,18.9,18,sigma,20.0,C,-1.1,LOSS,20.0°C
"Hong Kong, HK",2026-08-18,31.6,32,mean,32.0,C,-0.4,WIN,32.0°C
"Hong Kong, HK",2026-08-18,30.72,32,modifisert,32.0,C,-1.28,WIN,32.0°C
"Hong Kong, HK",2026-08-18,31.6,30,p5,32.0,C,-0.4,LOSS,32.0°C
"Hong Kong, HK",2026-08-18,31.6,30,sigma,32.0,C,-0.4,LOSS,32.0°C
"Houston, US",2026-08-18,35.3,35,mean,34.72,F,0.58,WIN,94-95°F
"Houston, US",2026-08-18,35.54,35,modifisert,34.72,F,0.82,WIN,94-95°F
"Houston, US",2026-08-18,35.3,34,p5,34.72,F,0.58,LOSS,94-95°F
"Houston, US",2026-08-18,35.3,35,sigma,34.72,F,0.58,WIN,94-95°F
"Istanbul, TR",2026-08-18,28.7,29,mean,32.0,C,-3.3,LOSS,32.0°C
"Istanbul, TR",2026-08-18,29.98,30,modifisert,32.0,C,-2.02,LOSS,32.0°C
"Istanbul, TR",2026-08-18,28.7,24,p5,32.0,C,-3.3,LOSS,32.0°C
"Istanbul, TR",2026-08-18,28.7,26,sigma,32.0,C,-3.3,LOSS,32.0°C
"Jeddah, SA",2026-08-18,38.7,39,mean,38.0,C,0.7,LOSS,38.0°C
"Jeddah, SA",2026-08-18,38.63,39,modifisert,38.0,C,0.63,LOSS,38.0°C
"Jeddah, SA",2026-08-18,38.7,35,p5,38.0,C,0.7,LOSS,38.0°C
"Jeddah, SA",2026-08-18,38.7,36,sigma,38.0,C,0.7,LOSS,38.0°C
"Jinan, CN",2026-08-18,28.9,29,mean,,C,,WIN,26°C or higher
"Jinan, CN",2026-08-18,28.9,28,modifisert,,C,,WIN,26°C or higher
"Jinan, CN",2026-08-18,28.9,26,p5,,C,,WIN,26°C or higher
"Jinan, CN",2026-08-18,28.9,27,sigma,,C,,WIN,26°C or higher
"Karachi, PK",2026-08-18,31.9,32,mean,32.0,C,-0.1,WIN,32.0°C
"Karachi, PK",2026-08-18,32.05,32,modifisert,32.0,C,0.05,WIN,32.0°C
"Karachi, PK",2026-08-18,31.9,30,p5,32.0,C,-0.1,LOSS,32.0°C
"Karachi, PK",2026-08-18,31.9,31,sigma,32.0,C,-0.1,LOSS,32.0°C
"Kuala Lumpur, MY",2026-08-18,31.1,31,mean,33.0,C,-1.9,LOSS,33.0°C
"Kuala Lumpur, MY",2026-08-18,32.34,34,modifisert,33.0,C,-0.66,LOSS,33.0°C
"Kuala Lumpur, MY",2026-08-18,31.1,29,p5,33.0,C,-1.9,LOSS,33.0°C
"Kuala Lumpur, MY",2026-08-18,31.1,30,sigma,33.0,C,-1.9,LOSS,33.0°C
"London, UK",2026-08-18,25.1,25,mean,26.0,C,-0.9,LOSS,26.0°C
"London, UK",2026-08-18,25.14,26,modifisert,26.0,C,-0.86,WIN,26.0°C
"London, UK",2026-08-18,25.1,23,p5,26.0,C,-0.9,LOSS,26.0°C
"London, UK",2026-08-18,25.1,24,sigma,26.0,C,-0.9,LOSS,26.0°C
"Los Angeles, US",2026-08-18,28.9,29,mean,26.94,F,1.96,LOSS,80-81°F
"Los Angeles, US",2026-08-18,27.26,26,modifisert,26.94,F,0.32,LOSS,80-81°F
"Los Angeles, US",2026-08-18,28.9,24,p5,26.94,F,1.96,LOSS,80-81°F
"Los Angeles, US",2026-08-18,28.9,28,sigma,26.94,F,1.96,LOSS,80-81°F
"Lucknow, IN",2026-08-18,33.2,33,mean,31.0,C,2.2,LOSS,31.0°C
"Lucknow, IN",2026-08-18,30.57,31,modifisert,31.0,C,-0.43,WIN,31.0°C
"Lucknow, IN",2026-08-18,33.2,31,p5,31.0,C,2.2,WIN,31.0°C
"Lucknow, IN",2026-08-18,33.2,32,sigma,31.0,C,2.2,LOSS,31.0°C
"Madrid, ES",2026-08-18,38.1,38,mean,39.0,C,-0.9,LOSS,39.0°C
"Madrid, ES",2026-08-18,38.22,39,modifisert,39.0,C,-0.78,WIN,39.0°C
"Madrid, ES",2026-08-18,38.1,37,p5,39.0,C,-0.9,LOSS,39.0°C
"Madrid, ES",2026-08-18,38.1,37,sigma,39.0,C,-0.9,LOSS,39.0°C
"Manila, PH",2026-08-18,28.6,29,mean,29.0,C,-0.4,WIN,29.0°C
"Manila, PH",2026-08-18,27.56,28,modifisert,29.0,C,-1.44,LOSS,29.0°C
"Manila, PH",2026-08-18,28.6,27,p5,29.0,C,-0.4,LOSS,29.0°C
"Manila, PH",2026-08-18,28.6,27,sigma,29.0,C,-0.4,LOSS,29.0°C
"Mexico City, MX",2026-08-18,25.8,26,mean,26.0,C,-0.2,WIN,26.0°C
"Mexico City, MX",2026-08-18,26.16,26,modifisert,26.0,C,0.16,WIN,26.0°C
"Mexico City, MX",2026-08-18,25.8,24,p5,26.0,C,-0.2,LOSS,26.0°C
"Mexico City, MX",2026-08-18,25.8,25,sigma,26.0,C,-0.2,LOSS,26.0°C
"Miami, US",2026-08-18,36.4,36,mean,36.94,F,-0.54,LOSS,98-99°F
"Miami, US",2026-08-18,36.64,37,modifisert,36.94,F,-0.3,WIN,98-99°F
"Miami, US",2026-08-18,36.4,35,p5,36.94,F,-0.54,LOSS,98-99°F
"Miami, US",2026-08-18,36.4,35,sigma,36.94,F,-0.54,LOSS,98-99°F
"Milan, IT",2026-08-18,31.6,32,mean,32.0,C,-0.4,WIN,32.0°C
"Milan, IT",2026-08-18,31.85,32,modifisert,32.0,C,-0.15,WIN,32.0°C
"Milan, IT",2026-08-18,31.6,30,p5,32.0,C,-0.4,LOSS,32.0°C
"Milan, IT",2026-08-18,31.6,31,sigma,32.0,C,-0.4,LOSS,32.0°C
"Moscow, RU",2026-08-18,22.7,23,mean,22.0,C,0.7,LOSS,22.0°C
"Moscow, RU",2026-08-18,22.75,23,modifisert,22.0,C,0.75,LOSS,22.0°C
"Moscow, RU",2026-08-18,22.7,22,p5,22.0,C,0.7,WIN,22.0°C
"Moscow, RU",2026-08-18,22.7,22,sigma,22.0,C,0.7,WIN,22.0°C
"Munich, DE",2026-08-18,19.6,20,mean,20.0,C,-0.4,WIN,20.0°C
"Munich, DE",2026-08-18,20.5,22,modifisert,20.0,C,0.5,LOSS,20.0°C
"Munich, DE",2026-08-18,19.6,17,p5,20.0,C,-0.4,LOSS,20.0°C
"Munich, DE",2026-08-18,19.6,18,sigma,20.0,C,-0.4,LOSS,20.0°C
"New York, US",2026-08-18,29.2,29,mean,29.17,F,0.03,WIN,84-85°F
"New York, US",2026-08-18,29.32,29,modifisert,29.17,F,0.15,WIN,84-85°F
"New York, US",2026-08-18,29.2,27,p5,29.17,F,0.03,LOSS,84-85°F
"New York, US",2026-08-18,29.2,28,sigma,29.17,F,0.03,LOSS,84-85°F
"Panama City, PA",2026-08-18,29.9,30,mean,31.0,C,-1.1,LOSS,31.0°C
"Panama City, PA",2026-08-18,30.17,32,modifisert,31.0,C,-0.83,LOSS,31.0°C
"Panama City, PA",2026-08-18,29.9,28,p5,31.0,C,-1.1,LOSS,31.0°C
"Panama City, PA",2026-08-18,29.9,28,sigma,31.0,C,-1.1,LOSS,31.0°C
"Paris, FR",2026-08-18,27.2,27,mean,27.0,C,0.2,WIN,27.0°C
"Paris, FR",2026-08-18,27.55,28,modifisert,27.0,C,0.55,LOSS,27.0°C
"Paris, FR",2026-08-18,27.2,26,p5,27.0,C,0.2,LOSS,27.0°C
"Paris, FR",2026-08-18,27.2,26,sigma,27.0,C,0.2,LOSS,27.0°C
"Qingdao, CN",2026-08-18,31.0,31,mean,33.0,C,-2.0,LOSS,33.0°C
"Qingdao, CN",2026-08-18,32.86,34,modifisert,33.0,C,-0.14,LOSS,33.0°C
"Qingdao, CN",2026-08-18,31.0,29,p5,33.0,C,-2.0,LOSS,33.0°C
"Qingdao, CN",2026-08-18,31.0,30,sigma,33.0,C,-2.0,LOSS,33.0°C
"San Francisco, US",2026-08-18,20.0,20,mean,20.28,F,-0.28,WIN,68-69°F
"San Francisco, US",2026-08-18,20.61,22,modifisert,20.28,F,0.33,LOSS,68-69°F
"San Francisco, US",2026-08-18,20.0,18,p5,20.28,F,-0.28,LOSS,68-69°F
"San Francisco, US",2026-08-18,20.0,17,sigma,20.28,F,-0.28,LOSS,68-69°F
"Sao Paulo, BR",2026-08-18,29.5,30,mean,31.0,C,-1.5,LOSS,31.0°C
"Sao Paulo, BR",2026-08-18,30.45,31,modifisert,31.0,C,-0.55,WIN,31.0°C
"Sao Paulo, BR",2026-08-18,29.5,28,p5,31.0,C,-1.5,LOSS,31.0°C
"Sao Paulo, BR",2026-08-18,29.5,28,sigma,31.0,C,-1.5,LOSS,31.0°C
"Seattle, US",2026-08-18,25.7,26,mean,25.83,F,-0.13,WIN,78-79°F
"Seattle, US",2026-08-18,26.35,27,modifisert,25.83,F,0.52,LOSS,78-79°F
"Seattle, US",2026-08-18,25.7,24,p5,25.83,F,-0.13,LOSS,78-79°F
"Seattle, US",2026-08-18,25.7,23,sigma,25.83,F,-0.13,LOSS,78-79°F
"Seoul (Incheon), KR",2026-08-18,27.9,28,mean,31.0,C,-3.1,LOSS,31.0°C
"Seoul (Incheon), KR",2026-08-18,29.34,31,modifisert,31.0,C,-1.66,WIN,31.0°C
"Seoul (Incheon), KR",2026-08-18,27.9,26,p5,31.0,C,-3.1,LOSS,31.0°C
"Seoul (Incheon), KR",2026-08-18,27.9,27,sigma,31.0,C,-3.1,LOSS,31.0°C
"Shanghai, CN",2026-08-18,29.7,30,mean,31.0,C,-1.3,LOSS,31.0°C
"Shanghai, CN",2026-08-18,31.1,33,modifisert,31.0,C,0.1,LOSS,31.0°C
"Shanghai, CN",2026-08-18,29.7,28,p5,31.0,C,-1.3,LOSS,31.0°C
"Shanghai, CN",2026-08-18,29.7,29,sigma,31.0,C,-1.3,LOSS,31.0°C
"Shenzhen, CN",2026-08-18,34.0,34,mean,34.0,C,0.0,WIN,34.0°C
"Shenzhen, CN",2026-08-18,32.72,33,modifisert,34.0,C,-1.28,LOSS,34.0°C
"Shenzhen, CN",2026-08-18,34.0,32,p5,34.0,C,0.0,LOSS,34.0°C
"Shenzhen, CN",2026-08-18,34.0,33,sigma,34.0,C,0.0,LOSS,34.0°C
"Singapore, SG",2026-08-18,30.4,30,mean,33.0,C,-2.6,LOSS,33.0°C
"Singapore, SG",2026-08-18,32.37,33,modifisert,33.0,C,-0.63,WIN,33.0°C
"Singapore, SG",2026-08-18,30.4,29,p5,33.0,C,-2.6,LOSS,33.0°C
"Singapore, SG",2026-08-18,30.4,29,sigma,33.0,C,-2.6,LOSS,33.0°C
"Taipei, TW",2026-08-18,30.8,31,mean,34.0,C,-3.2,LOSS,34.0°C
"Taipei, TW",2026-08-18,30.8,33,modifisert,34.0,C,-3.2,LOSS,34.0°C
"Taipei, TW",2026-08-18,30.8,28,p5,34.0,C,-3.2,LOSS,34.0°C
"Taipei, TW",2026-08-18,30.8,29,sigma,34.0,C,-3.2,LOSS,34.0°C
"Tel Aviv, IL",2026-08-18,32.3,32,mean,32.0,C,0.3,WIN,32.0°C
"Tel Aviv, IL",2026-08-18,31.93,31,modifisert,32.0,C,-0.07,LOSS,32.0°C
"Tel Aviv, IL",2026-08-18,32.3,31,p5,32.0,C,0.3,LOSS,32.0°C
"Tel Aviv, IL",2026-08-18,32.3,31,sigma,32.0,C,0.3,LOSS,32.0°C
"Tokyo, JP",2026-08-18,31.2,31,mean,31.0,C,0.2,WIN,31.0°C
"Tokyo, JP",2026-08-18,30.84,31,modifisert,31.0,C,-0.16,WIN,31.0°C
"Tokyo, JP",2026-08-18,31.2,30,p5,31.0,C,0.2,LOSS,31.0°C
"Tokyo, JP",2026-08-18,31.2,30,sigma,31.0,C,0.2,LOSS,31.0°C
"Toronto, CA",2026-08-18,26.4,26,mean,27.0,C,-0.6,LOSS,27.0°C
"Toronto, CA",2026-08-18,27.17,27,modifisert,27.0,C,0.17,WIN,27.0°C
"Toronto, CA",2026-08-18,26.4,24,p5,27.0,C,-0.6,LOSS,27.0°C
"Toronto, CA",2026-08-18,26.4,24,sigma,27.0,C,-0.6,LOSS,27.0°C
"Warsaw, PL",2026-08-18,19.2,19,mean,21.0,C,-1.8,LOSS,21.0°C
"Warsaw, PL",2026-08-18,19.17,19,modifisert,21.0,C,-1.83,LOSS,21.0°C
"Warsaw, PL",2026-08-18,19.2,18,p5,21.0,C,-1.8,LOSS,21.0°C
"Warsaw, PL",2026-08-18,19.2,18,sigma,21.0,C,-1.8,LOSS,21.0°C
"Wellington, NZ",2026-08-18,10.2,10,mean,12.0,C,-1.8,LOSS,12.0°C
"Wellington, NZ",2026-08-18,11.25,12,modifisert,12.0,C,-0.75,WIN,12.0°C
"Wellington, NZ",2026-08-18,10.2,9,p5,12.0,C,-1.8,LOSS,12.0°C
"Wellington, NZ",2026-08-18,10.2,9,sigma,12.0,C,-1.8,LOSS,12.0°C
"Wuhan, CN",2026-08-18,34.2,34,mean,35.0,C,-0.8,LOSS,35.0°C
"Wuhan, CN",2026-08-18,34.23,35,modifisert,35.0,C,-0.77,WIN,35.0°C
"Wuhan, CN",2026-08-18,34.2,32,p5,35.0,C,-0.8,LOSS,35.0°C
"Wuhan, CN",2026-08-18,34.2,33,sigma,35.0,C,-0.8,LOSS,35.0°C
"Zhengzhou, CN",2026-08-18,27.6,28,mean,,C,,LOSS,32°C or higher
"Zhengzhou, CN",2026-08-18,27.6,29,modifisert,,C,,LOSS,32°C or higher
"Zhengzhou, CN",2026-08-18,27.6,25,p5,,C,,LOSS,32°C or higher
"Zhengzhou, CN",2026-08-18,27.6,26,sigma,,C,,LOSS,32°C or higher
"Amsterdam, NL",2026-08-19,19.6,20,mean,21.0,C,-1.4,LOSS,21.0°C
"Amsterdam, NL",2026-08-19,19.73,20,modifisert,21.0,C,-1.27,LOSS,21.0°C
"Amsterdam, NL",2026-08-19,19.6,18,p5,21.0,C,-1.4,LOSS,21.0°C
"Amsterdam, NL",2026-08-19,19.6,18,sigma,21.0,C,-1.4,LOSS,21.0°C
"Ankara, TR",2026-08-19,30.7,31,mean,32.0,C,-1.3,LOSS,32.0°C
"Ankara, TR",2026-08-19,30.86,32,modifisert,32.0,C,-1.14,WIN,32.0°C
"Ankara, TR",2026-08-19,30.7,30,p5,32.0,C,-1.3,LOSS,32.0°C
"Ankara, TR",2026-08-19,30.7,30,sigma,32.0,C,-1.3,LOSS,32.0°C
"Atlanta, US",2026-08-19,34.0,34,mean,34.72,F,-0.72,LOSS,94-95°F
"Atlanta, US",2026-08-19,34.39,35,modifisert,34.72,F,-0.33,WIN,94-95°F
"Atlanta, US",2026-08-19,34.0,32,p5,34.72,F,-0.72,LOSS,94-95°F
"Atlanta, US",2026-08-19,34.0,32,sigma,34.72,F,-0.72,LOSS,94-95°F
"Austin, US",2026-08-19,38.1,38,mean,39.17,F,-1.07,LOSS,102-103°F
"Austin, US",2026-08-19,38.25,39,modifisert,39.17,F,-0.92,WIN,102-103°F
"Austin, US",2026-08-19,38.1,37,p5,39.17,F,-1.07,LOSS,102-103°F
"Austin, US",2026-08-19,38.1,36,sigma,39.17,F,-1.07,LOSS,102-103°F
"Beijing, CN",2026-08-19,31.5,32,mean,32.0,C,-0.5,WIN,32.0°C
"Beijing, CN",2026-08-19,31.84,32,modifisert,32.0,C,-0.16,WIN,32.0°C
"Beijing, CN",2026-08-19,31.5,30,p5,32.0,C,-0.5,LOSS,32.0°C
"Beijing, CN",2026-08-19,31.5,30,sigma,32.0,C,-0.5,LOSS,32.0°C
"Buenos Aires, AR",2026-08-19,15.3,15,mean,17.0,C,-1.7,LOSS,17.0°C
"Buenos Aires, AR",2026-08-19,15.48,16,modifisert,17.0,C,-1.52,LOSS,17.0°C
"Buenos Aires, AR",2026-08-19,15.3,14,p5,17.0,C,-1.7,LOSS,17.0°C
"Buenos Aires, AR",2026-08-19,15.3,14,sigma,17.0,C,-1.7,LOSS,17.0°C
"Busan, KR",2026-08-19,30.7,31,mean,32.0,C,-1.3,LOSS,32.0°C
"Busan, KR",2026-08-19,31.23,33,modifisert,32.0,C,-0.77,LOSS,32.0°C
"Busan, KR",2026-08-19,30.7,29,p5,32.0,C,-1.3,LOSS,32.0°C
"Busan, KR",2026-08-19,30.7,30,sigma,32.0,C,-1.3,LOSS,32.0°C
"Cape Town, ZA",2026-08-19,17.5,18,mean,19.0,C,-1.5,LOSS,19.0°C
"Cape Town, ZA",2026-08-19,19.02,19,modifisert,19.0,C,0.02,WIN,19.0°C
"Cape Town, ZA",2026-08-19,17.5,16,p5,19.0,C,-1.5,LOSS,19.0°C
"Cape Town, ZA",2026-08-19,17.5,17,sigma,19.0,C,-1.5,LOSS,19.0°C
"Chengdu, CN",2026-08-19,27.5,28,mean,29.0,C,-1.5,LOSS,29.0°C
"Chengdu, CN",2026-08-19,27.61,29,modifisert,29.0,C,-1.39,WIN,29.0°C
"Chengdu, CN",2026-08-19,27.5,25,p5,29.0,C,-1.5,LOSS,29.0°C
"Chengdu, CN",2026-08-19,27.5,26,sigma,29.0,C,-1.5,LOSS,29.0°C
"Chicago, US",2026-08-19,25.8,26,mean,25.83,F,-0.03,WIN,78-79°F
"Chicago, US",2026-08-19,26.14,26,modifisert,25.83,F,0.31,WIN,78-79°F
"Chicago, US",2026-08-19,25.8,24,p5,25.83,F,-0.03,LOSS,78-79°F
"Chicago, US",2026-08-19,25.8,24,sigma,25.83,F,-0.03,LOSS,78-79°F
"Chongqing, CN",2026-08-19,29.6,30,mean,29.0,C,0.6,LOSS,29.0°C
"Chongqing, CN",2026-08-19,28.6,30,modifisert,29.0,C,-0.4,LOSS,29.0°C
"Chongqing, CN",2026-08-19,29.6,26,p5,29.0,C,0.6,LOSS,29.0°C
"Chongqing, CN",2026-08-19,29.6,27,sigma,29.0,C,0.6,LOSS,29.0°C
"Dallas, US",2026-08-19,40.5,40,mean,40.28,F,0.22,WIN,104-105°F
"Dallas, US",2026-08-19,40.4,40,modifisert,40.28,F,0.12,WIN,104-105°F
"Dallas, US",2026-08-19,40.5,39,p5,40.28,F,0.22,LOSS,104-105°F
"Dallas, US",2026-08-19,40.5,39,sigma,40.28,F,0.22,LOSS,104-105°F
"Denver, US",2026-08-19,30.9,31,mean,32.5,F,-1.6,LOSS,90-91°F
"Denver, US",2026-08-19,32.54,34,modifisert,32.5,F,0.04,LOSS,90-91°F
"Denver, US",2026-08-19,30.9,29,p5,32.5,F,-1.6,LOSS,90-91°F
"Denver, US",2026-08-19,30.9,29,sigma,32.5,F,-1.6,LOSS,90-91°F
"Guangzhou, CN",2026-08-19,35.2,35,mean,35.0,C,0.2,WIN,35.0°C
"Guangzhou, CN",2026-08-19,35.2,37,modifisert,35.0,C,0.2,LOSS,35.0°C
"Guangzhou, CN",2026-08-19,35.2,34,p5,35.0,C,0.2,LOSS,35.0°C
"Guangzhou, CN",2026-08-19,35.2,34,sigma,35.0,C,0.2,LOSS,35.0°C
"Helsinki, FI",2026-08-19,19.5,20,mean,20.0,C,-0.5,WIN,20.0°C
"Helsinki, FI",2026-08-19,19.94,21,modifisert,20.0,C,-0.06,LOSS,20.0°C
"Helsinki, FI",2026-08-19,19.5,18,p5,20.0,C,-0.5,LOSS,20.0°C
"Helsinki, FI",2026-08-19,19.5,18,sigma,20.0,C,-0.5,LOSS,20.0°C
"Hong Kong, HK",2026-08-19,31.0,31,mean,32.0,C,-1.0,LOSS,32.0°C
"Hong Kong, HK",2026-08-19,31.1,32,modifisert,32.0,C,-0.9,WIN,32.0°C
"Hong Kong, HK",2026-08-19,31.0,30,p5,32.0,C,-1.0,LOSS,32.0°C
"Hong Kong, HK",2026-08-19,31.0,30,sigma,32.0,C,-1.0,LOSS,32.0°C
"Houston, US",2026-08-19,35.8,36,mean,35.83,F,-0.03,WIN,96-97°F
"Houston, US",2026-08-19,35.81,35,modifisert,35.83,F,-0.02,LOSS,96-97°F
"Houston, US",2026-08-19,35.8,34,p5,35.83,F,-0.03,LOSS,96-97°F
"Houston, US",2026-08-19,35.8,35,sigma,35.83,F,-0.03,LOSS,96-97°F
"Istanbul, TR",2026-08-19,26.1,26,mean,27.0,C,-0.9,LOSS,27.0°C
"Istanbul, TR",2026-08-19,26.59,27,modifisert,27.0,C,-0.41,WIN,27.0°C
"Istanbul, TR",2026-08-19,26.1,24,p5,27.0,C,-0.9,LOSS,27.0°C
"Istanbul, TR",2026-08-19,26.1,24,sigma,27.0,C,-0.9,LOSS,27.0°C
"Jeddah, SA",2026-08-19,37.6,38,mean,37.0,C,0.6,LOSS,37.0°C
"Jeddah, SA",2026-08-19,37.64,38,modifisert,37.0,C,0.64,LOSS,37.0°C
"Jeddah, SA",2026-08-19,37.6,34,p5,37.0,C,0.6,LOSS,37.0°C
"Jeddah, SA",2026-08-19,37.6,34,sigma,37.0,C,0.6,LOSS,37.0°C
"Jinan, CN",2026-08-19,29.0,29,mean,,C,,WIN,26°C or higher
"Jinan, CN",2026-08-19,29.0,28,modifisert,,C,,WIN,26°C or higher
"Jinan, CN",2026-08-19,29.0,26,p5,,C,,WIN,26°C or higher
"Jinan, CN",2026-08-19,29.0,27,sigma,,C,,WIN,26°C or higher
"Karachi, PK",2026-08-19,31.9,32,mean,32.0,C,-0.1,WIN,32.0°C
"Karachi, PK",2026-08-19,32.1,32,modifisert,32.0,C,0.1,WIN,32.0°C
"Karachi, PK",2026-08-19,31.9,30,p5,32.0,C,-0.1,LOSS,32.0°C
"Karachi, PK",2026-08-19,31.9,31,sigma,32.0,C,-0.1,LOSS,32.0°C
"Kuala Lumpur, MY",2026-08-19,30.9,31,mean,34.0,C,-3.1,LOSS,34.0°C
"Kuala Lumpur, MY",2026-08-19,31.6,33,modifisert,34.0,C,-2.4,LOSS,34.0°C
"Kuala Lumpur, MY",2026-08-19,30.9,29,p5,34.0,C,-3.1,LOSS,34.0°C
"Kuala Lumpur, MY",2026-08-19,30.9,30,sigma,34.0,C,-3.1,LOSS,34.0°C
"London, UK",2026-08-19,23.7,24,mean,25.0,C,-1.3,LOSS,25.0°C
"London, UK",2026-08-19,23.91,25,modifisert,25.0,C,-1.09,WIN,25.0°C
"London, UK",2026-08-19,23.7,22,p5,25.0,C,-1.3,LOSS,25.0°C
"London, UK",2026-08-19,23.7,21,sigma,25.0,C,-1.3,LOSS,25.0°C
"Los Angeles, US",2026-08-19,29.6,30,mean,26.94,F,2.66,LOSS,80-81°F
"Los Angeles, US",2026-08-19,27.08,25,modifisert,26.94,F,0.14,LOSS,80-81°F
"Los Angeles, US",2026-08-19,29.6,24,p5,26.94,F,2.66,LOSS,80-81°F
"Los Angeles, US",2026-08-19,29.6,29,sigma,26.94,F,2.66,LOSS,80-81°F
"Lucknow, IN",2026-08-19,33.2,33,mean,32.0,C,1.2,LOSS,32.0°C
"Lucknow, IN",2026-08-19,32.46,33,modifisert,32.0,C,0.46,LOSS,32.0°C
"Lucknow, IN",2026-08-19,33.2,31,p5,32.0,C,1.2,LOSS,32.0°C
"Lucknow, IN",2026-08-19,33.2,32,sigma,32.0,C,1.2,WIN,32.0°C
"Madrid, ES",2026-08-19,35.2,35,mean,36.0,C,-0.8,LOSS,36.0°C
"Madrid, ES",2026-08-19,35.33,36,modifisert,36.0,C,-0.67,WIN,36.0°C
"Madrid, ES",2026-08-19,35.2,34,p5,36.0,C,-0.8,LOSS,36.0°C
"Madrid, ES",2026-08-19,35.2,34,sigma,36.0,C,-0.8,LOSS,36.0°C
"Manila, PH",2026-08-19,29.2,29,mean,30.0,C,-0.8,LOSS,30.0°C
"Manila, PH",2026-08-19,29.73,31,modifisert,30.0,C,-0.27,LOSS,30.0°C
"Manila, PH",2026-08-19,29.2,27,p5,30.0,C,-0.8,LOSS,30.0°C
"Manila, PH",2026-08-19,29.2,28,sigma,30.0,C,-0.8,LOSS,30.0°C
"Mexico City, MX",2026-08-19,25.9,26,mean,25.0,C,0.9,LOSS,25.0°C
"Mexico City, MX",2026-08-19,25.93,26,modifisert,25.0,C,0.93,LOSS,25.0°C
"Mexico City, MX",2026-08-19,25.9,24,p5,25.0,C,0.9,LOSS,25.0°C
"Mexico City, MX",2026-08-19,25.9,25,sigma,25.0,C,0.9,WIN,25.0°C
"Miami, US",2026-08-19,33.9,34,mean,34.72,F,-0.82,LOSS,94-95°F
"Miami, US",2026-08-19,34.52,35,modifisert,34.72,F,-0.2,WIN,94-95°F
"Miami, US",2026-08-19,33.9,32,p5,34.72,F,-0.82,LOSS,94-95°F
"Miami, US",2026-08-19,33.9,32,sigma,34.72,F,-0.82,LOSS,94-95°F
"Milan, IT",2026-08-19,31.5,32,mean,32.0,C,-0.5,WIN,32.0°C
"Milan, IT",2026-08-19,32.07,33,modifisert,32.0,C,0.07,LOSS,32.0°C
"Milan, IT",2026-08-19,31.5,29,p5,32.0,C,-0.5,LOSS,32.0°C
"Milan, IT",2026-08-19,31.5,31,sigma,32.0,C,-0.5,LOSS,32.0°C
"Moscow, RU",2026-08-19,18.9,19,mean,19.0,C,-0.1,WIN,19.0°C
"Moscow, RU",2026-08-19,18.87,19,modifisert,19.0,C,-0.13,WIN,19.0°C
"Moscow, RU",2026-08-19,18.9,18,p5,19.0,C,-0.1,LOSS,19.0°C
"Moscow, RU",2026-08-19,18.9,18,sigma,19.0,C,-0.1,LOSS,19.0°C
"Munich, DE",2026-08-19,27.4,27,mean,31.0,C,-3.6,LOSS,31.0°C
"Munich, DE",2026-08-19,28.6,31,modifisert,31.0,C,-2.4,WIN,31.0°C
"Munich, DE",2026-08-19,27.4,26,p5,31.0,C,-3.6,LOSS,31.0°C
"Munich, DE",2026-08-19,27.4,25,sigma,31.0,C,-3.6,LOSS,31.0°C
"New York, US",2026-08-19,30.3,30,mean,30.28,F,0.02,WIN,86-87°F
"New York, US",2026-08-19,30.9,31,modifisert,30.28,F,0.62,LOSS,86-87°F
"New York, US",2026-08-19,30.3,28,p5,30.28,F,0.02,LOSS,86-87°F
"New York, US",2026-08-19,30.3,30,sigma,30.28,F,0.02,WIN,86-87°F
"Panama City, PA",2026-08-19,31.3,31,mean,33.0,C,-1.7,LOSS,33.0°C
"Panama City, PA",2026-08-19,31.74,33,modifisert,33.0,C,-1.26,WIN,33.0°C
"Panama City, PA",2026-08-19,31.3,30,p5,33.0,C,-1.7,LOSS,33.0°C
"Panama City, PA",2026-08-19,31.3,30,sigma,33.0,C,-1.7,LOSS,33.0°C
"Paris, FR",2026-08-19,27.7,28,mean,,C,,LOSS,29°C or higher
"Paris, FR",2026-08-19,27.7,28,modifisert,,C,,LOSS,29°C or higher
"Paris, FR",2026-08-19,27.7,26,p5,,C,,LOSS,29°C or higher
"Paris, FR",2026-08-19,27.7,25,sigma,,C,,LOSS,29°C or higher
"Qingdao, CN",2026-08-19,31.0,31,mean,33.0,C,-2.0,LOSS,33.0°C
"Qingdao, CN",2026-08-19,32.18,33,modifisert,33.0,C,-0.82,WIN,33.0°C
"Qingdao, CN",2026-08-19,31.0,29,p5,33.0,C,-2.0,LOSS,33.0°C
"Qingdao, CN",2026-08-19,31.0,30,sigma,33.0,C,-2.0,LOSS,33.0°C
"San Francisco, US",2026-08-19,20.6,21,mean,19.17,F,1.43,LOSS,66-67°F
"San Francisco, US",2026-08-19,20.93,22,modifisert,19.17,F,1.76,LOSS,66-67°F
"San Francisco, US",2026-08-19,20.6,17,p5,19.17,F,1.43,LOSS,66-67°F
"San Francisco, US",2026-08-19,20.6,17,sigma,19.17,F,1.43,LOSS,66-67°F
"Sao Paulo, BR",2026-08-19,30.3,30,mean,32.0,C,-1.7,LOSS,32.0°C
"Sao Paulo, BR",2026-08-19,30.93,32,modifisert,32.0,C,-1.07,WIN,32.0°C
"Sao Paulo, BR",2026-08-19,30.3,29,p5,32.0,C,-1.7,LOSS,32.0°C
"Sao Paulo, BR",2026-08-19,30.3,28,sigma,32.0,C,-1.7,LOSS,32.0°C
"Seattle, US",2026-08-19,25.8,26,mean,28.06,F,-2.26,LOSS,82-83°F
"Seattle, US",2026-08-19,27.74,28,modifisert,28.06,F,-0.32,WIN,82-83°F
"Seattle, US",2026-08-19,25.8,24,p5,28.06,F,-2.26,LOSS,82-83°F
"Seattle, US",2026-08-19,25.8,24,sigma,28.06,F,-2.26,LOSS,82-83°F
"Seoul (Incheon), KR",2026-08-19,28.0,28,mean,29.0,C,-1.0,LOSS,29.0°C
"Seoul (Incheon), KR",2026-08-19,29.38,31,modifisert,29.0,C,0.38,LOSS,29.0°C
"Seoul (Incheon), KR",2026-08-19,28.0,26,p5,29.0,C,-1.0,LOSS,29.0°C
"Seoul (Incheon), KR",2026-08-19,28.0,27,sigma,29.0,C,-1.0,LOSS,29.0°C
"Shanghai, CN",2026-08-19,29.8,30,mean,31.0,C,-1.2,LOSS,31.0°C
"Shanghai, CN",2026-08-19,31.4,34,modifisert,31.0,C,0.4,LOSS,31.0°C
"Shanghai, CN",2026-08-19,29.8,29,p5,31.0,C,-1.2,LOSS,31.0°C
"Shanghai, CN",2026-08-19,29.8,29,sigma,31.0,C,-1.2,LOSS,31.0°C
"Shenzhen, CN",2026-08-19,33.9,34,mean,35.0,C,-1.1,LOSS,35.0°C
"Shenzhen, CN",2026-08-19,34.15,34,modifisert,35.0,C,-0.85,LOSS,35.0°C
"Shenzhen, CN",2026-08-19,33.9,32,p5,35.0,C,-1.1,LOSS,35.0°C
"Shenzhen, CN",2026-08-19,33.9,33,sigma,35.0,C,-1.1,LOSS,35.0°C
"Singapore, SG",2026-08-19,30.5,30,mean,33.0,C,-2.5,LOSS,33.0°C
"Singapore, SG",2026-08-19,31.82,33,modifisert,33.0,C,-1.18,WIN,33.0°C
"Singapore, SG",2026-08-19,30.5,29,p5,33.0,C,-2.5,LOSS,33.0°C
"Singapore, SG",2026-08-19,30.5,29,sigma,33.0,C,-2.5,LOSS,33.0°C
"Taipei, TW",2026-08-19,30.7,31,mean,32.0,C,-1.3,LOSS,32.0°C
"Taipei, TW",2026-08-19,30.7,33,modifisert,32.0,C,-1.3,LOSS,32.0°C
"Taipei, TW",2026-08-19,30.7,28,p5,32.0,C,-1.3,LOSS,32.0°C
"Taipei, TW",2026-08-19,30.7,29,sigma,32.0,C,-1.3,LOSS,32.0°C
"Tel Aviv, IL",2026-08-19,33.0,33,mean,32.0,C,1.0,LOSS,32.0°C
"Tel Aviv, IL",2026-08-19,32.47,32,modifisert,32.0,C,0.47,WIN,32.0°C
"Tel Aviv, IL",2026-08-19,33.0,31,p5,32.0,C,1.0,LOSS,32.0°C
"Tel Aviv, IL",2026-08-19,33.0,32,sigma,32.0,C,1.0,WIN,32.0°C
"Tokyo, JP",2026-08-19,31.1,31,mean,32.0,C,-0.9,LOSS,32.0°C
"Tokyo, JP",2026-08-19,31.75,32,modifisert,32.0,C,-0.25,WIN,32.0°C
"Tokyo, JP",2026-08-19,31.1,30,p5,32.0,C,-0.9,LOSS,32.0°C
"Tokyo, JP",2026-08-19,31.1,30,sigma,32.0,C,-0.9,LOSS,32.0°C
"Toronto, CA",2026-08-19,25.6,26,mean,27.0,C,-1.4,LOSS,27.0°C
"Toronto, CA",2026-08-19,26.17,26,modifisert,27.0,C,-0.83,LOSS,27.0°C
"Toronto, CA",2026-08-19,25.6,24,p5,27.0,C,-1.4,LOSS,27.0°C
"Toronto, CA",2026-08-19,25.6,24,sigma,27.0,C,-1.4,LOSS,27.0°C
"Warsaw, PL",2026-08-19,21.8,22,mean,23.0,C,-1.2,LOSS,23.0°C
"Warsaw, PL",2026-08-19,22.6,23,modifisert,23.0,C,-0.4,WIN,23.0°C
"Warsaw, PL",2026-08-19,21.8,20,p5,23.0,C,-1.2,LOSS,23.0°C
"Warsaw, PL",2026-08-19,21.8,20,sigma,23.0,C,-1.2,LOSS,23.0°C
"Wellington, NZ",2026-08-19,10.3,10,mean,11.0,C,-0.7,LOSS,11.0°C
"Wellington, NZ",2026-08-19,10.26,11,modifisert,11.0,C,-0.74,WIN,11.0°C
"Wellington, NZ",2026-08-19,10.3,9,p5,11.0,C,-0.7,LOSS,11.0°C
"Wellington, NZ",2026-08-19,10.3,10,sigma,11.0,C,-0.7,LOSS,11.0°C
"Wuhan, CN",2026-08-19,34.2,34,mean,36.0,C,-1.8,LOSS,36.0°C
"Wuhan, CN",2026-08-19,34.84,36,modifisert,36.0,C,-1.16,WIN,36.0°C
"Wuhan, CN",2026-08-19,34.2,33,p5,36.0,C,-1.8,LOSS,36.0°C
"Wuhan, CN",2026-08-19,34.2,33,sigma,36.0,C,-1.8,LOSS,36.0°C
"Zhengzhou, CN",2026-08-19,27.9,28,mean,28.0,C,-0.1,WIN,28.0°C
"Zhengzhou, CN",2026-08-19,28.2,29,modifisert,28.0,C,0.2,LOSS,28.0°C
"Zhengzhou, CN",2026-08-19,27.9,25,p5,28.0,C,-0.1,LOSS,28.0°C
"Zhengzhou, CN",2026-08-19,27.9,26,sigma,28.0,C,-0.1,LOSS,28.0°C
"Amsterdam, NL",2026-08-20,19.2,19,mean,22.0,C,-2.8,LOSS,22.0°C
"Amsterdam, NL",2026-08-20,19.97,21,modifisert,22.0,C,-2.03,LOSS,22.0°C
"Amsterdam, NL",2026-08-20,19.2,17,p5,22.0,C,-2.8,LOSS,22.0°C
"Amsterdam, NL",2026-08-20,19.2,17,sigma,22.0,C,-2.8,LOSS,22.0°C
"Ankara, TR",2026-08-20,30.0,30,mean,31.0,C,-1.0,LOSS,31.0°C
"Ankara, TR",2026-08-20,30.48,31,modifisert,31.0,C,-0.52,WIN,31.0°C
"Ankara, TR",2026-08-20,30.0,29,p5,31.0,C,-1.0,LOSS,31.0°C
"Ankara, TR",2026-08-20,30.0,29,sigma,31.0,C,-1.0,LOSS,31.0°C
"Atlanta, US",2026-08-20,34.7,35,mean,35.83,F,-1.13,LOSS,96-97°F
"Atlanta, US",2026-08-20,35.49,36,modifisert,35.83,F,-0.34,WIN,96-97°F
"Atlanta, US",2026-08-20,34.7,33,p5,35.83,F,-1.13,LOSS,96-97°F
"Atlanta, US",2026-08-20,34.7,33,sigma,35.83,F,-1.13,LOSS,96-97°F
"Austin, US",2026-08-20,38.6,39,mean,39.17,F,-0.57,WIN,102-103°F
"Austin, US",2026-08-20,38.94,40,modifisert,39.17,F,-0.23,LOSS,102-103°F
"Austin, US",2026-08-20,38.6,37,p5,39.17,F,-0.57,LOSS,102-103°F
"Austin, US",2026-08-20,38.6,37,sigma,39.17,F,-0.57,LOSS,102-103°F
"Beijing, CN",2026-08-20,31.7,32,mean,32.0,C,-0.3,WIN,32.0°C
"Beijing, CN",2026-08-20,31.68,32,modifisert,32.0,C,-0.32,WIN,32.0°C
"Beijing, CN",2026-08-20,31.7,30,p5,32.0,C,-0.3,LOSS,32.0°C
"Beijing, CN",2026-08-20,31.7,30,sigma,32.0,C,-0.3,LOSS,32.0°C
"Buenos Aires, AR",2026-08-20,17.7,18,mean,19.0,C,-1.3,LOSS,19.0°C
"Buenos Aires, AR",2026-08-20,17.93,19,modifisert,19.0,C,-1.07,WIN,19.0°C
"Buenos Aires, AR",2026-08-20,17.7,15,p5,19.0,C,-1.3,LOSS,19.0°C
"Buenos Aires, AR",2026-08-20,17.7,15,sigma,19.0,C,-1.3,LOSS,19.0°C
"Busan, KR",2026-08-20,32.0,32,mean,33.0,C,-1.0,LOSS,33.0°C
"Busan, KR",2026-08-20,32.51,34,modifisert,33.0,C,-0.49,LOSS,33.0°C
"Busan, KR",2026-08-20,32.0,31,p5,33.0,C,-1.0,LOSS,33.0°C
"Busan, KR",2026-08-20,32.0,31,sigma,33.0,C,-1.0,LOSS,33.0°C
"Cape Town, ZA",2026-08-20,17.4,17,mean,18.0,C,-0.6,LOSS,18.0°C
"Cape Town, ZA",2026-08-20,18.04,18,modifisert,18.0,C,0.04,WIN,18.0°C
"Cape Town, ZA",2026-08-20,17.4,16,p5,18.0,C,-0.6,LOSS,18.0°C
"Cape Town, ZA",2026-08-20,17.4,17,sigma,18.0,C,-0.6,LOSS,18.0°C
"Chengdu, CN",2026-08-20,28.3,28,mean,31.0,C,-2.7,LOSS,31.0°C
"Chengdu, CN",2026-08-20,27.79,29,modifisert,31.0,C,-3.21,LOSS,31.0°C
"Chengdu, CN",2026-08-20,28.3,26,p5,31.0,C,-2.7,LOSS,31.0°C
"Chengdu, CN",2026-08-20,28.3,27,sigma,31.0,C,-2.7,LOSS,31.0°C
"Chicago, US",2026-08-20,25.3,25,mean,24.72,F,0.58,WIN,76-77°F
"Chicago, US",2026-08-20,25.68,25,modifisert,24.72,F,0.96,WIN,76-77°F
"Chicago, US",2026-08-20,25.3,24,p5,24.72,F,0.58,LOSS,76-77°F
"Chicago, US",2026-08-20,25.3,24,sigma,24.72,F,0.58,LOSS,76-77°F
"Chongqing, CN",2026-08-20,31.6,32,mean,33.0,C,-1.4,LOSS,33.0°C
"Chongqing, CN",2026-08-20,32.2,34,modifisert,33.0,C,-0.8,LOSS,33.0°C
"Chongqing, CN",2026-08-20,31.6,30,p5,33.0,C,-1.4,LOSS,33.0°C
"Chongqing, CN",2026-08-20,31.6,30,sigma,33.0,C,-1.4,LOSS,33.0°C
"Dallas, US",2026-08-20,40.9,41,mean,40.28,F,0.62,LOSS,104-105°F
"Dallas, US",2026-08-20,40.46,40,modifisert,40.28,F,0.18,WIN,104-105°F
"Dallas, US",2026-08-20,40.9,40,p5,40.28,F,0.62,WIN,104-105°F
"Dallas, US",2026-08-20,40.9,40,sigma,40.28,F,0.62,WIN,104-105°F
"Denver, US",2026-08-20,32.3,32,mean,33.61,F,-1.31,LOSS,92-93°F
"Denver, US",2026-08-20,33.07,34,modifisert,33.61,F,-0.54,LOSS,92-93°F
"Denver, US",2026-08-20,32.3,31,p5,33.61,F,-1.31,LOSS,92-93°F
"Denver, US",2026-08-20,32.3,30,sigma,33.61,F,-1.31,LOSS,92-93°F
"Guangzhou, CN",2026-08-20,33.3,33,mean,35.0,C,-1.7,LOSS,35.0°C
"Guangzhou, CN",2026-08-20,33.3,35,modifisert,35.0,C,-1.7,WIN,35.0°C
"Guangzhou, CN",2026-08-20,33.3,32,p5,35.0,C,-1.7,LOSS,35.0°C
"Guangzhou, CN",2026-08-20,33.3,32,sigma,35.0,C,-1.7,LOSS,35.0°C
"Helsinki, FI",2026-08-20,16.6,17,mean,18.0,C,-1.4,LOSS,18.0°C
"Helsinki, FI",2026-08-20,16.67,17,modifisert,18.0,C,-1.33,LOSS,18.0°C
"Helsinki, FI",2026-08-20,16.6,16,p5,18.0,C,-1.4,LOSS,18.0°C
"Helsinki, FI",2026-08-20,16.6,15,sigma,18.0,C,-1.4,LOSS,18.0°C
"Hong Kong, HK",2026-08-20,29.2,29,mean,29.0,C,0.2,WIN,29.0°C
"Hong Kong, HK",2026-08-20,29.25,30,modifisert,29.0,C,0.25,LOSS,29.0°C
"Hong Kong, HK",2026-08-20,29.2,28,p5,29.0,C,0.2,LOSS,29.0°C
"Hong Kong, HK",2026-08-20,29.2,28,sigma,29.0,C,0.2,LOSS,29.0°C
"Houston, US",2026-08-20,37.1,37,mean,35.83,F,1.27,LOSS,96-97°F
"Houston, US",2026-08-20,36.98,36,modifisert,35.83,F,1.15,WIN,96-97°F
"Houston, US",2026-08-20,37.1,36,p5,35.83,F,1.27,WIN,96-97°F
"Houston, US",2026-08-20,37.1,37,sigma,35.83,F,1.27,LOSS,96-97°F
"Istanbul, TR",2026-08-20,26.9,27,mean,27.0,C,-0.1,WIN,27.0°C
"Istanbul, TR",2026-08-20,27.61,28,modifisert,27.0,C,0.61,LOSS,27.0°C
"Istanbul, TR",2026-08-20,26.9,24,p5,27.0,C,-0.1,LOSS,27.0°C
"Istanbul, TR",2026-08-20,26.9,24,sigma,27.0,C,-0.1,LOSS,27.0°C
"Jeddah, SA",2026-08-20,37.2,37,mean,39.0,C,-1.8,LOSS,39.0°C
"Jeddah, SA",2026-08-20,37.29,37,modifisert,39.0,C,-1.71,LOSS,39.0°C
"Jeddah, SA",2026-08-20,37.2,34,p5,39.0,C,-1.8,LOSS,39.0°C
"Jeddah, SA",2026-08-20,37.2,34,sigma,39.0,C,-1.8,LOSS,39.0°C
"Jinan, CN",2026-08-20,33.6,34,mean,,C,,WIN,26°C or higher
"Jinan, CN",2026-08-20,33.6,33,modifisert,,C,,WIN,26°C or higher
"Jinan, CN",2026-08-20,33.6,31,p5,,C,,WIN,26°C or higher
"Jinan, CN",2026-08-20,33.6,32,sigma,,C,,WIN,26°C or higher
"Karachi, PK",2026-08-20,31.8,32,mean,32.0,C,-0.2,WIN,32.0°C
"Karachi, PK",2026-08-20,32.13,32,modifisert,32.0,C,0.13,WIN,32.0°C
"Karachi, PK",2026-08-20,31.8,30,p5,32.0,C,-0.2,LOSS,32.0°C
"Karachi, PK",2026-08-20,31.8,30,sigma,32.0,C,-0.2,LOSS,32.0°C
"Kuala Lumpur, MY",2026-08-20,31.6,32,mean,34.0,C,-2.4,LOSS,34.0°C
"Kuala Lumpur, MY",2026-08-20,32.64,34,modifisert,34.0,C,-1.36,WIN,34.0°C
"Kuala Lumpur, MY",2026-08-20,31.6,29,p5,34.0,C,-2.4,LOSS,34.0°C
"Kuala Lumpur, MY",2026-08-20,31.6,30,sigma,34.0,C,-2.4,LOSS,34.0°C
"London, UK",2026-08-20,21.8,22,mean,24.0,C,-2.2,LOSS,24.0°C
"London, UK",2026-08-20,22.23,23,modifisert,24.0,C,-1.77,LOSS,24.0°C
"London, UK",2026-08-20,21.8,20,p5,24.0,C,-2.2,LOSS,24.0°C
"London, UK",2026-08-20,21.8,20,sigma,24.0,C,-2.2,LOSS,24.0°C
"Los Angeles, US",2026-08-20,29.1,29,mean,24.72,F,4.38,LOSS,76-77°F
"Los Angeles, US",2026-08-20,25.87,25,modifisert,24.72,F,1.15,WIN,76-77°F
"Los Angeles, US",2026-08-20,29.1,24,p5,24.72,F,4.38,LOSS,76-77°F
"Los Angeles, US",2026-08-20,29.1,28,sigma,24.72,F,4.38,LOSS,76-77°F
"Lucknow, IN",2026-08-20,32.4,32,mean,33.0,C,-0.6,LOSS,33.0°C
"Lucknow, IN",2026-08-20,32.77,33,modifisert,33.0,C,-0.23,WIN,33.0°C
"Lucknow, IN",2026-08-20,32.4,31,p5,33.0,C,-0.6,LOSS,33.0°C
"Lucknow, IN",2026-08-20,32.4,31,sigma,33.0,C,-0.6,LOSS,33.0°C
"Madrid, ES",2026-08-20,31.1,31,mean,32.0,C,-0.9,LOSS,32.0°C
"Madrid, ES",2026-08-20,31.24,32,modifisert,32.0,C,-0.76,WIN,32.0°C
"Madrid, ES",2026-08-20,31.1,30,p5,32.0,C,-0.9,LOSS,32.0°C
"Madrid, ES",2026-08-20,31.1,30,sigma,32.0,C,-0.9,LOSS,32.0°C
"Manila, PH",2026-08-20,31.1,31,mean,32.0,C,-0.9,LOSS,32.0°C
"Manila, PH",2026-08-20,32.21,33,modifisert,32.0,C,0.21,LOSS,32.0°C
"Manila, PH",2026-08-20,31.1,29,p5,32.0,C,-0.9,LOSS,32.0°C
"Manila, PH",2026-08-20,31.1,30,sigma,32.0,C,-0.9,LOSS,32.0°C
"Mexico City, MX",2026-08-20,24.4,24,mean,25.0,C,-0.6,LOSS,25.0°C
"Mexico City, MX",2026-08-20,24.19,24,modifisert,25.0,C,-0.81,LOSS,25.0°C
"Mexico City, MX",2026-08-20,24.4,23,p5,25.0,C,-0.6,LOSS,25.0°C
"Mexico City, MX",2026-08-20,24.4,24,sigma,25.0,C,-0.6,LOSS,25.0°C
"Miami, US",2026-08-20,33.2,33,mean,33.61,F,-0.41,LOSS,92-93°F
"Miami, US",2026-08-20,33.52,34,modifisert,33.61,F,-0.09,LOSS,92-93°F
"Miami, US",2026-08-20,33.2,32,p5,33.61,F,-0.41,LOSS,92-93°F
"Miami, US",2026-08-20,33.2,32,sigma,33.61,F,-0.41,LOSS,92-93°F
"Milan, IT",2026-08-20,24.2,24,mean,,C,,LOSS,30°C or higher
"Milan, IT",2026-08-20,24.2,26,modifisert,,C,,LOSS,30°C or higher
"Milan, IT",2026-08-20,24.2,21,p5,,C,,LOSS,30°C or higher
"Milan, IT",2026-08-20,24.2,23,sigma,,C,,LOSS,30°C or higher
"Moscow, RU",2026-08-20,21.6,22,mean,22.0,C,-0.4,WIN,22.0°C
"Moscow, RU",2026-08-20,21.61,22,modifisert,22.0,C,-0.39,WIN,22.0°C
"Moscow, RU",2026-08-20,21.6,20,p5,22.0,C,-0.4,LOSS,22.0°C
"Moscow, RU",2026-08-20,21.6,21,sigma,22.0,C,-0.4,LOSS,22.0°C
"Munich, DE",2026-08-20,25.2,25,mean,25.0,C,0.2,WIN,25.0°C
"Munich, DE",2026-08-20,27.5,30,modifisert,25.0,C,2.5,LOSS,25.0°C
"Munich, DE",2026-08-20,25.2,23,p5,25.0,C,0.2,LOSS,25.0°C
"Munich, DE",2026-08-20,25.2,23,sigma,25.0,C,0.2,LOSS,25.0°C
"New York, US",2026-08-20,29.1,29,mean,29.17,F,-0.07,WIN,84-85°F
"New York, US",2026-08-20,29.04,29,modifisert,29.17,F,-0.13,WIN,84-85°F
"New York, US",2026-08-20,29.1,27,p5,29.17,F,-0.07,LOSS,84-85°F
"New York, US",2026-08-20,29.1,28,sigma,29.17,F,-0.07,LOSS,84-85°F
"Panama City, PA",2026-08-20,32.4,32,mean,34.0,C,-1.6,LOSS,34.0°C
"Panama City, PA",2026-08-20,33.53,35,modifisert,34.0,C,-0.47,LOSS,34.0°C
"Panama City, PA",2026-08-20,32.4,30,p5,34.0,C,-1.6,LOSS,34.0°C
"Panama City, PA",2026-08-20,32.4,30,sigma,34.0,C,-1.6,LOSS,34.0°C
"Paris, FR",2026-08-20,24.1,24,mean,26.0,C,-1.9,LOSS,26.0°C
"Paris, FR",2026-08-20,24.3,24,modifisert,26.0,C,-1.7,LOSS,26.0°C
"Paris, FR",2026-08-20,24.1,23,p5,26.0,C,-1.9,LOSS,26.0°C
"Paris, FR",2026-08-20,24.1,23,sigma,26.0,C,-1.9,LOSS,26.0°C
"Qingdao, CN",2026-08-20,28.9,29,mean,30.0,C,-1.1,LOSS,30.0°C
"Qingdao, CN",2026-08-20,29.76,31,modifisert,30.0,C,-0.24,LOSS,30.0°C
"Qingdao, CN",2026-08-20,28.9,27,p5,30.0,C,-1.1,LOSS,30.0°C
"Qingdao, CN",2026-08-20,28.9,27,sigma,30.0,C,-1.1,LOSS,30.0°C
"San Francisco, US",2026-08-20,19.3,19,mean,20.28,F,-0.98,LOSS,68-69°F
"San Francisco, US",2026-08-20,20.13,21,modifisert,20.28,F,-0.15,LOSS,68-69°F
"San Francisco, US",2026-08-20,19.3,17,p5,20.28,F,-0.98,LOSS,68-69°F
"San Francisco, US",2026-08-20,19.3,17,sigma,20.28,F,-0.98,LOSS,68-69°F
"Sao Paulo, BR",2026-08-20,31.0,31,mean,32.0,C,-1.0,LOSS,32.0°C
"Sao Paulo, BR",2026-08-20,31.58,32,modifisert,32.0,C,-0.42,WIN,32.0°C
"Sao Paulo, BR",2026-08-20,31.0,30,p5,32.0,C,-1.0,LOSS,32.0°C
"Sao Paulo, BR",2026-08-20,31.0,29,sigma,32.0,C,-1.0,LOSS,32.0°C
"Seattle, US",2026-08-20,27.2,27,mean,29.17,F,-1.97,LOSS,84-85°F
"Seattle, US",2026-08-20,28.64,29,modifisert,29.17,F,-0.53,WIN,84-85°F
"Seattle, US",2026-08-20,27.2,25,p5,29.17,F,-1.97,LOSS,84-85°F
"Seattle, US",2026-08-20,27.2,25,sigma,29.17,F,-1.97,LOSS,84-85°F
"Seoul (Incheon), KR",2026-08-20,27.4,27,mean,28.0,C,-0.6,LOSS,28.0°C
"Seoul (Incheon), KR",2026-08-20,28.13,29,modifisert,28.0,C,0.13,LOSS,28.0°C
"Seoul (Incheon), KR",2026-08-20,27.4,26,p5,28.0,C,-0.6,LOSS,28.0°C
"Seoul (Incheon), KR",2026-08-20,27.4,26,sigma,28.0,C,-0.6,LOSS,28.0°C
"Shanghai, CN",2026-08-20,29.4,29,mean,32.0,C,-2.6,LOSS,32.0°C
"Shanghai, CN",2026-08-20,30.3,32,modifisert,32.0,C,-1.7,WIN,32.0°C
"Shanghai, CN",2026-08-20,29.4,28,p5,32.0,C,-2.6,LOSS,32.0°C
"Shanghai, CN",2026-08-20,29.4,28,sigma,32.0,C,-2.6,LOSS,32.0°C
"Shenzhen, CN",2026-08-20,31.1,31,mean,30.0,C,1.1,LOSS,30.0°C
"Shenzhen, CN",2026-08-20,31.33,32,modifisert,30.0,C,1.33,LOSS,30.0°C
"Shenzhen, CN",2026-08-20,31.1,28,p5,30.0,C,1.1,LOSS,30.0°C
"Shenzhen, CN",2026-08-20,31.1,29,sigma,30.0,C,1.1,LOSS,30.0°C
"Singapore, SG",2026-08-20,31.3,31,mean,33.0,C,-1.7,LOSS,33.0°C
"Singapore, SG",2026-08-20,32.21,33,modifisert,33.0,C,-0.79,WIN,33.0°C
"Singapore, SG",2026-08-20,31.3,30,p5,33.0,C,-1.7,LOSS,33.0°C
"Singapore, SG",2026-08-20,31.3,30,sigma,33.0,C,-1.7,LOSS,33.0°C
"Taipei, TW",2026-08-20,31.2,31,mean,33.0,C,-1.8,LOSS,33.0°C
"Taipei, TW",2026-08-20,31.2,34,modifisert,33.0,C,-1.8,LOSS,33.0°C
"Taipei, TW",2026-08-20,31.2,28,p5,33.0,C,-1.8,LOSS,33.0°C
"Taipei, TW",2026-08-20,31.2,29,sigma,33.0,C,-1.8,LOSS,33.0°C
"Tel Aviv, IL",2026-08-20,33.8,34,mean,32.0,C,1.8,LOSS,32.0°C
"Tel Aviv, IL",2026-08-20,33.34,33,modifisert,32.0,C,1.34,LOSS,32.0°C
"Tel Aviv, IL",2026-08-20,33.8,32,p5,32.0,C,1.8,WIN,32.0°C
"Tel Aviv, IL",2026-08-20,33.8,33,sigma,32.0,C,1.8,LOSS,32.0°C
"Tokyo, JP",2026-08-20,31.2,31,mean,33.0,C,-1.8,LOSS,33.0°C
"Tokyo, JP",2026-08-20,31.89,32,modifisert,33.0,C,-1.11,LOSS,33.0°C
"Tokyo, JP",2026-08-20,31.2,30,p5,33.0,C,-1.8,LOSS,33.0°C
"Tokyo, JP",2026-08-20,31.2,30,sigma,33.0,C,-1.8,LOSS,33.0°C
"Toronto, CA",2026-08-20,24.3,24,mean,24.0,C,0.3,WIN,24.0°C
"Toronto, CA",2026-08-20,24.44,24,modifisert,24.0,C,0.44,WIN,24.0°C
"Toronto, CA",2026-08-20,24.3,22,p5,24.0,C,0.3,LOSS,24.0°C
"Toronto, CA",2026-08-20,24.3,22,sigma,24.0,C,0.3,LOSS,24.0°C
"Warsaw, PL",2026-08-20,24.1,24,mean,,C,,LOSS,25°C or higher
"Warsaw, PL",2026-08-20,24.1,24,modifisert,,C,,LOSS,25°C or higher
"Warsaw, PL",2026-08-20,24.1,23,p5,,C,,LOSS,25°C or higher
"Warsaw, PL",2026-08-20,24.1,22,sigma,,C,,LOSS,25°C or higher
"Wellington, NZ",2026-08-20,11.8,12,mean,12.0,C,-0.2,WIN,12.0°C
"Wellington, NZ",2026-08-20,12.16,13,modifisert,12.0,C,0.16,LOSS,12.0°C
"Wellington, NZ",2026-08-20,11.8,11,p5,12.0,C,-0.2,LOSS,12.0°C
"Wellington, NZ",2026-08-20,11.8,11,sigma,12.0,C,-0.2,LOSS,12.0°C
"Wuhan, CN",2026-08-20,33.0,33,mean,36.0,C,-3.0,LOSS,36.0°C
"Wuhan, CN",2026-08-20,34.59,35,modifisert,36.0,C,-1.41,LOSS,36.0°C
"Wuhan, CN",2026-08-20,33.0,31,p5,36.0,C,-3.0,LOSS,36.0°C
"Wuhan, CN",2026-08-20,33.0,32,sigma,36.0,C,-3.0,LOSS,36.0°C
"Zhengzhou, CN",2026-08-20,30.5,30,mean,,C,,LOSS,32°C or higher
"Zhengzhou, CN",2026-08-20,30.5,32,modifisert,,C,,WIN,32°C or higher
"Zhengzhou, CN",2026-08-20,30.5,29,p5,,C,,LOSS,32°C or higher
"Zhengzhou, CN",2026-08-20,30.5,29,sigma,,C,,LOSS,32°C or higher
"Amsterdam, NL",2026-08-21,19.9,20,mean,20.0,C,-0.1,WIN,20.0°C
"Amsterdam, NL",2026-08-21,19.98,21,modifisert,20.0,C,-0.02,LOSS,20.0°C
"Amsterdam, NL",2026-08-21,19.9,18,p5,20.0,C,-0.1,LOSS,20.0°C
"Amsterdam, NL",2026-08-21,19.9,18,sigma,20.0,C,-0.1,LOSS,20.0°C
"Ankara, TR",2026-08-21,31.8,32,mean,33.0,C,-1.2,LOSS,33.0°C
"Ankara, TR",2026-08-21,32.11,33,modifisert,33.0,C,-0.89,WIN,33.0°C
"Ankara, TR",2026-08-21,31.8,31,p5,33.0,C,-1.2,LOSS,33.0°C
"Ankara, TR",2026-08-21,31.8,31,sigma,33.0,C,-1.2,LOSS,33.0°C
"Atlanta, US",2026-08-21,32.5,32,mean,34.72,F,-2.22,LOSS,94-95°F
"Atlanta, US",2026-08-21,33.36,35,modifisert,34.72,F,-1.36,WIN,94-95°F
"Atlanta, US",2026-08-21,32.5,30,p5,34.72,F,-2.22,LOSS,94-95°F
"Atlanta, US",2026-08-21,32.5,30,sigma,34.72,F,-2.22,LOSS,94-95°F
"Austin, US",2026-08-21,39.1,39,mean,40.28,F,-1.18,LOSS,104-105°F
"Austin, US",2026-08-21,39.35,40,modifisert,40.28,F,-0.93,WIN,104-105°F
"Austin, US",2026-08-21,39.1,38,p5,40.28,F,-1.18,LOSS,104-105°F
"Austin, US",2026-08-21,39.1,37,sigma,40.28,F,-1.18,LOSS,104-105°F
"Beijing, CN",2026-08-21,33.4,33,mean,34.0,C,-0.6,LOSS,34.0°C
"Beijing, CN",2026-08-21,33.27,33,modifisert,34.0,C,-0.73,LOSS,34.0°C
"Beijing, CN",2026-08-21,33.4,31,p5,34.0,C,-0.6,LOSS,34.0°C
"Beijing, CN",2026-08-21,33.4,32,sigma,34.0,C,-0.6,LOSS,34.0°C
"Buenos Aires, AR",2026-08-21,11.3,11,mean,13.0,C,-1.7,LOSS,13.0°C
"Buenos Aires, AR",2026-08-21,11.27,12,modifisert,13.0,C,-1.73,LOSS,13.0°C
"Buenos Aires, AR",2026-08-21,11.3,10,p5,13.0,C,-1.7,LOSS,13.0°C
"Buenos Aires, AR",2026-08-21,11.3,10,sigma,13.0,C,-1.7,LOSS,13.0°C
"Busan, KR",2026-08-21,31.2,31,mean,34.0,C,-2.8,LOSS,34.0°C
"Busan, KR",2026-08-21,32.12,34,modifisert,34.0,C,-1.88,WIN,34.0°C
"Busan, KR",2026-08-21,31.2,29,p5,34.0,C,-2.8,LOSS,34.0°C
"Busan, KR",2026-08-21,31.2,30,sigma,34.0,C,-2.8,LOSS,34.0°C
"Cape Town, ZA",2026-08-21,20.8,21,mean,22.0,C,-1.2,LOSS,22.0°C
"Cape Town, ZA",2026-08-21,21.97,23,modifisert,22.0,C,-0.03,LOSS,22.0°C
"Cape Town, ZA",2026-08-21,20.8,19,p5,22.0,C,-1.2,LOSS,22.0°C
"Cape Town, ZA",2026-08-21,20.8,20,sigma,22.0,C,-1.2,LOSS,22.0°C
"Chengdu, CN",2026-08-21,30.7,31,mean,32.0,C,-1.3,LOSS,32.0°C
"Chengdu, CN",2026-08-21,31.47,33,modifisert,32.0,C,-0.53,LOSS,32.0°C
"Chengdu, CN",2026-08-21,30.7,30,p5,32.0,C,-1.3,LOSS,32.0°C
"Chengdu, CN",2026-08-21,30.7,30,sigma,32.0,C,-1.3,LOSS,32.0°C
"Chicago, US",2026-08-21,26.6,27,mean,26.94,F,-0.34,WIN,80-81°F
"Chicago, US",2026-08-21,26.47,26,modifisert,26.94,F,-0.47,LOSS,80-81°F
"Chicago, US",2026-08-21,26.6,25,p5,26.94,F,-0.34,LOSS,80-81°F
"Chicago, US",2026-08-21,26.6,26,sigma,26.94,F,-0.34,LOSS,80-81°F
"Chongqing, CN",2026-08-21,32.1,32,mean,34.0,C,-1.9,LOSS,34.0°C
"Chongqing, CN",2026-08-21,33.7,35,modifisert,34.0,C,-0.3,LOSS,34.0°C
"Chongqing, CN",2026-08-21,32.1,31,p5,34.0,C,-1.9,LOSS,34.0°C
"Chongqing, CN",2026-08-21,32.1,31,sigma,34.0,C,-1.9,LOSS,34.0°C
"Dallas, US",2026-08-21,38.7,39,mean,,F,,LOSS,99°F or below
"Dallas, US",2026-08-21,38.7,38,modifisert,,F,,LOSS,99°F or below
"Dallas, US",2026-08-21,38.7,37,p5,,F,,WIN,99°F or below
"Dallas, US",2026-08-21,38.7,38,sigma,,F,,LOSS,99°F or below
"Denver, US",2026-08-21,35.6,36,mean,38.06,F,-2.46,LOSS,100-101°F
"Denver, US",2026-08-21,36.19,38,modifisert,38.06,F,-1.87,WIN,100-101°F
"Denver, US",2026-08-21,35.6,34,p5,38.06,F,-2.46,LOSS,100-101°F
"Denver, US",2026-08-21,35.6,34,sigma,38.06,F,-2.46,LOSS,100-101°F
"Guangzhou, CN",2026-08-21,32.0,32,mean,34.0,C,-2.0,LOSS,34.0°C
"Guangzhou, CN",2026-08-21,32.0,34,modifisert,34.0,C,-2.0,WIN,34.0°C
"Guangzhou, CN",2026-08-21,32.0,30,p5,34.0,C,-2.0,LOSS,34.0°C
"Guangzhou, CN",2026-08-21,32.0,31,sigma,34.0,C,-2.0,LOSS,34.0°C
"Helsinki, FI",2026-08-21,19.5,20,mean,21.0,C,-1.5,LOSS,21.0°C
"Helsinki, FI",2026-08-21,19.79,20,modifisert,21.0,C,-1.21,LOSS,21.0°C
"Helsinki, FI",2026-08-21,19.5,18,p5,21.0,C,-1.5,LOSS,21.0°C
"Helsinki, FI",2026-08-21,19.5,18,sigma,21.0,C,-1.5,LOSS,21.0°C
"Hong Kong, HK",2026-08-21,29.8,30,mean,31.0,C,-1.2,LOSS,31.0°C
"Hong Kong, HK",2026-08-21,30.23,31,modifisert,31.0,C,-0.77,WIN,31.0°C
"Hong Kong, HK",2026-08-21,29.8,29,p5,31.0,C,-1.2,LOSS,31.0°C
"Hong Kong, HK",2026-08-21,29.8,29,sigma,31.0,C,-1.2,LOSS,31.0°C
"Houston, US",2026-08-21,37.4,37,mean,36.94,F,0.46,WIN,98-99°F
"Houston, US",2026-08-21,37.49,37,modifisert,36.94,F,0.55,WIN,98-99°F
"Houston, US",2026-08-21,37.4,36,p5,36.94,F,0.46,LOSS,98-99°F
"Houston, US",2026-08-21,37.4,37,sigma,36.94,F,0.46,WIN,98-99°F
"Istanbul, TR",2026-08-21,26.2,26,mean,26.0,C,0.2,WIN,26.0°C
"Istanbul, TR",2026-08-21,27.07,28,modifisert,26.0,C,1.07,LOSS,26.0°C
"Istanbul, TR",2026-08-21,26.2,24,p5,26.0,C,0.2,LOSS,26.0°C
"Istanbul, TR",2026-08-21,26.2,24,sigma,26.0,C,0.2,LOSS,26.0°C
"Jeddah, SA",2026-08-21,37.1,37,mean,37.0,C,0.1,WIN,37.0°C
"Jeddah, SA",2026-08-21,37.15,37,modifisert,37.0,C,0.15,WIN,37.0°C
"Jeddah, SA",2026-08-21,37.1,34,p5,37.0,C,0.1,LOSS,37.0°C
"Jeddah, SA",2026-08-21,37.1,34,sigma,37.0,C,0.1,LOSS,37.0°C
"Jinan, CN",2026-08-21,33.3,33,mean,,C,,WIN,26°C or higher
"Jinan, CN",2026-08-21,33.3,33,modifisert,,C,,WIN,26°C or higher
"Jinan, CN",2026-08-21,33.3,31,p5,,C,,WIN,26°C or higher
"Jinan, CN",2026-08-21,33.3,32,sigma,,C,,WIN,26°C or higher
"Karachi, PK",2026-08-21,31.8,32,mean,32.0,C,-0.2,WIN,32.0°C
"Karachi, PK",2026-08-21,32.02,32,modifisert,32.0,C,0.02,WIN,32.0°C
"Karachi, PK",2026-08-21,31.8,30,p5,32.0,C,-0.2,LOSS,32.0°C
"Karachi, PK",2026-08-21,31.8,30,sigma,32.0,C,-0.2,LOSS,32.0°C
"Kuala Lumpur, MY",2026-08-21,31.9,32,mean,33.0,C,-1.1,LOSS,33.0°C
"Kuala Lumpur, MY",2026-08-21,33.24,34,modifisert,33.0,C,0.24,LOSS,33.0°C
"Kuala Lumpur, MY",2026-08-21,31.9,30,p5,33.0,C,-1.1,LOSS,33.0°C
"Kuala Lumpur, MY",2026-08-21,31.9,30,sigma,33.0,C,-1.1,LOSS,33.0°C
"London, UK",2026-08-21,21.0,21,mean,21.0,C,0.0,WIN,21.0°C
"London, UK",2026-08-21,21.2,22,modifisert,21.0,C,0.2,LOSS,21.0°C
"London, UK",2026-08-21,21.0,20,p5,21.0,C,0.0,LOSS,21.0°C
"London, UK",2026-08-21,21.0,20,sigma,21.0,C,0.0,LOSS,21.0°C
"Los Angeles, US",2026-08-21,30.3,30,mean,26.94,F,3.36,LOSS,80-81°F
"Los Angeles, US",2026-08-21,27.82,26,modifisert,26.94,F,0.88,LOSS,80-81°F
"Los Angeles, US",2026-08-21,30.3,25,p5,26.94,F,3.36,LOSS,80-81°F
"Los Angeles, US",2026-08-21,30.3,29,sigma,26.94,F,3.36,LOSS,80-81°F
"Lucknow, IN",2026-08-21,33.4,33,mean,35.0,C,-1.6,LOSS,35.0°C
"Lucknow, IN",2026-08-21,33.48,33,modifisert,35.0,C,-1.52,LOSS,35.0°C
"Lucknow, IN",2026-08-21,33.4,30,p5,35.0,C,-1.6,LOSS,35.0°C
"Lucknow, IN",2026-08-21,33.4,30,sigma,35.0,C,-1.6,LOSS,35.0°C
"Madrid, ES",2026-08-21,30.6,31,mean,32.0,C,-1.4,LOSS,32.0°C
"Madrid, ES",2026-08-21,30.69,32,modifisert,32.0,C,-1.31,WIN,32.0°C
"Madrid, ES",2026-08-21,30.6,30,p5,32.0,C,-1.4,LOSS,32.0°C
"Madrid, ES",2026-08-21,30.6,30,sigma,32.0,C,-1.4,LOSS,32.0°C
"Manila, PH",2026-08-21,30.9,31,mean,32.0,C,-1.1,LOSS,32.0°C
"Manila, PH",2026-08-21,31.73,33,modifisert,32.0,C,-0.27,LOSS,32.0°C
"Manila, PH",2026-08-21,30.9,29,p5,32.0,C,-1.1,LOSS,32.0°C
"Manila, PH",2026-08-21,30.9,30,sigma,32.0,C,-1.1,LOSS,32.0°C
"Mexico City, MX",2026-08-21,24.8,25,mean,24.0,C,0.8,LOSS,24.0°C
"Mexico City, MX",2026-08-21,25.21,25,modifisert,24.0,C,1.21,LOSS,24.0°C
"Mexico City, MX",2026-08-21,24.8,24,p5,24.0,C,0.8,WIN,24.0°C
"Mexico City, MX",2026-08-21,24.8,24,sigma,24.0,C,0.8,WIN,24.0°C
"Miami, US",2026-08-21,32.7,33,mean,33.61,F,-0.91,LOSS,92-93°F
"Miami, US",2026-08-21,33.44,34,modifisert,33.61,F,-0.17,LOSS,92-93°F
"Miami, US",2026-08-21,32.7,31,p5,33.61,F,-0.91,LOSS,92-93°F
"Miami, US",2026-08-21,32.7,31,sigma,33.61,F,-0.91,LOSS,92-93°F
"Milan, IT",2026-08-21,21.7,22,mean,24.0,C,-2.3,LOSS,24.0°C
"Milan, IT",2026-08-21,22.14,24,modifisert,24.0,C,-1.86,WIN,24.0°C
"Milan, IT",2026-08-21,21.7,19,p5,24.0,C,-2.3,LOSS,24.0°C
"Milan, IT",2026-08-21,21.7,21,sigma,24.0,C,-2.3,LOSS,24.0°C
"Moscow, RU",2026-08-21,21.0,21,mean,21.0,C,0.0,WIN,21.0°C
"Moscow, RU",2026-08-21,21.05,21,modifisert,21.0,C,0.05,WIN,21.0°C
"Moscow, RU",2026-08-21,21.0,20,p5,21.0,C,0.0,LOSS,21.0°C
"Moscow, RU",2026-08-21,21.0,20,sigma,21.0,C,0.0,LOSS,21.0°C
"Munich, DE",2026-08-21,22.1,22,mean,22.0,C,0.1,WIN,22.0°C
"Munich, DE",2026-08-21,23.4,25,modifisert,22.0,C,1.4,LOSS,22.0°C
"Munich, DE",2026-08-21,22.1,20,p5,22.0,C,0.1,LOSS,22.0°C
"Munich, DE",2026-08-21,22.1,20,sigma,22.0,C,0.1,LOSS,22.0°C
"New York, US",2026-08-21,25.1,25,mean,25.83,F,-0.73,LOSS,78-79°F
"New York, US",2026-08-21,25.0,25,modifisert,25.83,F,-0.83,LOSS,78-79°F
"New York, US",2026-08-21,25.1,24,p5,25.83,F,-0.73,LOSS,78-79°F
"New York, US",2026-08-21,25.1,24,sigma,25.83,F,-0.73,LOSS,78-79°F
"Panama City, PA",2026-08-21,32.5,32,mean,33.0,C,-0.5,LOSS,33.0°C
"Panama City, PA",2026-08-21,33.53,35,modifisert,33.0,C,0.53,LOSS,33.0°C
"Panama City, PA",2026-08-21,32.5,30,p5,33.0,C,-0.5,LOSS,33.0°C
"Panama City, PA",2026-08-21,32.5,30,sigma,33.0,C,-0.5,LOSS,33.0°C
"Paris, FR",2026-08-21,22.6,23,mean,24.0,C,-1.4,LOSS,24.0°C
"Paris, FR",2026-08-21,23.67,24,modifisert,24.0,C,-0.33,WIN,24.0°C
"Paris, FR",2026-08-21,22.6,20,p5,24.0,C,-1.4,LOSS,24.0°C
"Paris, FR",2026-08-21,22.6,20,sigma,24.0,C,-1.4,LOSS,24.0°C
"Qingdao, CN",2026-08-21,29.1,29,mean,30.0,C,-0.9,LOSS,30.0°C
"Qingdao, CN",2026-08-21,29.88,31,modifisert,30.0,C,-0.12,LOSS,30.0°C
"Qingdao, CN",2026-08-21,29.1,27,p5,30.0,C,-0.9,LOSS,30.0°C
"Qingdao, CN",2026-08-21,29.1,28,sigma,30.0,C,-0.9,LOSS,30.0°C
"San Francisco, US",2026-08-21,19.6,20,mean,19.17,F,0.43,LOSS,66-67°F
"San Francisco, US",2026-08-21,20.52,22,modifisert,19.17,F,1.35,LOSS,66-67°F
"San Francisco, US",2026-08-21,19.6,17,p5,19.17,F,0.43,LOSS,66-67°F
"San Francisco, US",2026-08-21,19.6,17,sigma,19.17,F,0.43,LOSS,66-67°F
"Sao Paulo, BR",2026-08-21,25.8,26,mean,25.0,C,0.8,LOSS,25.0°C
"Sao Paulo, BR",2026-08-21,25.89,26,modifisert,25.0,C,0.89,LOSS,25.0°C
"Sao Paulo, BR",2026-08-21,25.8,24,p5,25.0,C,0.8,LOSS,25.0°C
"Sao Paulo, BR",2026-08-21,25.8,24,sigma,25.0,C,0.8,LOSS,25.0°C
"Seattle, US",2026-08-21,27.1,27,mean,26.94,F,0.16,WIN,80-81°F
"Seattle, US",2026-08-21,27.2,28,modifisert,26.94,F,0.26,LOSS,80-81°F
"Seattle, US",2026-08-21,27.1,24,p5,26.94,F,0.16,LOSS,80-81°F
"Seattle, US",2026-08-21,27.1,24,sigma,26.94,F,0.16,LOSS,80-81°F
"Seoul (Incheon), KR",2026-08-21,26.3,26,mean,27.0,C,-0.7,LOSS,27.0°C
"Seoul (Incheon), KR",2026-08-21,27.0,28,modifisert,27.0,C,-0.0,LOSS,27.0°C
"Seoul (Incheon), KR",2026-08-21,26.3,25,p5,27.0,C,-0.7,LOSS,27.0°C
"Seoul (Incheon), KR",2026-08-21,26.3,25,sigma,27.0,C,-0.7,LOSS,27.0°C
"Shanghai, CN",2026-08-21,29.8,30,mean,31.0,C,-1.2,LOSS,31.0°C
"Shanghai, CN",2026-08-21,31.1,33,modifisert,31.0,C,0.1,LOSS,31.0°C
"Shanghai, CN",2026-08-21,29.8,29,p5,31.0,C,-1.2,LOSS,31.0°C
"Shanghai, CN",2026-08-21,29.8,29,sigma,31.0,C,-1.2,LOSS,31.0°C
"Shenzhen, CN",2026-08-21,31.1,31,mean,31.0,C,0.1,WIN,31.0°C
"Shenzhen, CN",2026-08-21,31.04,31,modifisert,31.0,C,0.04,WIN,31.0°C
"Shenzhen, CN",2026-08-21,31.1,29,p5,31.0,C,0.1,LOSS,31.0°C
"Shenzhen, CN",2026-08-21,31.1,30,sigma,31.0,C,0.1,LOSS,31.0°C
"Singapore, SG",2026-08-21,32.0,32,mean,33.0,C,-1.0,LOSS,33.0°C
"Singapore, SG",2026-08-21,32.66,33,modifisert,33.0,C,-0.34,WIN,33.0°C
"Singapore, SG",2026-08-21,32.0,30,p5,33.0,C,-1.0,LOSS,33.0°C
"Singapore, SG",2026-08-21,32.0,31,sigma,33.0,C,-1.0,LOSS,33.0°C
"Taipei, TW",2026-08-21,30.9,31,mean,35.0,C,-4.1,LOSS,35.0°C
"Taipei, TW",2026-08-21,30.9,34,modifisert,35.0,C,-4.1,LOSS,35.0°C
"Taipei, TW",2026-08-21,30.9,29,p5,35.0,C,-4.1,LOSS,35.0°C
"Taipei, TW",2026-08-21,30.9,29,sigma,35.0,C,-4.1,LOSS,35.0°C
"Tel Aviv, IL",2026-08-21,33.9,34,mean,33.0,C,0.9,LOSS,33.0°C
"Tel Aviv, IL",2026-08-21,33.15,32,modifisert,33.0,C,0.15,LOSS,33.0°C
"Tel Aviv, IL",2026-08-21,33.9,32,p5,33.0,C,0.9,LOSS,33.0°C
"Tel Aviv, IL",2026-08-21,33.9,33,sigma,33.0,C,0.9,WIN,33.0°C
"Tokyo, JP",2026-08-21,31.0,31,mean,32.0,C,-1.0,LOSS,32.0°C
"Tokyo, JP",2026-08-21,31.26,31,modifisert,32.0,C,-0.74,LOSS,32.0°C
"Tokyo, JP",2026-08-21,31.0,29,p5,32.0,C,-1.0,LOSS,32.0°C
"Tokyo, JP",2026-08-21,31.0,30,sigma,32.0,C,-1.0,LOSS,32.0°C
"Toronto, CA",2026-08-21,24.3,24,mean,25.0,C,-0.7,LOSS,25.0°C
"Toronto, CA",2026-08-21,24.76,25,modifisert,25.0,C,-0.24,WIN,25.0°C
"Toronto, CA",2026-08-21,24.3,22,p5,25.0,C,-0.7,LOSS,25.0°C
"Toronto, CA",2026-08-21,24.3,22,sigma,25.0,C,-0.7,LOSS,25.0°C
"Warsaw, PL",2026-08-21,25.8,26,mean,27.0,C,-1.2,LOSS,27.0°C
"Warsaw, PL",2026-08-21,26.24,26,modifisert,27.0,C,-0.76,LOSS,27.0°C
"Warsaw, PL",2026-08-21,25.8,24,p5,27.0,C,-1.2,LOSS,27.0°C
"Warsaw, PL",2026-08-21,25.8,24,sigma,27.0,C,-1.2,LOSS,27.0°C
"Wellington, NZ",2026-08-21,12.5,12,mean,15.0,C,-2.5,LOSS,15.0°C
"Wellington, NZ",2026-08-21,13.38,14,modifisert,15.0,C,-1.62,LOSS,15.0°C
"Wellington, NZ",2026-08-21,12.5,11,p5,15.0,C,-2.5,LOSS,15.0°C
"Wellington, NZ",2026-08-21,12.5,11,sigma,15.0,C,-2.5,LOSS,15.0°C
"Wuhan, CN",2026-08-21,34.5,34,mean,35.0,C,-0.5,LOSS,35.0°C
"Wuhan, CN",2026-08-21,35.31,36,modifisert,35.0,C,0.31,LOSS,35.0°C
"Wuhan, CN",2026-08-21,34.5,33,p5,35.0,C,-0.5,LOSS,35.0°C
"Wuhan, CN",2026-08-21,34.5,33,sigma,35.0,C,-0.5,LOSS,35.0°C
"Zhengzhou, CN",2026-08-21,29.7,30,mean,,C,,LOSS,32°C or higher
"Zhengzhou, CN",2026-08-21,29.7,31,modifisert,,C,,LOSS,32°C or higher
"Zhengzhou, CN",2026-08-21,29.7,28,p5,,C,,LOSS,32°C or higher
"Zhengzhou, CN",2026-08-21,29.7,29,sigma,,C,,LOSS,32°C or higher
"Amsterdam, NL",2026-08-22,18.6,19,mean,20.0,C,-1.4,LOSS,20.0°C
"Amsterdam, NL",2026-08-22,18.85,20,modifisert,20.0,C,-1.15,WIN,20.0°C
"Amsterdam, NL",2026-08-22,18.6,17,p5,20.0,C,-1.4,LOSS,20.0°C
"Amsterdam, NL",2026-08-22,18.6,17,sigma,20.0,C,-1.4,LOSS,20.0°C
"Ankara, TR",2026-08-22,33.6,34,mean,35.0,C,-1.4,LOSS,35.0°C
"Ankara, TR",2026-08-22,33.83,35,modifisert,35.0,C,-1.17,WIN,35.0°C
"Ankara, TR",2026-08-22,33.6,33,p5,35.0,C,-1.4,LOSS,35.0°C
"Ankara, TR",2026-08-22,33.6,32,sigma,35.0,C,-1.4,LOSS,35.0°C
"Atlanta, US",2026-08-22,32.9,33,mean,33.61,F,-0.71,LOSS,92-93°F
"Atlanta, US",2026-08-22,33.85,35,modifisert,33.61,F,0.24,LOSS,92-93°F
"Atlanta, US",2026-08-22,32.9,31,p5,33.61,F,-0.71,LOSS,92-93°F
"Atlanta, US",2026-08-22,32.9,31,sigma,33.61,F,-0.71,LOSS,92-93°F
"Austin, US",2026-08-22,40.0,40,mean,40.28,F,-0.28,WIN,104-105°F
"Austin, US",2026-08-22,40.39,41,modifisert,40.28,F,0.11,LOSS,104-105°F
"Austin, US",2026-08-22,40.0,39,p5,40.28,F,-0.28,LOSS,104-105°F
"Austin, US",2026-08-22,40.0,38,sigma,40.28,F,-0.28,LOSS,104-105°F
"Beijing, CN",2026-08-22,31.3,31,mean,30.0,C,1.3,LOSS,30.0°C
"Beijing, CN",2026-08-22,31.41,32,modifisert,30.0,C,1.41,LOSS,30.0°C
"Beijing, CN",2026-08-22,31.3,30,p5,30.0,C,1.3,WIN,30.0°C
"Beijing, CN",2026-08-22,31.3,30,sigma,30.0,C,1.3,WIN,30.0°C
"Buenos Aires, AR",2026-08-22,13.2,13,mean,14.0,C,-0.8,LOSS,14.0°C
"Buenos Aires, AR",2026-08-22,13.41,14,modifisert,14.0,C,-0.59,WIN,14.0°C
"Buenos Aires, AR",2026-08-22,13.2,12,p5,14.0,C,-0.8,LOSS,14.0°C
"Buenos Aires, AR",2026-08-22,13.2,12,sigma,14.0,C,-0.8,LOSS,14.0°C
"Busan, KR",2026-08-22,31.8,32,mean,35.0,C,-3.2,LOSS,35.0°C
"Busan, KR",2026-08-22,32.44,34,modifisert,35.0,C,-2.56,LOSS,35.0°C
"Busan, KR",2026-08-22,31.8,30,p5,35.0,C,-3.2,LOSS,35.0°C
"Busan, KR",2026-08-22,31.8,31,sigma,35.0,C,-3.2,LOSS,35.0°C
"Cape Town, ZA",2026-08-22,17.9,18,mean,17.0,C,0.9,LOSS,17.0°C
"Cape Town, ZA",2026-08-22,17.57,18,modifisert,17.0,C,0.57,LOSS,17.0°C
"Cape Town, ZA",2026-08-22,17.9,16,p5,17.0,C,0.9,LOSS,17.0°C
"Cape Town, ZA",2026-08-22,17.9,17,sigma,17.0,C,0.9,WIN,17.0°C
"Chengdu, CN",2026-08-22,31.3,31,mean,32.0,C,-0.7,LOSS,32.0°C
"Chengdu, CN",2026-08-22,31.88,33,modifisert,32.0,C,-0.12,LOSS,32.0°C
"Chengdu, CN",2026-08-22,31.3,29,p5,32.0,C,-0.7,LOSS,32.0°C
"Chengdu, CN",2026-08-22,31.3,30,sigma,32.0,C,-0.7,LOSS,32.0°C
"Chicago, US",2026-08-22,26.8,27,mean,26.94,F,-0.14,WIN,80-81°F
"Chicago, US",2026-08-22,27.13,27,modifisert,26.94,F,0.19,WIN,80-81°F
"Chicago, US",2026-08-22,26.8,25,p5,26.94,F,-0.14,LOSS,80-81°F
"Chicago, US",2026-08-22,26.8,26,sigma,26.94,F,-0.14,LOSS,80-81°F
"Chongqing, CN",2026-08-22,34.8,35,mean,,C,,LOSS,38°C or higher
"Chongqing, CN",2026-08-22,34.8,37,modifisert,,C,,LOSS,38°C or higher
"Chongqing, CN",2026-08-22,34.8,33,p5,,C,,LOSS,38°C or higher
"Chongqing, CN",2026-08-22,34.8,34,sigma,,C,,LOSS,38°C or higher
"Dallas, US",2026-08-22,40.9,41,mean,40.28,F,0.62,LOSS,104-105°F
"Dallas, US",2026-08-22,40.43,40,modifisert,40.28,F,0.15,WIN,104-105°F
"Dallas, US",2026-08-22,40.9,39,p5,40.28,F,0.62,LOSS,104-105°F
"Dallas, US",2026-08-22,40.9,40,sigma,40.28,F,0.62,WIN,104-105°F
"Denver, US",2026-08-22,31.8,32,mean,33.61,F,-1.81,LOSS,92-93°F
"Denver, US",2026-08-22,32.78,34,modifisert,33.61,F,-0.83,LOSS,92-93°F
"Denver, US",2026-08-22,31.8,30,p5,33.61,F,-1.81,LOSS,92-93°F
"Denver, US",2026-08-22,31.8,29,sigma,33.61,F,-1.81,LOSS,92-93°F
"Guangzhou, CN",2026-08-22,32.1,32,mean,36.0,C,-3.9,LOSS,36.0°C
"Guangzhou, CN",2026-08-22,32.1,34,modifisert,36.0,C,-3.9,LOSS,36.0°C
"Guangzhou, CN",2026-08-22,32.1,30,p5,36.0,C,-3.9,LOSS,36.0°C
"Guangzhou, CN",2026-08-22,32.1,31,sigma,36.0,C,-3.9,LOSS,36.0°C
"Helsinki, FI",2026-08-22,18.2,18,mean,18.0,C,0.2,WIN,18.0°C
"Helsinki, FI",2026-08-22,18.52,19,modifisert,18.0,C,0.52,LOSS,18.0°C
"Helsinki, FI",2026-08-22,18.2,17,p5,18.0,C,0.2,LOSS,18.0°C
"Helsinki, FI",2026-08-22,18.2,17,sigma,18.0,C,0.2,LOSS,18.0°C
"Hong Kong, HK",2026-08-22,30.6,31,mean,31.0,C,-0.4,WIN,31.0°C
"Hong Kong, HK",2026-08-22,31.13,32,modifisert,31.0,C,0.13,LOSS,31.0°C
"Hong Kong, HK",2026-08-22,30.6,30,p5,31.0,C,-0.4,LOSS,31.0°C
"Hong Kong, HK",2026-08-22,30.6,30,sigma,31.0,C,-0.4,LOSS,31.0°C
"Houston, US",2026-08-22,38.5,38,mean,38.06,F,0.44,WIN,100-101°F
"Houston, US",2026-08-22,38.38,38,modifisert,38.06,F,0.32,WIN,100-101°F
"Houston, US",2026-08-22,38.5,37,p5,38.06,F,0.44,LOSS,100-101°F
"Houston, US",2026-08-22,38.5,38,sigma,38.06,F,0.44,WIN,100-101°F
"Istanbul, TR",2026-08-22,26.5,26,mean,27.0,C,-0.5,LOSS,27.0°C
"Istanbul, TR",2026-08-22,27.17,28,modifisert,27.0,C,0.17,LOSS,27.0°C
"Istanbul, TR",2026-08-22,26.5,23,p5,27.0,C,-0.5,LOSS,27.0°C
"Istanbul, TR",2026-08-22,26.5,23,sigma,27.0,C,-0.5,LOSS,27.0°C
"Jeddah, SA",2026-08-22,37.9,38,mean,,C,,WIN,38°C or higher
"Jeddah, SA",2026-08-22,37.9,38,modifisert,,C,,WIN,38°C or higher
"Jeddah, SA",2026-08-22,37.9,35,p5,,C,,LOSS,38°C or higher
"Jeddah, SA",2026-08-22,37.9,35,sigma,,C,,LOSS,38°C or higher
"Jinan, CN",2026-08-22,34.4,34,mean,,C,,WIN,26°C or higher
"Jinan, CN",2026-08-22,34.4,34,modifisert,,C,,WIN,26°C or higher
"Jinan, CN",2026-08-22,34.4,32,p5,,C,,WIN,26°C or higher
"Jinan, CN",2026-08-22,34.4,33,sigma,,C,,WIN,26°C or higher
"Karachi, PK",2026-08-22,31.4,31,mean,30.0,C,1.4,LOSS,30.0°C
"Karachi, PK",2026-08-22,31.26,31,modifisert,30.0,C,1.26,LOSS,30.0°C
"Karachi, PK",2026-08-22,31.4,29,p5,30.0,C,1.4,LOSS,30.0°C
"Karachi, PK",2026-08-22,31.4,29,sigma,30.0,C,1.4,LOSS,30.0°C
"Kuala Lumpur, MY",2026-08-22,32.9,33,mean,34.0,C,-1.1,LOSS,34.0°C
"Kuala Lumpur, MY",2026-08-22,33.68,34,modifisert,34.0,C,-0.32,WIN,34.0°C
"Kuala Lumpur, MY",2026-08-22,32.9,31,p5,34.0,C,-1.1,LOSS,34.0°C
"Kuala Lumpur, MY",2026-08-22,32.9,31,sigma,34.0,C,-1.1,LOSS,34.0°C
"London, UK",2026-08-22,21.5,22,mean,22.0,C,-0.5,WIN,22.0°C
"London, UK",2026-08-22,21.76,22,modifisert,22.0,C,-0.24,WIN,22.0°C
"London, UK",2026-08-22,21.5,20,p5,22.0,C,-0.5,LOSS,22.0°C
"London, UK",2026-08-22,21.5,20,sigma,22.0,C,-0.5,LOSS,22.0°C
"Los Angeles, US",2026-08-22,30.4,30,mean,28.06,F,2.34,LOSS,82-83°F
"Los Angeles, US",2026-08-22,27.96,26,modifisert,28.06,F,-0.1,LOSS,82-83°F
"Los Angeles, US",2026-08-22,30.4,25,p5,28.06,F,2.34,LOSS,82-83°F
"Los Angeles, US",2026-08-22,30.4,29,sigma,28.06,F,2.34,LOSS,82-83°F
"Lucknow, IN",2026-08-22,32.0,32,mean,31.0,C,1.0,LOSS,31.0°C
"Lucknow, IN",2026-08-22,31.58,32,modifisert,31.0,C,0.58,LOSS,31.0°C
"Lucknow, IN",2026-08-22,32.0,28,p5,31.0,C,1.0,LOSS,31.0°C
"Lucknow, IN",2026-08-22,32.0,28,sigma,31.0,C,1.0,LOSS,31.0°C
"Madrid, ES",2026-08-22,32.4,32,mean,33.0,C,-0.6,LOSS,33.0°C
"Madrid, ES",2026-08-22,32.42,33,modifisert,33.0,C,-0.58,WIN,33.0°C
"Madrid, ES",2026-08-22,32.4,31,p5,33.0,C,-0.6,LOSS,33.0°C
"Madrid, ES",2026-08-22,32.4,31,sigma,33.0,C,-0.6,LOSS,33.0°C
"Manila, PH",2026-08-22,30.8,31,mean,32.0,C,-1.2,LOSS,32.0°C
"Manila, PH",2026-08-22,30.96,32,modifisert,32.0,C,-1.04,WIN,32.0°C
"Manila, PH",2026-08-22,30.8,29,p5,32.0,C,-1.2,LOSS,32.0°C
"Manila, PH",2026-08-22,30.8,30,sigma,32.0,C,-1.2,LOSS,32.0°C
"Mexico City, MX",2026-08-22,24.3,24,mean,23.0,C,1.3,LOSS,23.0°C
"Mexico City, MX",2026-08-22,24.36,25,modifisert,23.0,C,1.36,LOSS,23.0°C
"Mexico City, MX",2026-08-22,24.3,23,p5,23.0,C,1.3,WIN,23.0°C
"Mexico City, MX",2026-08-22,24.3,24,sigma,23.0,C,1.3,LOSS,23.0°C
"Miami, US",2026-08-22,33.3,33,mean,34.72,F,-1.42,LOSS,94-95°F
"Miami, US",2026-08-22,33.61,34,modifisert,34.72,F,-1.11,LOSS,94-95°F
"Miami, US",2026-08-22,33.3,32,p5,34.72,F,-1.42,LOSS,94-95°F
"Miami, US",2026-08-22,33.3,32,sigma,34.72,F,-1.42,LOSS,94-95°F
"Milan, IT",2026-08-22,27.5,28,mean,29.0,C,-1.5,LOSS,29.0°C
"Milan, IT",2026-08-22,28.57,30,modifisert,29.0,C,-0.43,LOSS,29.0°C
"Milan, IT",2026-08-22,27.5,26,p5,29.0,C,-1.5,LOSS,29.0°C
"Milan, IT",2026-08-22,27.5,26,sigma,29.0,C,-1.5,LOSS,29.0°C
"Moscow, RU",2026-08-22,21.9,22,mean,22.0,C,-0.1,WIN,22.0°C
"Moscow, RU",2026-08-22,22.01,22,modifisert,22.0,C,0.01,WIN,22.0°C
"Moscow, RU",2026-08-22,21.9,21,p5,22.0,C,-0.1,LOSS,22.0°C
"Moscow, RU",2026-08-22,21.9,21,sigma,22.0,C,-0.1,LOSS,22.0°C
"Munich, DE",2026-08-22,19.6,20,mean,21.0,C,-1.4,LOSS,21.0°C
"Munich, DE",2026-08-22,19.3,21,modifisert,21.0,C,-1.7,WIN,21.0°C
"Munich, DE",2026-08-22,19.6,18,p5,21.0,C,-1.4,LOSS,21.0°C
"Munich, DE",2026-08-22,19.6,18,sigma,21.0,C,-1.4,LOSS,21.0°C
"New York, US",2026-08-22,25.1,25,mean,24.72,F,0.38,WIN,76-77°F
"New York, US",2026-08-22,25.25,25,modifisert,24.72,F,0.53,WIN,76-77°F
"New York, US",2026-08-22,25.1,24,p5,24.72,F,0.38,LOSS,76-77°F
"New York, US",2026-08-22,25.1,24,sigma,24.72,F,0.38,LOSS,76-77°F
"Panama City, PA",2026-08-22,32.1,32,mean,33.0,C,-0.9,LOSS,33.0°C
"Panama City, PA",2026-08-22,32.76,34,modifisert,33.0,C,-0.24,LOSS,33.0°C
"Panama City, PA",2026-08-22,32.1,30,p5,33.0,C,-0.9,LOSS,33.0°C
"Panama City, PA",2026-08-22,32.1,30,sigma,33.0,C,-0.9,LOSS,33.0°C
"Paris, FR",2026-08-22,22.4,22,mean,24.0,C,-1.6,LOSS,24.0°C
"Paris, FR",2026-08-22,23.19,23,modifisert,24.0,C,-0.81,LOSS,24.0°C
"Paris, FR",2026-08-22,22.4,20,p5,24.0,C,-1.6,LOSS,24.0°C
"Paris, FR",2026-08-22,22.4,20,sigma,24.0,C,-1.6,LOSS,24.0°C
"Qingdao, CN",2026-08-22,30.9,31,mean,31.0,C,-0.1,WIN,31.0°C
"Qingdao, CN",2026-08-22,31.96,33,modifisert,31.0,C,0.96,LOSS,31.0°C
"Qingdao, CN",2026-08-22,30.9,28,p5,31.0,C,-0.1,LOSS,31.0°C
"Qingdao, CN",2026-08-22,30.9,29,sigma,31.0,C,-0.1,LOSS,31.0°C
"San Francisco, US",2026-08-22,21.1,21,mean,20.28,F,0.82,LOSS,68-69°F
"San Francisco, US",2026-08-22,22.97,24,modifisert,20.28,F,2.69,LOSS,68-69°F
"San Francisco, US",2026-08-22,21.1,18,p5,20.28,F,0.82,LOSS,68-69°F
"San Francisco, US",2026-08-22,21.1,18,sigma,20.28,F,0.82,LOSS,68-69°F
"Sao Paulo, BR",2026-08-22,22.3,22,mean,23.0,C,-0.7,LOSS,23.0°C
"Sao Paulo, BR",2026-08-22,22.52,23,modifisert,23.0,C,-0.48,WIN,23.0°C
"Sao Paulo, BR",2026-08-22,22.3,20,p5,23.0,C,-0.7,LOSS,23.0°C
"Sao Paulo, BR",2026-08-22,22.3,20,sigma,23.0,C,-0.7,LOSS,23.0°C
"Seattle, US",2026-08-22,23.0,23,mean,23.61,F,-0.61,LOSS,74-75°F
"Seattle, US",2026-08-22,24.09,25,modifisert,23.61,F,0.48,LOSS,74-75°F
"Seattle, US",2026-08-22,23.0,20,p5,23.61,F,-0.61,LOSS,74-75°F
"Seattle, US",2026-08-22,23.0,20,sigma,23.61,F,-0.61,LOSS,74-75°F
"Seoul (Incheon), KR",2026-08-22,26.7,27,mean,27.0,C,-0.3,WIN,27.0°C
"Seoul (Incheon), KR",2026-08-22,26.14,27,modifisert,27.0,C,-0.86,WIN,27.0°C
"Seoul (Incheon), KR",2026-08-22,26.7,25,p5,27.0,C,-0.3,LOSS,27.0°C
"Seoul (Incheon), KR",2026-08-22,26.7,25,sigma,27.0,C,-0.3,LOSS,27.0°C
"Shanghai, CN",2026-08-22,29.3,29,mean,31.0,C,-1.7,LOSS,31.0°C
"Shanghai, CN",2026-08-22,30.2,32,modifisert,31.0,C,-0.8,LOSS,31.0°C
"Shanghai, CN",2026-08-22,29.3,28,p5,31.0,C,-1.7,LOSS,31.0°C
"Shanghai, CN",2026-08-22,29.3,29,sigma,31.0,C,-1.7,LOSS,31.0°C
"Shenzhen, CN",2026-08-22,31.7,32,mean,32.0,C,-0.3,WIN,32.0°C
"Shenzhen, CN",2026-08-22,32.08,32,modifisert,32.0,C,0.08,WIN,32.0°C
"Shenzhen, CN",2026-08-22,31.7,30,p5,32.0,C,-0.3,LOSS,32.0°C
"Shenzhen, CN",2026-08-22,31.7,30,sigma,32.0,C,-0.3,LOSS,32.0°C
"Singapore, SG",2026-08-22,32.2,32,mean,33.0,C,-0.8,LOSS,33.0°C
"Singapore, SG",2026-08-22,32.67,33,modifisert,33.0,C,-0.33,WIN,33.0°C
"Singapore, SG",2026-08-22,32.2,31,p5,33.0,C,-0.8,LOSS,33.0°C
"Singapore, SG",2026-08-22,32.2,31,sigma,33.0,C,-0.8,LOSS,33.0°C
"Taipei, TW",2026-08-22,31.8,32,mean,35.0,C,-3.2,LOSS,35.0°C
"Taipei, TW",2026-08-22,31.8,34,modifisert,35.0,C,-3.2,LOSS,35.0°C
"Taipei, TW",2026-08-22,31.8,30,p5,35.0,C,-3.2,LOSS,35.0°C
"Taipei, TW",2026-08-22,31.8,30,sigma,35.0,C,-3.2,LOSS,35.0°C
"Tel Aviv, IL",2026-08-22,33.1,33,mean,33.0,C,0.1,WIN,33.0°C
"Tel Aviv, IL",2026-08-22,32.55,32,modifisert,33.0,C,-0.45,LOSS,33.0°C
"Tel Aviv, IL",2026-08-22,33.1,32,p5,33.0,C,0.1,LOSS,33.0°C
"Tel Aviv, IL",2026-08-22,33.1,33,sigma,33.0,C,0.1,WIN,33.0°C
"Tokyo, JP",2026-08-22,30.7,31,mean,31.0,C,-0.3,WIN,31.0°C
"Tokyo, JP",2026-08-22,31.06,31,modifisert,31.0,C,0.06,WIN,31.0°C
"Tokyo, JP",2026-08-22,30.7,29,p5,31.0,C,-0.3,LOSS,31.0°C
"Tokyo, JP",2026-08-22,30.7,29,sigma,31.0,C,-0.3,LOSS,31.0°C
"Toronto, CA",2026-08-22,24.0,24,mean,25.0,C,-1.0,LOSS,25.0°C
"Toronto, CA",2026-08-22,24.07,24,modifisert,25.0,C,-0.93,LOSS,25.0°C
"Toronto, CA",2026-08-22,24.0,22,p5,25.0,C,-1.0,LOSS,25.0°C
"Toronto, CA",2026-08-22,24.0,22,sigma,25.0,C,-1.0,LOSS,25.0°C
"Warsaw, PL",2026-08-22,21.3,21,mean,23.0,C,-1.7,LOSS,23.0°C
"Warsaw, PL",2026-08-22,21.63,22,modifisert,23.0,C,-1.37,LOSS,23.0°C
"Warsaw, PL",2026-08-22,21.3,20,p5,23.0,C,-1.7,LOSS,23.0°C
"Warsaw, PL",2026-08-22,21.3,20,sigma,23.0,C,-1.7,LOSS,23.0°C
"Wellington, NZ",2026-08-22,14.0,14,mean,16.0,C,-2.0,LOSS,16.0°C
"Wellington, NZ",2026-08-22,14.2,15,modifisert,16.0,C,-1.8,LOSS,16.0°C
"Wellington, NZ",2026-08-22,14.0,13,p5,16.0,C,-2.0,LOSS,16.0°C
"Wellington, NZ",2026-08-22,14.0,13,sigma,16.0,C,-2.0,LOSS,16.0°C
"Wuhan, CN",2026-08-22,33.5,34,mean,36.0,C,-2.5,LOSS,36.0°C
"Wuhan, CN",2026-08-22,33.99,35,modifisert,36.0,C,-2.01,LOSS,36.0°C
"Wuhan, CN",2026-08-22,33.5,31,p5,36.0,C,-2.5,LOSS,36.0°C
"Wuhan, CN",2026-08-22,33.5,32,sigma,36.0,C,-2.5,LOSS,36.0°C
"Zhengzhou, CN",2026-08-22,31.9,32,mean,,C,,WIN,32°C or higher
"Zhengzhou, CN",2026-08-22,31.9,33,modifisert,,C,,WIN,32°C or higher
"Zhengzhou, CN",2026-08-22,31.9,30,p5,,C,,LOSS,32°C or higher
"Zhengzhou, CN",2026-08-22,31.9,31,sigma,,C,,LOSS,32°C or higher
"Amsterdam, NL",2026-08-23,18.5,18,mean,20.0,C,-1.5,LOSS,20.0°C
"Amsterdam, NL",2026-08-23,19.16,20,modifisert,20.0,C,-0.84,WIN,20.0°C
"Amsterdam, NL",2026-08-23,18.5,17,p5,20.0,C,-1.5,LOSS,20.0°C
"Amsterdam, NL",2026-08-23,18.5,17,sigma,20.0,C,-1.5,LOSS,20.0°C
"Ankara, TR",2026-08-23,34.0,34,mean,35.0,C,-1.0,LOSS,35.0°C
"Ankara, TR",2026-08-23,34.25,35,modifisert,35.0,C,-0.75,WIN,35.0°C
"Ankara, TR",2026-08-23,34.0,33,p5,35.0,C,-1.0,LOSS,35.0°C
"Ankara, TR",2026-08-23,34.0,33,sigma,35.0,C,-1.0,LOSS,35.0°C
"Atlanta, US",2026-08-23,32.5,32,mean,33.61,F,-1.11,LOSS,92-93°F
"Atlanta, US",2026-08-23,32.87,34,modifisert,33.61,F,-0.74,LOSS,92-93°F
"Atlanta, US",2026-08-23,32.5,32,p5,33.61,F,-1.11,LOSS,92-93°F
"Atlanta, US",2026-08-23,32.5,31,sigma,33.61,F,-1.11,LOSS,92-93°F
"Austin, US",2026-08-23,39.7,40,mean,40.28,F,-0.58,WIN,104-105°F
"Austin, US",2026-08-23,39.85,41,modifisert,40.28,F,-0.43,LOSS,104-105°F
"Austin, US",2026-08-23,39.7,38,p5,40.28,F,-0.58,LOSS,104-105°F
"Austin, US",2026-08-23,39.7,38,sigma,40.28,F,-0.58,LOSS,104-105°F
"Beijing, CN",2026-08-23,31.5,32,mean,33.0,C,-1.5,LOSS,33.0°C
"Beijing, CN",2026-08-23,31.3,32,modifisert,33.0,C,-1.7,LOSS,33.0°C
"Beijing, CN",2026-08-23,31.5,30,p5,33.0,C,-1.5,LOSS,33.0°C
"Beijing, CN",2026-08-23,31.5,30,sigma,33.0,C,-1.5,LOSS,33.0°C
"Buenos Aires, AR",2026-08-23,12.0,12,mean,12.0,C,0.0,WIN,12.0°C
"Buenos Aires, AR",2026-08-23,12.29,13,modifisert,12.0,C,0.29,LOSS,12.0°C
"Buenos Aires, AR",2026-08-23,12.0,11,p5,12.0,C,0.0,LOSS,12.0°C
"Buenos Aires, AR",2026-08-23,12.0,10,sigma,12.0,C,0.0,LOSS,12.0°C
"Busan, KR",2026-08-23,33.4,33,mean,35.0,C,-1.6,LOSS,35.0°C
"Busan, KR",2026-08-23,34.01,35,modifisert,35.0,C,-0.99,WIN,35.0°C
"Busan, KR",2026-08-23,33.4,32,p5,35.0,C,-1.6,LOSS,35.0°C
"Busan, KR",2026-08-23,33.4,32,sigma,35.0,C,-1.6,LOSS,35.0°C
"Cape Town, ZA",2026-08-23,18.4,18,mean,19.0,C,-0.6,LOSS,19.0°C
"Cape Town, ZA",2026-08-23,19.39,20,modifisert,19.0,C,0.39,LOSS,19.0°C
"Cape Town, ZA",2026-08-23,18.4,17,p5,19.0,C,-0.6,LOSS,19.0°C
"Cape Town, ZA",2026-08-23,18.4,18,sigma,19.0,C,-0.6,LOSS,19.0°C
"Chengdu, CN",2026-08-23,31.4,31,mean,32.0,C,-0.6,LOSS,32.0°C
"Chengdu, CN",2026-08-23,32.3,33,modifisert,32.0,C,0.3,LOSS,32.0°C
"Chengdu, CN",2026-08-23,31.4,29,p5,32.0,C,-0.6,LOSS,32.0°C
"Chengdu, CN",2026-08-23,31.4,30,sigma,32.0,C,-0.6,LOSS,32.0°C
"Chicago, US",2026-08-23,24.2,24,mean,24.72,F,-0.52,LOSS,76-77°F
"Chicago, US",2026-08-23,24.27,24,modifisert,24.72,F,-0.45,LOSS,76-77°F
"Chicago, US",2026-08-23,24.2,23,p5,24.72,F,-0.52,LOSS,76-77°F
"Chicago, US",2026-08-23,24.2,23,sigma,24.72,F,-0.52,LOSS,76-77°F
"Chongqing, CN",2026-08-23,35.0,35,mean,37.0,C,-2.0,LOSS,37.0°C
"Chongqing, CN",2026-08-23,36.3,38,modifisert,37.0,C,-0.7,LOSS,37.0°C
"Chongqing, CN",2026-08-23,35.0,34,p5,37.0,C,-2.0,LOSS,37.0°C
"Chongqing, CN",2026-08-23,35.0,34,sigma,37.0,C,-2.0,LOSS,37.0°C
"Dallas, US",2026-08-23,41.7,42,mean,42.5,F,-0.8,LOSS,108-109°F
"Dallas, US",2026-08-23,41.84,42,modifisert,42.5,F,-0.66,LOSS,108-109°F
"Dallas, US",2026-08-23,41.7,40,p5,42.5,F,-0.8,LOSS,108-109°F
"Dallas, US",2026-08-23,41.7,41,sigma,42.5,F,-0.8,LOSS,108-109°F
"Denver, US",2026-08-23,32.2,32,mean,33.61,F,-1.41,LOSS,92-93°F
"Denver, US",2026-08-23,33.88,35,modifisert,33.61,F,0.27,LOSS,92-93°F
"Denver, US",2026-08-23,32.2,30,p5,33.61,F,-1.41,LOSS,92-93°F
"Denver, US",2026-08-23,32.2,30,sigma,33.61,F,-1.41,LOSS,92-93°F
"Guangzhou, CN",2026-08-23,32.9,33,mean,33.0,C,-0.1,WIN,33.0°C
"Guangzhou, CN",2026-08-23,32.9,35,modifisert,33.0,C,-0.1,LOSS,33.0°C
"Guangzhou, CN",2026-08-23,32.9,31,p5,33.0,C,-0.1,LOSS,33.0°C
"Guangzhou, CN",2026-08-23,32.9,32,sigma,33.0,C,-0.1,LOSS,33.0°C
"Helsinki, FI",2026-08-23,15.9,16,mean,15.0,C,0.9,LOSS,15.0°C
"Helsinki, FI",2026-08-23,15.64,16,modifisert,15.0,C,0.64,LOSS,15.0°C
"Helsinki, FI",2026-08-23,15.9,14,p5,15.0,C,0.9,LOSS,15.0°C
"Helsinki, FI",2026-08-23,15.9,14,sigma,15.0,C,0.9,LOSS,15.0°C
"Hong Kong, HK",2026-08-23,30.8,31,mean,32.0,C,-1.2,LOSS,32.0°C
"Hong Kong, HK",2026-08-23,31.0,32,modifisert,32.0,C,-1.0,WIN,32.0°C
"Hong Kong, HK",2026-08-23,30.8,30,p5,32.0,C,-1.2,LOSS,32.0°C
"Hong Kong, HK",2026-08-23,30.8,30,sigma,32.0,C,-1.2,LOSS,32.0°C
"Houston, US",2026-08-23,37.7,38,mean,36.94,F,0.76,LOSS,98-99°F
"Houston, US",2026-08-23,37.74,37,modifisert,36.94,F,0.8,WIN,98-99°F
"Houston, US",2026-08-23,37.7,37,p5,36.94,F,0.76,WIN,98-99°F
"Houston, US",2026-08-23,37.7,37,sigma,36.94,F,0.76,WIN,98-99°F
"Istanbul, TR",2026-08-23,27.7,28,mean,28.0,C,-0.3,WIN,28.0°C
"Istanbul, TR",2026-08-23,28.13,29,modifisert,28.0,C,0.13,LOSS,28.0°C
"Istanbul, TR",2026-08-23,27.7,23,p5,28.0,C,-0.3,LOSS,28.0°C
"Istanbul, TR",2026-08-23,27.7,23,sigma,28.0,C,-0.3,LOSS,28.0°C
"Jeddah, SA",2026-08-23,39.4,39,mean,40.0,C,-0.6,LOSS,40.0°C
"Jeddah, SA",2026-08-23,39.55,40,modifisert,40.0,C,-0.45,WIN,40.0°C
"Jeddah, SA",2026-08-23,39.4,35,p5,40.0,C,-0.6,LOSS,40.0°C
"Jeddah, SA",2026-08-23,39.4,35,sigma,40.0,C,-0.6,LOSS,40.0°C
"Jinan, CN",2026-08-23,35.0,35,mean,,C,,WIN,26°C or higher
"Jinan, CN",2026-08-23,35.0,34,modifisert,,C,,WIN,26°C or higher
"Jinan, CN",2026-08-23,35.0,32,p5,,C,,WIN,26°C or higher
"Jinan, CN",2026-08-23,35.0,33,sigma,,C,,WIN,26°C or higher
"Karachi, PK",2026-08-23,31.0,31,mean,30.0,C,1.0,LOSS,30.0°C
"Karachi, PK",2026-08-23,31.16,30,modifisert,30.0,C,1.16,WIN,30.0°C
"Karachi, PK",2026-08-23,31.0,29,p5,30.0,C,1.0,LOSS,30.0°C
"Karachi, PK",2026-08-23,31.0,29,sigma,30.0,C,1.0,LOSS,30.0°C
"Kuala Lumpur, MY",2026-08-23,32.9,33,mean,34.0,C,-1.1,LOSS,34.0°C
"Kuala Lumpur, MY",2026-08-23,33.35,34,modifisert,34.0,C,-0.65,WIN,34.0°C
"Kuala Lumpur, MY",2026-08-23,32.9,31,p5,34.0,C,-1.1,LOSS,34.0°C
"Kuala Lumpur, MY",2026-08-23,32.9,31,sigma,34.0,C,-1.1,LOSS,34.0°C
"London, UK",2026-08-23,23.5,24,mean,24.0,C,-0.5,WIN,24.0°C
"London, UK",2026-08-23,23.84,24,modifisert,24.0,C,-0.16,WIN,24.0°C
"London, UK",2026-08-23,23.5,22,p5,24.0,C,-0.5,LOSS,24.0°C
"London, UK",2026-08-23,23.5,22,sigma,24.0,C,-0.5,LOSS,24.0°C
"Los Angeles, US",2026-08-23,32.2,32,mean,,F,,WIN,91°F or below
"Los Angeles, US",2026-08-23,32.2,28,modifisert,,F,,WIN,91°F or below
"Los Angeles, US",2026-08-23,32.2,26,p5,,F,,WIN,91°F or below
"Los Angeles, US",2026-08-23,32.2,31,sigma,,F,,WIN,91°F or below
"Lucknow, IN",2026-08-23,32.8,33,mean,33.0,C,-0.2,WIN,33.0°C
"Lucknow, IN",2026-08-23,32.74,33,modifisert,33.0,C,-0.26,WIN,33.0°C
"Lucknow, IN",2026-08-23,32.8,30,p5,33.0,C,-0.2,LOSS,33.0°C
"Lucknow, IN",2026-08-23,32.8,30,sigma,33.0,C,-0.2,LOSS,33.0°C
"Madrid, ES",2026-08-23,32.7,33,mean,34.0,C,-1.3,LOSS,34.0°C
"Madrid, ES",2026-08-23,32.73,34,modifisert,34.0,C,-1.27,WIN,34.0°C
"Madrid, ES",2026-08-23,32.7,32,p5,34.0,C,-1.3,LOSS,34.0°C
"Madrid, ES",2026-08-23,32.7,32,sigma,34.0,C,-1.3,LOSS,34.0°C
"Manila, PH",2026-08-23,30.0,30,mean,32.0,C,-2.0,LOSS,32.0°C
"Manila, PH",2026-08-23,31.34,32,modifisert,32.0,C,-0.66,WIN,32.0°C
"Manila, PH",2026-08-23,30.0,28,p5,32.0,C,-2.0,LOSS,32.0°C
"Manila, PH",2026-08-23,30.0,29,sigma,32.0,C,-2.0,LOSS,32.0°C
"Mexico City, MX",2026-08-23,21.9,22,mean,22.0,C,-0.1,WIN,22.0°C
"Mexico City, MX",2026-08-23,22.0,22,modifisert,22.0,C,0.0,WIN,22.0°C
"Mexico City, MX",2026-08-23,21.9,20,p5,22.0,C,-0.1,LOSS,22.0°C
"Mexico City, MX",2026-08-23,21.9,21,sigma,22.0,C,-0.1,LOSS,22.0°C
"Miami, US",2026-08-23,32.3,32,mean,33.61,F,-1.31,LOSS,92-93°F
"Miami, US",2026-08-23,32.72,33,modifisert,33.61,F,-0.89,LOSS,92-93°F
"Miami, US",2026-08-23,32.3,31,p5,33.61,F,-1.31,LOSS,92-93°F
"Miami, US",2026-08-23,32.3,31,sigma,33.61,F,-1.31,LOSS,92-93°F
"Milan, IT",2026-08-23,26.8,27,mean,28.0,C,-1.2,LOSS,28.0°C
"Milan, IT",2026-08-23,27.89,29,modifisert,28.0,C,-0.11,LOSS,28.0°C
"Milan, IT",2026-08-23,26.8,25,p5,28.0,C,-1.2,LOSS,28.0°C
"Milan, IT",2026-08-23,26.8,25,sigma,28.0,C,-1.2,LOSS,28.0°C
"Moscow, RU",2026-08-23,22.0,22,mean,23.0,C,-1.0,LOSS,23.0°C
"Moscow, RU",2026-08-23,22.03,22,modifisert,23.0,C,-0.97,LOSS,23.0°C
"Moscow, RU",2026-08-23,22.0,21,p5,23.0,C,-1.0,LOSS,23.0°C
"Moscow, RU",2026-08-23,22.0,21,sigma,23.0,C,-1.0,LOSS,23.0°C
"Munich, DE",2026-08-23,21.1,21,mean,23.0,C,-1.9,LOSS,23.0°C
"Munich, DE",2026-08-23,21.4,23,modifisert,23.0,C,-1.6,WIN,23.0°C
"Munich, DE",2026-08-23,21.1,20,p5,23.0,C,-1.9,LOSS,23.0°C
"Munich, DE",2026-08-23,21.1,20,sigma,23.0,C,-1.9,LOSS,23.0°C
"New York, US",2026-08-23,27.4,27,mean,28.06,F,-0.66,LOSS,82-83°F
"New York, US",2026-08-23,27.93,28,modifisert,28.06,F,-0.13,WIN,82-83°F
"New York, US",2026-08-23,27.4,26,p5,28.06,F,-0.66,LOSS,82-83°F
"New York, US",2026-08-23,27.4,27,sigma,28.06,F,-0.66,LOSS,82-83°F
"Panama City, PA",2026-08-23,30.1,30,mean,31.0,C,-0.9,LOSS,31.0°C
"Panama City, PA",2026-08-23,30.27,32,modifisert,31.0,C,-0.73,LOSS,31.0°C
"Panama City, PA",2026-08-23,30.1,28,p5,31.0,C,-0.9,LOSS,31.0°C
"Panama City, PA",2026-08-23,30.1,28,sigma,31.0,C,-0.9,LOSS,31.0°C
"Paris, FR",2026-08-23,23.3,23,mean,24.0,C,-0.7,LOSS,24.0°C
"Paris, FR",2026-08-23,23.95,24,modifisert,24.0,C,-0.05,WIN,24.0°C
"Paris, FR",2026-08-23,23.3,21,p5,24.0,C,-0.7,LOSS,24.0°C
"Paris, FR",2026-08-23,23.3,21,sigma,24.0,C,-0.7,LOSS,24.0°C
"Qingdao, CN",2026-08-23,30.1,30,mean,31.0,C,-0.9,LOSS,31.0°C
"Qingdao, CN",2026-08-23,30.85,32,modifisert,31.0,C,-0.15,LOSS,31.0°C
"Qingdao, CN",2026-08-23,30.1,28,p5,31.0,C,-0.9,LOSS,31.0°C
"Qingdao, CN",2026-08-23,30.1,29,sigma,31.0,C,-0.9,LOSS,31.0°C
"San Francisco, US",2026-08-23,23.5,24,mean,24.72,F,-1.22,LOSS,76-77°F
"San Francisco, US",2026-08-23,24.48,25,modifisert,24.72,F,-0.24,WIN,76-77°F
"San Francisco, US",2026-08-23,23.5,19,p5,24.72,F,-1.22,LOSS,76-77°F
"San Francisco, US",2026-08-23,23.5,19,sigma,24.72,F,-1.22,LOSS,76-77°F
"Sao Paulo, BR",2026-08-23,23.5,24,mean,24.0,C,-0.5,WIN,24.0°C
"Sao Paulo, BR",2026-08-23,23.81,24,modifisert,24.0,C,-0.19,WIN,24.0°C
"Sao Paulo, BR",2026-08-23,23.5,21,p5,24.0,C,-0.5,LOSS,24.0°C
"Sao Paulo, BR",2026-08-23,23.5,21,sigma,24.0,C,-0.5,LOSS,24.0°C
"Seattle, US",2026-08-23,22.8,23,mean,23.61,F,-0.81,LOSS,74-75°F
"Seattle, US",2026-08-23,23.32,24,modifisert,23.61,F,-0.29,LOSS,74-75°F
"Seattle, US",2026-08-23,22.8,21,p5,23.61,F,-0.81,LOSS,74-75°F
"Seattle, US",2026-08-23,22.8,21,sigma,23.61,F,-0.81,LOSS,74-75°F
"Seoul (Incheon), KR",2026-08-23,28.9,29,mean,32.0,C,-3.1,LOSS,32.0°C
"Seoul (Incheon), KR",2026-08-23,30.37,32,modifisert,32.0,C,-1.63,WIN,32.0°C
"Seoul (Incheon), KR",2026-08-23,28.9,26,p5,32.0,C,-3.1,LOSS,32.0°C
"Seoul (Incheon), KR",2026-08-23,28.9,27,sigma,32.0,C,-3.1,LOSS,32.0°C
"Shanghai, CN",2026-08-23,29.9,30,mean,31.0,C,-1.1,LOSS,31.0°C
"Shanghai, CN",2026-08-23,30.6,33,modifisert,31.0,C,-0.4,LOSS,31.0°C
"Shanghai, CN",2026-08-23,29.9,29,p5,31.0,C,-1.1,LOSS,31.0°C
"Shanghai, CN",2026-08-23,29.9,29,sigma,31.0,C,-1.1,LOSS,31.0°C
"Shenzhen, CN",2026-08-23,31.7,32,mean,33.0,C,-1.3,LOSS,33.0°C
"Shenzhen, CN",2026-08-23,31.55,32,modifisert,33.0,C,-1.45,LOSS,33.0°C
"Shenzhen, CN",2026-08-23,31.7,29,p5,33.0,C,-1.3,LOSS,33.0°C
"Shenzhen, CN",2026-08-23,31.7,30,sigma,33.0,C,-1.3,LOSS,33.0°C
"Singapore, SG",2026-08-23,32.0,32,mean,33.0,C,-1.0,LOSS,33.0°C
"Singapore, SG",2026-08-23,32.54,33,modifisert,33.0,C,-0.46,WIN,33.0°C
"Singapore, SG",2026-08-23,32.0,31,p5,33.0,C,-1.0,LOSS,33.0°C
"Singapore, SG",2026-08-23,32.0,31,sigma,33.0,C,-1.0,LOSS,33.0°C
"Taipei, TW",2026-08-23,30.3,30,mean,32.0,C,-1.7,LOSS,32.0°C
"Taipei, TW",2026-08-23,30.3,33,modifisert,32.0,C,-1.7,LOSS,32.0°C
"Taipei, TW",2026-08-23,30.3,26,p5,32.0,C,-1.7,LOSS,32.0°C
"Taipei, TW",2026-08-23,30.3,28,sigma,32.0,C,-1.7,LOSS,32.0°C
"Tel Aviv, IL",2026-08-23,33.0,33,mean,32.0,C,1.0,LOSS,32.0°C
"Tel Aviv, IL",2026-08-23,32.38,32,modifisert,32.0,C,0.38,WIN,32.0°C
"Tel Aviv, IL",2026-08-23,33.0,31,p5,32.0,C,1.0,LOSS,32.0°C
"Tel Aviv, IL",2026-08-23,33.0,32,sigma,32.0,C,1.0,WIN,32.0°C
"Tokyo, JP",2026-08-23,30.6,31,mean,31.0,C,-0.4,WIN,31.0°C
"Tokyo, JP",2026-08-23,30.98,31,modifisert,31.0,C,-0.02,WIN,31.0°C
"Tokyo, JP",2026-08-23,30.6,29,p5,31.0,C,-0.4,LOSS,31.0°C
"Tokyo, JP",2026-08-23,30.6,29,sigma,31.0,C,-0.4,LOSS,31.0°C
"Toronto, CA",2026-08-23,19.6,20,mean,20.0,C,-0.4,WIN,20.0°C
"Toronto, CA",2026-08-23,19.83,20,modifisert,20.0,C,-0.17,WIN,20.0°C
"Toronto, CA",2026-08-23,19.6,18,p5,20.0,C,-0.4,LOSS,20.0°C
"Toronto, CA",2026-08-23,19.6,18,sigma,20.0,C,-0.4,LOSS,20.0°C
"Warsaw, PL",2026-08-23,19.0,19,mean,19.0,C,0.0,WIN,19.0°C
"Warsaw, PL",2026-08-23,19.06,19,modifisert,19.0,C,0.06,WIN,19.0°C
"Warsaw, PL",2026-08-23,19.0,18,p5,19.0,C,0.0,LOSS,19.0°C
"Warsaw, PL",2026-08-23,19.0,18,sigma,19.0,C,0.0,LOSS,19.0°C
"Wellington, NZ",2026-08-23,14.3,14,mean,17.0,C,-2.7,LOSS,17.0°C
"Wellington, NZ",2026-08-23,14.88,16,modifisert,17.0,C,-2.12,LOSS,17.0°C
"Wellington, NZ",2026-08-23,14.3,13,p5,17.0,C,-2.7,LOSS,17.0°C
"Wellington, NZ",2026-08-23,14.3,13,sigma,17.0,C,-2.7,LOSS,17.0°C
"Wuhan, CN",2026-08-23,33.1,33,mean,35.0,C,-1.9,LOSS,35.0°C
"Wuhan, CN",2026-08-23,32.97,34,modifisert,35.0,C,-2.03,LOSS,35.0°C
"Wuhan, CN",2026-08-23,33.1,32,p5,35.0,C,-1.9,LOSS,35.0°C
"Wuhan, CN",2026-08-23,33.1,32,sigma,35.0,C,-1.9,LOSS,35.0°C
"Zhengzhou, CN",2026-08-23,32.4,32,mean,,C,,WIN,32°C or higher
"Zhengzhou, CN",2026-08-23,32.4,34,modifisert,,C,,WIN,32°C or higher
"Zhengzhou, CN",2026-08-23,32.4,31,p5,,C,,LOSS,32°C or higher
"Zhengzhou, CN",2026-08-23,32.4,31,sigma,,C,,LOSS,32°C or higher
"Amsterdam, NL",2026-08-24,20.8,21,mean,21.0,C,-0.2,WIN,21.0°C
"Amsterdam, NL",2026-08-24,20.97,22,modifisert,21.0,C,-0.03,LOSS,21.0°C
"Amsterdam, NL",2026-08-24,20.8,19,p5,21.0,C,-0.2,LOSS,21.0°C
"Amsterdam, NL",2026-08-24,20.8,19,sigma,21.0,C,-0.2,LOSS,21.0°C
"Ankara, TR",2026-08-24,31.8,32,mean,33.0,C,-1.2,LOSS,33.0°C
"Ankara, TR",2026-08-24,32.03,33,modifisert,33.0,C,-0.97,WIN,33.0°C
"Ankara, TR",2026-08-24,31.8,31,p5,33.0,C,-1.2,LOSS,33.0°C
"Ankara, TR",2026-08-24,31.8,30,sigma,33.0,C,-1.2,LOSS,33.0°C
"Atlanta, US",2026-08-24,32.4,32,mean,32.5,F,-0.1,LOSS,90-91°F
"Atlanta, US",2026-08-24,32.8,34,modifisert,32.5,F,0.3,LOSS,90-91°F
"Atlanta, US",2026-08-24,32.4,31,p5,32.5,F,-0.1,LOSS,90-91°F
"Atlanta, US",2026-08-24,32.4,31,sigma,32.5,F,-0.1,LOSS,90-91°F
"Austin, US",2026-08-24,39.0,39,mean,40.28,F,-1.28,LOSS,104-105°F
"Austin, US",2026-08-24,39.11,40,modifisert,40.28,F,-1.17,WIN,104-105°F
"Austin, US",2026-08-24,39.0,38,p5,40.28,F,-1.28,LOSS,104-105°F
"Austin, US",2026-08-24,39.0,38,sigma,40.28,F,-1.28,LOSS,104-105°F
"Beijing, CN",2026-08-24,31.7,32,mean,33.0,C,-1.3,LOSS,33.0°C
"Beijing, CN",2026-08-24,31.94,32,modifisert,33.0,C,-1.06,LOSS,33.0°C
"Beijing, CN",2026-08-24,31.7,30,p5,33.0,C,-1.3,LOSS,33.0°C
"Beijing, CN",2026-08-24,31.7,30,sigma,33.0,C,-1.3,LOSS,33.0°C
"Buenos Aires, AR",2026-08-24,12.6,13,mean,13.0,C,-0.4,WIN,13.0°C
"Buenos Aires, AR",2026-08-24,12.41,13,modifisert,13.0,C,-0.59,WIN,13.0°C
"Buenos Aires, AR",2026-08-24,12.6,11,p5,13.0,C,-0.4,LOSS,13.0°C
"Buenos Aires, AR",2026-08-24,12.6,11,sigma,13.0,C,-0.4,LOSS,13.0°C
"Busan, KR",2026-08-24,33.6,34,mean,34.0,C,-0.4,WIN,34.0°C
"Busan, KR",2026-08-24,34.18,36,modifisert,34.0,C,0.18,LOSS,34.0°C
"Busan, KR",2026-08-24,33.6,32,p5,34.0,C,-0.4,LOSS,34.0°C
"Busan, KR",2026-08-24,33.6,32,sigma,34.0,C,-0.4,LOSS,34.0°C
"Cape Town, ZA",2026-08-24,18.0,18,mean,18.0,C,0.0,WIN,18.0°C
"Cape Town, ZA",2026-08-24,18.71,19,modifisert,18.0,C,0.71,LOSS,18.0°C
"Cape Town, ZA",2026-08-24,18.0,17,p5,18.0,C,0.0,LOSS,18.0°C
"Cape Town, ZA",2026-08-24,18.0,17,sigma,18.0,C,0.0,LOSS,18.0°C
"Chengdu, CN",2026-08-24,33.7,34,mean,37.0,C,-3.3,LOSS,37.0°C
"Chengdu, CN",2026-08-24,33.77,35,modifisert,37.0,C,-3.23,LOSS,37.0°C
"Chengdu, CN",2026-08-24,33.7,32,p5,37.0,C,-3.3,LOSS,37.0°C
"Chengdu, CN",2026-08-24,33.7,32,sigma,37.0,C,-3.3,LOSS,37.0°C
"Chicago, US",2026-08-24,25.3,25,mean,25.83,F,-0.53,LOSS,78-79°F
"Chicago, US",2026-08-24,25.53,25,modifisert,25.83,F,-0.3,LOSS,78-79°F
"Chicago, US",2026-08-24,25.3,24,p5,25.83,F,-0.53,LOSS,78-79°F
"Chicago, US",2026-08-24,25.3,24,sigma,25.83,F,-0.53,LOSS,78-79°F
"Chongqing, CN",2026-08-24,35.3,35,mean,37.0,C,-1.7,LOSS,37.0°C
"Chongqing, CN",2026-08-24,35.9,38,modifisert,37.0,C,-1.1,LOSS,37.0°C
"Chongqing, CN",2026-08-24,35.3,33,p5,37.0,C,-1.7,LOSS,37.0°C
"Chongqing, CN",2026-08-24,35.3,34,sigma,37.0,C,-1.7,LOSS,37.0°C
"Dallas, US",2026-08-24,42.2,42,mean,41.39,F,0.81,LOSS,106-107°F
"Dallas, US",2026-08-24,41.84,42,modifisert,41.39,F,0.45,LOSS,106-107°F
"Dallas, US",2026-08-24,42.2,40,p5,41.39,F,0.81,LOSS,106-107°F
"Dallas, US",2026-08-24,42.2,42,sigma,41.39,F,0.81,LOSS,106-107°F
"Denver, US",2026-08-24,32.0,32,mean,33.61,F,-1.61,LOSS,92-93°F
"Denver, US",2026-08-24,32.23,34,modifisert,33.61,F,-1.38,LOSS,92-93°F
"Denver, US",2026-08-24,32.0,30,p5,33.61,F,-1.61,LOSS,92-93°F
"Denver, US",2026-08-24,32.0,30,sigma,33.61,F,-1.61,LOSS,92-93°F
"Guangzhou, CN",2026-08-24,32.0,32,mean,34.0,C,-2.0,LOSS,34.0°C
"Guangzhou, CN",2026-08-24,32.0,34,modifisert,34.0,C,-2.0,WIN,34.0°C
"Guangzhou, CN",2026-08-24,32.0,31,p5,34.0,C,-2.0,LOSS,34.0°C
"Guangzhou, CN",2026-08-24,32.0,31,sigma,34.0,C,-2.0,LOSS,34.0°C
"Helsinki, FI",2026-08-24,18.1,18,mean,18.0,C,0.1,WIN,18.0°C
"Helsinki, FI",2026-08-24,17.99,19,modifisert,18.0,C,-0.01,LOSS,18.0°C
"Helsinki, FI",2026-08-24,18.1,17,p5,18.0,C,0.1,LOSS,18.0°C
"Helsinki, FI",2026-08-24,18.1,17,sigma,18.0,C,0.1,LOSS,18.0°C
"Hong Kong, HK",2026-08-24,30.7,31,mean,33.0,C,-2.3,LOSS,33.0°C
"Hong Kong, HK",2026-08-24,31.07,32,modifisert,33.0,C,-1.93,LOSS,33.0°C
"Hong Kong, HK",2026-08-24,30.7,29,p5,33.0,C,-2.3,LOSS,33.0°C
"Hong Kong, HK",2026-08-24,30.7,30,sigma,33.0,C,-2.3,LOSS,33.0°C
"Houston, US",2026-08-24,37.4,37,mean,36.94,F,0.46,WIN,98-99°F
"Houston, US",2026-08-24,37.35,37,modifisert,36.94,F,0.41,WIN,98-99°F
"Houston, US",2026-08-24,37.4,36,p5,36.94,F,0.46,LOSS,98-99°F
"Houston, US",2026-08-24,37.4,37,sigma,36.94,F,0.46,WIN,98-99°F
"Istanbul, TR",2026-08-24,27.3,27,mean,28.0,C,-0.7,LOSS,28.0°C
"Istanbul, TR",2026-08-24,28.32,29,modifisert,28.0,C,0.32,LOSS,28.0°C
"Istanbul, TR",2026-08-24,27.3,24,p5,28.0,C,-0.7,LOSS,28.0°C
"Istanbul, TR",2026-08-24,27.3,24,sigma,28.0,C,-0.7,LOSS,28.0°C
"Jeddah, SA",2026-08-24,37.8,38,mean,38.0,C,-0.2,WIN,38.0°C
"Jeddah, SA",2026-08-24,38.09,38,modifisert,38.0,C,0.09,WIN,38.0°C
"Jeddah, SA",2026-08-24,37.8,34,p5,38.0,C,-0.2,LOSS,38.0°C
"Jeddah, SA",2026-08-24,37.8,34,sigma,38.0,C,-0.2,LOSS,38.0°C
"Jinan, CN",2026-08-24,32.4,32,mean,,C,,WIN,26°C or higher
"Jinan, CN",2026-08-24,32.4,32,modifisert,,C,,WIN,26°C or higher
"Jinan, CN",2026-08-24,32.4,30,p5,,C,,WIN,26°C or higher
"Jinan, CN",2026-08-24,32.4,31,sigma,,C,,WIN,26°C or higher
"Karachi, PK",2026-08-24,32.8,33,mean,33.0,C,-0.2,WIN,33.0°C
"Karachi, PK",2026-08-24,33.17,34,modifisert,33.0,C,0.17,LOSS,33.0°C
"Karachi, PK",2026-08-24,32.8,31,p5,33.0,C,-0.2,LOSS,33.0°C
"Karachi, PK",2026-08-24,32.8,30,sigma,33.0,C,-0.2,LOSS,33.0°C
"Kuala Lumpur, MY",2026-08-24,32.9,33,mean,34.0,C,-1.1,LOSS,34.0°C
"Kuala Lumpur, MY",2026-08-24,33.82,34,modifisert,34.0,C,-0.18,WIN,34.0°C
"Kuala Lumpur, MY",2026-08-24,32.9,31,p5,34.0,C,-1.1,LOSS,34.0°C
"Kuala Lumpur, MY",2026-08-24,32.9,31,sigma,34.0,C,-1.1,LOSS,34.0°C
"London, UK",2026-08-24,21.2,21,mean,22.0,C,-0.8,LOSS,22.0°C
"London, UK",2026-08-24,21.45,22,modifisert,22.0,C,-0.55,WIN,22.0°C
"London, UK",2026-08-24,21.2,20,p5,22.0,C,-0.8,LOSS,22.0°C
"London, UK",2026-08-24,21.2,20,sigma,22.0,C,-0.8,LOSS,22.0°C
"Los Angeles, US",2026-08-24,31.7,32,mean,28.06,F,3.64,LOSS,82-83°F
"Los Angeles, US",2026-08-24,28.77,26,modifisert,28.06,F,0.71,LOSS,82-83°F
"Los Angeles, US",2026-08-24,31.7,26,p5,28.06,F,3.64,LOSS,82-83°F
"Los Angeles, US",2026-08-24,31.7,30,sigma,28.06,F,3.64,LOSS,82-83°F
"Lucknow, IN",2026-08-24,32.3,32,mean,33.0,C,-0.7,LOSS,33.0°C
"Lucknow, IN",2026-08-24,32.59,33,modifisert,33.0,C,-0.41,WIN,33.0°C
"Lucknow, IN",2026-08-24,32.3,29,p5,33.0,C,-0.7,LOSS,33.0°C
"Lucknow, IN",2026-08-24,32.3,29,sigma,33.0,C,-0.7,LOSS,33.0°C
"Madrid, ES",2026-08-24,27.7,28,mean,29.0,C,-1.3,LOSS,29.0°C
"Madrid, ES",2026-08-24,27.83,29,modifisert,29.0,C,-1.17,WIN,29.0°C
"Madrid, ES",2026-08-24,27.7,26,p5,29.0,C,-1.3,LOSS,29.0°C
"Madrid, ES",2026-08-24,27.7,26,sigma,29.0,C,-1.3,LOSS,29.0°C
"Manila, PH",2026-08-24,30.6,31,mean,32.0,C,-1.4,LOSS,32.0°C
"Manila, PH",2026-08-24,31.5,32,modifisert,32.0,C,-0.5,WIN,32.0°C
"Manila, PH",2026-08-24,30.6,29,p5,32.0,C,-1.4,LOSS,32.0°C
"Manila, PH",2026-08-24,30.6,29,sigma,32.0,C,-1.4,LOSS,32.0°C
"Mexico City, MX",2026-08-24,18.6,19,mean,20.0,C,-1.4,LOSS,20.0°C
"Mexico City, MX",2026-08-24,19.9,20,modifisert,20.0,C,-0.1,WIN,20.0°C
"Mexico City, MX",2026-08-24,18.6,17,p5,20.0,C,-1.4,LOSS,20.0°C
"Mexico City, MX",2026-08-24,18.6,18,sigma,20.0,C,-1.4,LOSS,20.0°C
"Miami, US",2026-08-24,31.9,32,mean,32.5,F,-0.6,LOSS,90-91°F
"Miami, US",2026-08-24,32.66,33,modifisert,32.5,F,0.16,LOSS,90-91°F
"Miami, US",2026-08-24,31.9,30,p5,32.5,F,-0.6,LOSS,90-91°F
"Miami, US",2026-08-24,31.9,30,sigma,32.5,F,-0.6,LOSS,90-91°F
"Milan, IT",2026-08-24,28.1,28,mean,29.0,C,-0.9,LOSS,29.0°C
"Milan, IT",2026-08-24,29.15,30,modifisert,29.0,C,0.15,LOSS,29.0°C
"Milan, IT",2026-08-24,28.1,26,p5,29.0,C,-0.9,LOSS,29.0°C
"Milan, IT",2026-08-24,28.1,26,sigma,29.0,C,-0.9,LOSS,29.0°C
"Moscow, RU",2026-08-24,18.7,19,mean,20.0,C,-1.3,LOSS,20.0°C
"Moscow, RU",2026-08-24,19.08,19,modifisert,20.0,C,-0.92,LOSS,20.0°C
"Moscow, RU",2026-08-24,18.7,18,p5,20.0,C,-1.3,LOSS,20.0°C
"Moscow, RU",2026-08-24,18.7,18,sigma,20.0,C,-1.3,LOSS,20.0°C
"Munich, DE",2026-08-24,22.9,23,mean,24.0,C,-1.1,LOSS,24.0°C
"Munich, DE",2026-08-24,23.2,25,modifisert,24.0,C,-0.8,LOSS,24.0°C
"Munich, DE",2026-08-24,22.9,22,p5,24.0,C,-1.1,LOSS,24.0°C
"Munich, DE",2026-08-24,22.9,22,sigma,24.0,C,-1.1,LOSS,24.0°C
"New York, US",2026-08-24,26.7,27,mean,26.94,F,-0.24,WIN,80-81°F
"New York, US",2026-08-24,27.27,27,modifisert,26.94,F,0.33,WIN,80-81°F
"New York, US",2026-08-24,26.7,25,p5,26.94,F,-0.24,LOSS,80-81°F
"New York, US",2026-08-24,26.7,26,sigma,26.94,F,-0.24,LOSS,80-81°F
"Panama City, PA",2026-08-24,31.7,32,mean,32.0,C,-0.3,WIN,32.0°C
"Panama City, PA",2026-08-24,32.45,34,modifisert,32.0,C,0.45,LOSS,32.0°C
"Panama City, PA",2026-08-24,31.7,29,p5,32.0,C,-0.3,LOSS,32.0°C
"Panama City, PA",2026-08-24,31.7,29,sigma,32.0,C,-0.3,LOSS,32.0°C
"Paris, FR",2026-08-24,26.0,26,mean,27.0,C,-1.0,LOSS,27.0°C
"Paris, FR",2026-08-24,26.19,26,modifisert,27.0,C,-0.81,LOSS,27.0°C
"Paris, FR",2026-08-24,26.0,24,p5,27.0,C,-1.0,LOSS,27.0°C
"Paris, FR",2026-08-24,26.0,24,sigma,27.0,C,-1.0,LOSS,27.0°C
"Qingdao, CN",2026-08-24,30.9,31,mean,31.0,C,-0.1,WIN,31.0°C
"Qingdao, CN",2026-08-24,31.15,32,modifisert,31.0,C,0.15,LOSS,31.0°C
"Qingdao, CN",2026-08-24,30.9,30,p5,31.0,C,-0.1,LOSS,31.0°C
"Qingdao, CN",2026-08-24,30.9,30,sigma,31.0,C,-0.1,LOSS,31.0°C
"San Francisco, US",2026-08-24,21.1,21,mean,21.39,F,-0.29,LOSS,70-71°F
"San Francisco, US",2026-08-24,21.6,23,modifisert,21.39,F,0.21,LOSS,70-71°F
"San Francisco, US",2026-08-24,21.1,18,p5,21.39,F,-0.29,LOSS,70-71°F
"San Francisco, US",2026-08-24,21.1,18,sigma,21.39,F,-0.29,LOSS,70-71°F
"Sao Paulo, BR",2026-08-24,20.1,20,mean,18.0,C,2.1,LOSS,18.0°C
"Sao Paulo, BR",2026-08-24,18.83,19,modifisert,18.0,C,0.83,LOSS,18.0°C
"Sao Paulo, BR",2026-08-24,20.1,16,p5,18.0,C,2.1,LOSS,18.0°C
"Sao Paulo, BR",2026-08-24,20.1,16,sigma,18.0,C,2.1,LOSS,18.0°C
"Seattle, US",2026-08-24,24.5,24,mean,26.94,F,-2.44,LOSS,80-81°F
"Seattle, US",2026-08-24,25.84,26,modifisert,26.94,F,-1.1,LOSS,80-81°F
"Seattle, US",2026-08-24,24.5,23,p5,26.94,F,-2.44,LOSS,80-81°F
"Seattle, US",2026-08-24,24.5,22,sigma,26.94,F,-2.44,LOSS,80-81°F
"Seoul (Incheon), KR",2026-08-24,28.7,29,mean,31.0,C,-2.3,LOSS,31.0°C
"Seoul (Incheon), KR",2026-08-24,30.09,32,modifisert,31.0,C,-0.91,LOSS,31.0°C
"Seoul (Incheon), KR",2026-08-24,28.7,26,p5,31.0,C,-2.3,LOSS,31.0°C
"Seoul (Incheon), KR",2026-08-24,28.7,27,sigma,31.0,C,-2.3,LOSS,31.0°C
"Shanghai, CN",2026-08-24,30.2,30,mean,32.0,C,-1.8,LOSS,32.0°C
"Shanghai, CN",2026-08-24,31.2,34,modifisert,32.0,C,-0.8,LOSS,32.0°C
"Shanghai, CN",2026-08-24,30.2,29,p5,32.0,C,-1.8,LOSS,32.0°C
"Shanghai, CN",2026-08-24,30.2,29,sigma,32.0,C,-1.8,LOSS,32.0°C
"Shenzhen, CN",2026-08-24,31.8,32,mean,31.0,C,0.8,LOSS,31.0°C
"Shenzhen, CN",2026-08-24,31.88,32,modifisert,31.0,C,0.88,LOSS,31.0°C
"Shenzhen, CN",2026-08-24,31.8,29,p5,31.0,C,0.8,LOSS,31.0°C
"Shenzhen, CN",2026-08-24,31.8,30,sigma,31.0,C,0.8,LOSS,31.0°C
"Singapore, SG",2026-08-24,31.9,32,mean,33.0,C,-1.1,LOSS,33.0°C
"Singapore, SG",2026-08-24,32.64,33,modifisert,33.0,C,-0.36,WIN,33.0°C
"Singapore, SG",2026-08-24,31.9,30,p5,33.0,C,-1.1,LOSS,33.0°C
"Singapore, SG",2026-08-24,31.9,31,sigma,33.0,C,-1.1,LOSS,33.0°C
"Taipei, TW",2026-08-24,27.7,28,mean,31.0,C,-3.3,LOSS,31.0°C
"Taipei, TW",2026-08-24,27.7,30,modifisert,31.0,C,-3.3,LOSS,31.0°C
"Taipei, TW",2026-08-24,27.7,26,p5,31.0,C,-3.3,LOSS,31.0°C
"Taipei, TW",2026-08-24,27.7,26,sigma,31.0,C,-3.3,LOSS,31.0°C
"Tel Aviv, IL",2026-08-24,33.6,34,mean,33.0,C,0.6,LOSS,33.0°C
"Tel Aviv, IL",2026-08-24,32.89,32,modifisert,33.0,C,-0.11,LOSS,33.0°C
"Tel Aviv, IL",2026-08-24,33.6,32,p5,33.0,C,0.6,LOSS,33.0°C
"Tel Aviv, IL",2026-08-24,33.6,33,sigma,33.0,C,0.6,WIN,33.0°C
"Tokyo, JP",2026-08-24,32.1,32,mean,33.0,C,-0.9,LOSS,33.0°C
"Tokyo, JP",2026-08-24,32.62,33,modifisert,33.0,C,-0.38,WIN,33.0°C
"Tokyo, JP",2026-08-24,32.1,31,p5,33.0,C,-0.9,LOSS,33.0°C
"Tokyo, JP",2026-08-24,32.1,31,sigma,33.0,C,-0.9,LOSS,33.0°C
"Toronto, CA",2026-08-24,20.6,21,mean,22.0,C,-1.4,LOSS,22.0°C
"Toronto, CA",2026-08-24,21.08,21,modifisert,22.0,C,-0.92,LOSS,22.0°C
"Toronto, CA",2026-08-24,20.6,19,p5,22.0,C,-1.4,LOSS,22.0°C
"Toronto, CA",2026-08-24,20.6,19,sigma,22.0,C,-1.4,LOSS,22.0°C
"Warsaw, PL",2026-08-24,18.2,18,mean,18.0,C,0.2,WIN,18.0°C
"Warsaw, PL",2026-08-24,17.99,18,modifisert,18.0,C,-0.01,WIN,18.0°C
"Warsaw, PL",2026-08-24,18.2,17,p5,18.0,C,0.2,LOSS,18.0°C
"Warsaw, PL",2026-08-24,18.2,17,sigma,18.0,C,0.2,LOSS,18.0°C
"Wellington, NZ",2026-08-24,14.0,14,mean,15.0,C,-1.0,LOSS,15.0°C
"Wellington, NZ",2026-08-24,14.18,15,modifisert,15.0,C,-0.82,WIN,15.0°C
"Wellington, NZ",2026-08-24,14.0,13,p5,15.0,C,-1.0,LOSS,15.0°C
"Wellington, NZ",2026-08-24,14.0,13,sigma,15.0,C,-1.0,LOSS,15.0°C
"Wuhan, CN",2026-08-24,34.5,34,mean,,C,,LOSS,37°C or higher
"Wuhan, CN",2026-08-24,34.5,35,modifisert,,C,,LOSS,37°C or higher
"Wuhan, CN",2026-08-24,34.5,33,p5,,C,,LOSS,37°C or higher
"Wuhan, CN",2026-08-24,34.5,33,sigma,,C,,LOSS,37°C or higher
"Zhengzhou, CN",2026-08-24,30.8,31,mean,,C,,LOSS,32°C or higher
"Zhengzhou, CN",2026-08-24,30.8,32,modifisert,,C,,WIN,32°C or higher
"Zhengzhou, CN",2026-08-24,30.8,29,p5,,C,,LOSS,32°C or higher
"Zhengzhou, CN",2026-08-24,30.8,30,sigma,,C,,LOSS,32°C or higher
"Amsterdam, NL",2026-08-25,24.0,24,mean,25.0,C,-1.0,LOSS,25.0°C
"Amsterdam, NL",2026-08-25,24.52,25,modifisert,25.0,C,-0.48,WIN,25.0°C
"Amsterdam, NL",2026-08-25,24.0,22,p5,25.0,C,-1.0,LOSS,25.0°C
"Amsterdam, NL",2026-08-25,24.0,22,sigma,25.0,C,-1.0,LOSS,25.0°C
"Ankara, TR",2026-08-25,29.4,29,mean,30.0,C,-0.6,LOSS,30.0°C
"Ankara, TR",2026-08-25,29.69,30,modifisert,30.0,C,-0.31,WIN,30.0°C
"Ankara, TR",2026-08-25,29.4,28,p5,30.0,C,-0.6,LOSS,30.0°C
"Ankara, TR",2026-08-25,29.4,28,sigma,30.0,C,-0.6,LOSS,30.0°C
"Atlanta, US",2026-08-25,32.6,33,mean,33.61,F,-1.01,LOSS,92-93°F
"Atlanta, US",2026-08-25,33.39,35,modifisert,33.61,F,-0.22,LOSS,92-93°F
"Atlanta, US",2026-08-25,32.6,31,p5,33.61,F,-1.01,LOSS,92-93°F
"Atlanta, US",2026-08-25,32.6,31,sigma,33.61,F,-1.01,LOSS,92-93°F
"Austin, US",2026-08-25,38.2,38,mean,39.17,F,-0.97,LOSS,102-103°F
"Austin, US",2026-08-25,38.32,39,modifisert,39.17,F,-0.85,WIN,102-103°F
"Austin, US",2026-08-25,38.2,37,p5,39.17,F,-0.97,LOSS,102-103°F
"Austin, US",2026-08-25,38.2,37,sigma,39.17,F,-0.97,LOSS,102-103°F
"Beijing, CN",2026-08-25,30.9,31,mean,31.0,C,-0.1,WIN,31.0°C
"Beijing, CN",2026-08-25,30.52,31,modifisert,31.0,C,-0.48,WIN,31.0°C
"Beijing, CN",2026-08-25,30.9,29,p5,31.0,C,-0.1,LOSS,31.0°C
"Beijing, CN",2026-08-25,30.9,30,sigma,31.0,C,-0.1,LOSS,31.0°C
"Buenos Aires, AR",2026-08-25,14.0,14,mean,14.0,C,0.0,WIN,14.0°C
"Buenos Aires, AR",2026-08-25,14.17,15,modifisert,14.0,C,0.17,LOSS,14.0°C
"Buenos Aires, AR",2026-08-25,14.0,13,p5,14.0,C,0.0,LOSS,14.0°C
"Buenos Aires, AR",2026-08-25,14.0,13,sigma,14.0,C,0.0,LOSS,14.0°C
"Busan, KR",2026-08-25,33.9,34,mean,35.0,C,-1.1,LOSS,35.0°C
"Busan, KR",2026-08-25,34.44,36,modifisert,35.0,C,-0.56,LOSS,35.0°C
"Busan, KR",2026-08-25,33.9,32,p5,35.0,C,-1.1,LOSS,35.0°C
"Busan, KR",2026-08-25,33.9,33,sigma,35.0,C,-1.1,LOSS,35.0°C
"Cape Town, ZA",2026-08-25,21.1,21,mean,22.0,C,-0.9,LOSS,22.0°C
"Cape Town, ZA",2026-08-25,22.09,23,modifisert,22.0,C,0.09,LOSS,22.0°C
"Cape Town, ZA",2026-08-25,21.1,18,p5,22.0,C,-0.9,LOSS,22.0°C
"Cape Town, ZA",2026-08-25,21.1,20,sigma,22.0,C,-0.9,LOSS,22.0°C
"Chengdu, CN",2026-08-25,35.1,35,mean,36.0,C,-0.9,LOSS,36.0°C
"Chengdu, CN",2026-08-25,36.16,37,modifisert,36.0,C,0.16,LOSS,36.0°C
"Chengdu, CN",2026-08-25,35.1,33,p5,36.0,C,-0.9,LOSS,36.0°C
"Chengdu, CN",2026-08-25,35.1,34,sigma,36.0,C,-0.9,LOSS,36.0°C
"Chicago, US",2026-08-25,26.7,27,mean,26.94,F,-0.24,WIN,80-81°F
"Chicago, US",2026-08-25,26.67,26,modifisert,26.94,F,-0.27,LOSS,80-81°F
"Chicago, US",2026-08-25,26.7,25,p5,26.94,F,-0.24,LOSS,80-81°F
"Chicago, US",2026-08-25,26.7,26,sigma,26.94,F,-0.24,LOSS,80-81°F
"Chongqing, CN",2026-08-25,35.9,36,mean,38.0,C,-2.1,LOSS,38.0°C
"Chongqing, CN",2026-08-25,36.7,38,modifisert,38.0,C,-1.3,WIN,38.0°C
"Chongqing, CN",2026-08-25,35.9,34,p5,38.0,C,-2.1,LOSS,38.0°C
"Chongqing, CN",2026-08-25,35.9,35,sigma,38.0,C,-2.1,LOSS,38.0°C
"Dallas, US",2026-08-25,39.7,40,mean,38.06,F,1.64,LOSS,100-101°F
"Dallas, US",2026-08-25,39.19,39,modifisert,38.06,F,1.13,LOSS,100-101°F
"Dallas, US",2026-08-25,39.7,37,p5,38.06,F,1.64,LOSS,100-101°F
"Dallas, US",2026-08-25,39.7,39,sigma,38.06,F,1.64,LOSS,100-101°F
"Denver, US",2026-08-25,28.1,28,mean,28.06,F,0.04,WIN,82-83°F
"Denver, US",2026-08-25,28.69,30,modifisert,28.06,F,0.63,LOSS,82-83°F
"Denver, US",2026-08-25,28.1,26,p5,28.06,F,0.04,LOSS,82-83°F
"Denver, US",2026-08-25,28.1,26,sigma,28.06,F,0.04,LOSS,82-83°F
"Guangzhou, CN",2026-08-25,31.7,32,mean,33.0,C,-1.3,LOSS,33.0°C
"Guangzhou, CN",2026-08-25,31.7,34,modifisert,33.0,C,-1.3,LOSS,33.0°C
"Guangzhou, CN",2026-08-25,31.7,30,p5,33.0,C,-1.3,LOSS,33.0°C
"Guangzhou, CN",2026-08-25,31.7,30,sigma,33.0,C,-1.3,LOSS,33.0°C
"Helsinki, FI",2026-08-25,18.9,19,mean,19.0,C,-0.1,WIN,19.0°C
"Helsinki, FI",2026-08-25,18.7,19,modifisert,19.0,C,-0.3,WIN,19.0°C
"Helsinki, FI",2026-08-25,18.9,18,p5,19.0,C,-0.1,LOSS,19.0°C
"Helsinki, FI",2026-08-25,18.9,18,sigma,19.0,C,-0.1,LOSS,19.0°C
"Hong Kong, HK",2026-08-25,30.7,31,mean,31.0,C,-0.3,WIN,31.0°C
"Hong Kong, HK",2026-08-25,30.63,31,modifisert,31.0,C,-0.37,WIN,31.0°C
"Hong Kong, HK",2026-08-25,30.7,30,p5,31.0,C,-0.3,LOSS,31.0°C
"Hong Kong, HK",2026-08-25,30.7,30,sigma,31.0,C,-0.3,LOSS,31.0°C
"Houston, US",2026-08-25,36.3,36,mean,35.83,F,0.47,WIN,96-97°F
"Houston, US",2026-08-25,36.98,36,modifisert,35.83,F,1.15,WIN,96-97°F
"Houston, US",2026-08-25,36.3,34,p5,35.83,F,0.47,LOSS,96-97°F
"Houston, US",2026-08-25,36.3,36,sigma,35.83,F,0.47,WIN,96-97°F
"Istanbul, TR",2026-08-25,27.1,27,mean,28.0,C,-0.9,LOSS,28.0°C
"Istanbul, TR",2026-08-25,28.04,29,modifisert,28.0,C,0.04,LOSS,28.0°C
"Istanbul, TR",2026-08-25,27.1,24,p5,28.0,C,-0.9,LOSS,28.0°C
"Istanbul, TR",2026-08-25,27.1,24,sigma,28.0,C,-0.9,LOSS,28.0°C
"Jeddah, SA",2026-08-25,37.6,38,mean,36.0,C,1.6,LOSS,36.0°C
"Jeddah, SA",2026-08-25,37.64,38,modifisert,36.0,C,1.64,LOSS,36.0°C
"Jeddah, SA",2026-08-25,37.6,35,p5,36.0,C,1.6,LOSS,36.0°C
"Jeddah, SA",2026-08-25,37.6,35,sigma,36.0,C,1.6,LOSS,36.0°C
"Jinan, CN",2026-08-25,33.5,34,mean,,C,,WIN,26°C or higher
"Jinan, CN",2026-08-25,33.5,33,modifisert,,C,,WIN,26°C or higher
"Jinan, CN",2026-08-25,33.5,32,p5,,C,,WIN,26°C or higher
"Jinan, CN",2026-08-25,33.5,32,sigma,,C,,WIN,26°C or higher
"Karachi, PK",2026-08-25,32.4,32,mean,33.0,C,-0.6,LOSS,33.0°C
"Karachi, PK",2026-08-25,32.51,33,modifisert,33.0,C,-0.49,WIN,33.0°C
"Karachi, PK",2026-08-25,32.4,30,p5,33.0,C,-0.6,LOSS,33.0°C
"Karachi, PK",2026-08-25,32.4,30,sigma,33.0,C,-0.6,LOSS,33.0°C
"Kuala Lumpur, MY",2026-08-25,30.9,31,mean,32.0,C,-1.1,LOSS,32.0°C
"Kuala Lumpur, MY",2026-08-25,31.74,34,modifisert,32.0,C,-0.26,LOSS,32.0°C
"Kuala Lumpur, MY",2026-08-25,30.9,29,p5,32.0,C,-1.1,LOSS,32.0°C
"Kuala Lumpur, MY",2026-08-25,30.9,30,sigma,32.0,C,-1.1,LOSS,32.0°C
"London, UK",2026-08-25,24.3,24,mean,24.0,C,0.3,WIN,24.0°C
"London, UK",2026-08-25,24.46,25,modifisert,24.0,C,0.46,LOSS,24.0°C
"London, UK",2026-08-25,24.3,23,p5,24.0,C,0.3,LOSS,24.0°C
"London, UK",2026-08-25,24.3,23,sigma,24.0,C,0.3,LOSS,24.0°C
"Los Angeles, US",2026-08-25,31.7,32,mean,29.17,F,2.53,LOSS,84-85°F
"Los Angeles, US",2026-08-25,29.02,26,modifisert,29.17,F,-0.15,LOSS,84-85°F
"Los Angeles, US",2026-08-25,31.7,27,p5,29.17,F,2.53,LOSS,84-85°F
"Los Angeles, US",2026-08-25,31.7,29,sigma,29.17,F,2.53,WIN,84-85°F
"Lucknow, IN",2026-08-25,30.1,30,mean,30.0,C,0.1,WIN,30.0°C
"Lucknow, IN",2026-08-25,30.06,30,modifisert,30.0,C,0.06,WIN,30.0°C
"Lucknow, IN",2026-08-25,30.1,27,p5,30.0,C,0.1,LOSS,30.0°C
"Lucknow, IN",2026-08-25,30.1,27,sigma,30.0,C,0.1,LOSS,30.0°C
"Madrid, ES",2026-08-25,28.0,28,mean,28.0,C,0.0,WIN,28.0°C
"Madrid, ES",2026-08-25,28.0,29,modifisert,28.0,C,0.0,LOSS,28.0°C
"Madrid, ES",2026-08-25,28.0,27,p5,28.0,C,0.0,LOSS,28.0°C
"Madrid, ES",2026-08-25,28.0,26,sigma,28.0,C,0.0,LOSS,28.0°C
"Manila, PH",2026-08-25,31.1,31,mean,31.0,C,0.1,WIN,31.0°C
"Manila, PH",2026-08-25,31.7,33,modifisert,31.0,C,0.7,LOSS,31.0°C
"Manila, PH",2026-08-25,31.1,29,p5,31.0,C,0.1,LOSS,31.0°C
"Manila, PH",2026-08-25,31.1,30,sigma,31.0,C,0.1,LOSS,31.0°C
"Mexico City, MX",2026-08-25,22.7,23,mean,22.0,C,0.7,LOSS,22.0°C
"Mexico City, MX",2026-08-25,22.65,23,modifisert,22.0,C,0.65,LOSS,22.0°C
"Mexico City, MX",2026-08-25,22.7,21,p5,22.0,C,0.7,LOSS,22.0°C
"Mexico City, MX",2026-08-25,22.7,22,sigma,22.0,C,0.7,WIN,22.0°C
"Miami, US",2026-08-25,31.6,32,mean,33.61,F,-2.01,LOSS,92-93°F
"Miami, US",2026-08-25,31.83,32,modifisert,33.61,F,-1.78,LOSS,92-93°F
"Miami, US",2026-08-25,31.6,30,p5,33.61,F,-2.01,LOSS,92-93°F
"Miami, US",2026-08-25,31.6,30,sigma,33.61,F,-2.01,LOSS,92-93°F
"Milan, IT",2026-08-25,25.7,26,mean,28.0,C,-2.3,LOSS,28.0°C
"Milan, IT",2026-08-25,27.09,28,modifisert,28.0,C,-0.91,WIN,28.0°C
"Milan, IT",2026-08-25,25.7,24,p5,28.0,C,-2.3,LOSS,28.0°C
"Milan, IT",2026-08-25,25.7,25,sigma,28.0,C,-2.3,LOSS,28.0°C
"Moscow, RU",2026-08-25,15.8,16,mean,17.0,C,-1.2,LOSS,17.0°C
"Moscow, RU",2026-08-25,16.6,17,modifisert,17.0,C,-0.4,WIN,17.0°C
"Moscow, RU",2026-08-25,15.8,15,p5,17.0,C,-1.2,LOSS,17.0°C
"Moscow, RU",2026-08-25,15.8,15,sigma,17.0,C,-1.2,LOSS,17.0°C
"Munich, DE",2026-08-25,17.6,18,mean,17.0,C,0.6,LOSS,17.0°C
"Munich, DE",2026-08-25,20.2,22,modifisert,17.0,C,3.2,LOSS,17.0°C
"Munich, DE",2026-08-25,17.6,15,p5,17.0,C,0.6,LOSS,17.0°C
"Munich, DE",2026-08-25,17.6,15,sigma,17.0,C,0.6,LOSS,17.0°C
"New York, US",2026-08-25,26.3,26,mean,25.83,F,0.47,WIN,78-79°F
"New York, US",2026-08-25,26.28,26,modifisert,25.83,F,0.45,WIN,78-79°F
"New York, US",2026-08-25,26.3,25,p5,25.83,F,0.47,LOSS,78-79°F
"New York, US",2026-08-25,26.3,25,sigma,25.83,F,0.47,LOSS,78-79°F
"Panama City, PA",2026-08-25,31.2,31,mean,33.0,C,-1.8,LOSS,33.0°C
"Panama City, PA",2026-08-25,32.06,34,modifisert,33.0,C,-0.94,LOSS,33.0°C
"Panama City, PA",2026-08-25,31.2,30,p5,33.0,C,-1.8,LOSS,33.0°C
"Panama City, PA",2026-08-25,31.2,29,sigma,33.0,C,-1.8,LOSS,33.0°C
"Paris, FR",2026-08-25,27.1,27,mean,29.0,C,-1.9,LOSS,29.0°C
"Paris, FR",2026-08-25,28.48,28,modifisert,29.0,C,-0.52,LOSS,29.0°C
"Paris, FR",2026-08-25,27.1,25,p5,29.0,C,-1.9,LOSS,29.0°C
"Paris, FR",2026-08-25,27.1,25,sigma,29.0,C,-1.9,LOSS,29.0°C
"Qingdao, CN",2026-08-25,31.5,32,mean,32.0,C,-0.5,WIN,32.0°C
"Qingdao, CN",2026-08-25,31.76,33,modifisert,32.0,C,-0.24,LOSS,32.0°C
"Qingdao, CN",2026-08-25,31.5,30,p5,32.0,C,-0.5,LOSS,32.0°C
"Qingdao, CN",2026-08-25,31.5,30,sigma,32.0,C,-0.5,LOSS,32.0°C
"San Francisco, US",2026-08-25,21.1,21,mean,19.17,F,1.93,LOSS,66-67°F
"San Francisco, US",2026-08-25,22.36,23,modifisert,19.17,F,3.19,LOSS,66-67°F
"San Francisco, US",2026-08-25,21.1,18,p5,19.17,F,1.93,LOSS,66-67°F
"San Francisco, US",2026-08-25,21.1,18,sigma,19.17,F,1.93,LOSS,66-67°F
"Sao Paulo, BR",2026-08-25,20.2,20,mean,19.0,C,1.2,LOSS,19.0°C
"Sao Paulo, BR",2026-08-25,19.45,20,modifisert,19.0,C,0.45,LOSS,19.0°C
"Sao Paulo, BR",2026-08-25,20.2,18,p5,19.0,C,1.2,LOSS,19.0°C
"Sao Paulo, BR",2026-08-25,20.2,18,sigma,19.0,C,1.2,LOSS,19.0°C
"Seattle, US",2026-08-25,28.4,28,mean,29.17,F,-0.77,LOSS,84-85°F
"Seattle, US",2026-08-25,28.71,29,modifisert,29.17,F,-0.46,WIN,84-85°F
"Seattle, US",2026-08-25,28.4,26,p5,29.17,F,-0.77,LOSS,84-85°F
"Seattle, US",2026-08-25,28.4,26,sigma,29.17,F,-0.77,LOSS,84-85°F
"Seoul (Incheon), KR",2026-08-25,28.7,29,mean,31.0,C,-2.3,LOSS,31.0°C
"Seoul (Incheon), KR",2026-08-25,29.99,31,modifisert,31.0,C,-1.01,WIN,31.0°C
"Seoul (Incheon), KR",2026-08-25,28.7,27,p5,31.0,C,-2.3,LOSS,31.0°C
"Seoul (Incheon), KR",2026-08-25,28.7,27,sigma,31.0,C,-2.3,LOSS,31.0°C
"Shanghai, CN",2026-08-25,29.6,30,mean,31.0,C,-1.4,LOSS,31.0°C
"Shanghai, CN",2026-08-25,31.1,33,modifisert,31.0,C,0.1,LOSS,31.0°C
"Shanghai, CN",2026-08-25,29.6,28,p5,31.0,C,-1.4,LOSS,31.0°C
"Shanghai, CN",2026-08-25,29.6,29,sigma,31.0,C,-1.4,LOSS,31.0°C
"Shenzhen, CN",2026-08-25,31.9,32,mean,32.0,C,-0.1,WIN,32.0°C
"Shenzhen, CN",2026-08-25,31.66,32,modifisert,32.0,C,-0.34,WIN,32.0°C
"Shenzhen, CN",2026-08-25,31.9,30,p5,32.0,C,-0.1,LOSS,32.0°C
"Shenzhen, CN",2026-08-25,31.9,31,sigma,32.0,C,-0.1,LOSS,32.0°C
"Singapore, SG",2026-08-25,32.0,32,mean,33.0,C,-1.0,LOSS,33.0°C
"Singapore, SG",2026-08-25,32.76,33,modifisert,33.0,C,-0.24,WIN,33.0°C
"Singapore, SG",2026-08-25,32.0,31,p5,33.0,C,-1.0,LOSS,33.0°C
"Singapore, SG",2026-08-25,32.0,31,sigma,33.0,C,-1.0,LOSS,33.0°C
"Taipei, TW",2026-08-25,27.1,27,mean,30.0,C,-2.9,LOSS,30.0°C
"Taipei, TW",2026-08-25,27.1,30,modifisert,30.0,C,-2.9,WIN,30.0°C
"Taipei, TW",2026-08-25,27.1,26,p5,30.0,C,-2.9,LOSS,30.0°C
"Taipei, TW",2026-08-25,27.1,26,sigma,30.0,C,-2.9,LOSS,30.0°C
"Tel Aviv, IL",2026-08-25,33.7,34,mean,33.0,C,0.7,LOSS,33.0°C
"Tel Aviv, IL",2026-08-25,33.14,32,modifisert,33.0,C,0.14,LOSS,33.0°C
"Tel Aviv, IL",2026-08-25,33.7,32,p5,33.0,C,0.7,LOSS,33.0°C
"Tel Aviv, IL",2026-08-25,33.7,33,sigma,33.0,C,0.7,WIN,33.0°C
"Tokyo, JP",2026-08-25,33.8,34,mean,34.0,C,-0.2,WIN,34.0°C
"Tokyo, JP",2026-08-25,34.28,34,modifisert,34.0,C,0.28,WIN,34.0°C
"Tokyo, JP",2026-08-25,33.8,32,p5,34.0,C,-0.2,LOSS,34.0°C
"Tokyo, JP",2026-08-25,33.8,32,sigma,34.0,C,-0.2,LOSS,34.0°C
"Toronto, CA",2026-08-25,23.8,24,mean,25.0,C,-1.2,LOSS,25.0°C
"Toronto, CA",2026-08-25,24.46,24,modifisert,25.0,C,-0.54,LOSS,25.0°C
"Toronto, CA",2026-08-25,23.8,22,p5,25.0,C,-1.2,LOSS,25.0°C
"Toronto, CA",2026-08-25,23.8,22,sigma,25.0,C,-1.2,LOSS,25.0°C
"Warsaw, PL",2026-08-25,21.5,22,mean,22.0,C,-0.5,WIN,22.0°C
"Warsaw, PL",2026-08-25,21.76,22,modifisert,22.0,C,-0.24,WIN,22.0°C
"Warsaw, PL",2026-08-25,21.5,20,p5,22.0,C,-0.5,LOSS,22.0°C
"Warsaw, PL",2026-08-25,21.5,20,sigma,22.0,C,-0.5,LOSS,22.0°C
"Wellington, NZ",2026-08-25,15.1,15,mean,17.0,C,-1.9,LOSS,17.0°C
"Wellington, NZ",2026-08-25,15.5,16,modifisert,17.0,C,-1.5,LOSS,17.0°C
"Wellington, NZ",2026-08-25,15.1,14,p5,17.0,C,-1.9,LOSS,17.0°C
"Wellington, NZ",2026-08-25,15.1,14,sigma,17.0,C,-1.9,LOSS,17.0°C
"Wuhan, CN",2026-08-25,36.0,36,mean,37.0,C,-1.0,LOSS,37.0°C
"Wuhan, CN",2026-08-25,35.93,37,modifisert,37.0,C,-1.07,WIN,37.0°C
"Wuhan, CN",2026-08-25,36.0,34,p5,37.0,C,-1.0,LOSS,37.0°C
"Wuhan, CN",2026-08-25,36.0,35,sigma,37.0,C,-1.0,LOSS,37.0°C
"Zhengzhou, CN",2026-08-25,32.6,33,mean,,C,,WIN,32°C or higher
"Zhengzhou, CN",2026-08-25,32.6,34,modifisert,,C,,WIN,32°C or higher
"Zhengzhou, CN",2026-08-25,32.6,30,p5,,C,,LOSS,32°C or higher
"Zhengzhou, CN",2026-08-25,32.6,31,sigma,,C,,LOSS,32°C or higher
"Amsterdam, NL",2026-08-26,24.3,24,mean,26.0,C,-1.7,LOSS,26.0°C
"Amsterdam, NL",2026-08-26,24.89,26,modifisert,26.0,C,-1.11,WIN,26.0°C
"Amsterdam, NL",2026-08-26,24.3,22,p5,26.0,C,-1.7,LOSS,26.0°C
"Amsterdam, NL",2026-08-26,24.3,22,sigma,26.0,C,-1.7,LOSS,26.0°C
"Ankara, TR",2026-08-26,31.6,32,mean,33.0,C,-1.4,LOSS,33.0°C
"Ankara, TR",2026-08-26,31.75,32,modifisert,33.0,C,-1.25,LOSS,33.0°C
"Ankara, TR",2026-08-26,31.6,31,p5,33.0,C,-1.4,LOSS,33.0°C
"Ankara, TR",2026-08-26,31.6,31,sigma,33.0,C,-1.4,LOSS,33.0°C
"Atlanta, US",2026-08-26,31.2,31,mean,32.5,F,-1.3,LOSS,90-91°F
"Atlanta, US",2026-08-26,32.31,34,modifisert,32.5,F,-0.19,LOSS,90-91°F
"Atlanta, US",2026-08-26,31.2,30,p5,32.5,F,-1.3,LOSS,90-91°F
"Atlanta, US",2026-08-26,31.2,29,sigma,32.5,F,-1.3,LOSS,90-91°F
"Austin, US",2026-08-26,39.0,39,mean,39.17,F,-0.17,WIN,102-103°F
"Austin, US",2026-08-26,39.03,40,modifisert,39.17,F,-0.14,LOSS,102-103°F
"Austin, US",2026-08-26,39.0,37,p5,39.17,F,-0.17,LOSS,102-103°F
"Austin, US",2026-08-26,39.0,37,sigma,39.17,F,-0.17,LOSS,102-103°F
"Beijing, CN",2026-08-26,25.6,26,mean,28.0,C,-2.4,LOSS,28.0°C
"Beijing, CN",2026-08-26,26.89,28,modifisert,28.0,C,-1.11,WIN,28.0°C
"Beijing, CN",2026-08-26,25.6,22,p5,28.0,C,-2.4,LOSS,28.0°C
"Beijing, CN",2026-08-26,25.6,24,sigma,28.0,C,-2.4,LOSS,28.0°C
"Buenos Aires, AR",2026-08-26,16.8,17,mean,17.0,C,-0.2,WIN,17.0°C
"Buenos Aires, AR",2026-08-26,16.87,18,modifisert,17.0,C,-0.13,LOSS,17.0°C
"Buenos Aires, AR",2026-08-26,16.8,15,p5,17.0,C,-0.2,LOSS,17.0°C
"Buenos Aires, AR",2026-08-26,16.8,15,sigma,17.0,C,-0.2,LOSS,17.0°C
"Busan, KR",2026-08-26,34.1,34,mean,34.0,C,0.1,WIN,34.0°C
"Busan, KR",2026-08-26,34.44,36,modifisert,34.0,C,0.44,LOSS,34.0°C
"Busan, KR",2026-08-26,34.1,32,p5,34.0,C,0.1,LOSS,34.0°C
"Busan, KR",2026-08-26,34.1,33,sigma,34.0,C,0.1,LOSS,34.0°C
"Cape Town, ZA",2026-08-26,24.4,24,mean,25.0,C,-0.6,LOSS,25.0°C
"Cape Town, ZA",2026-08-26,25.24,26,modifisert,25.0,C,0.24,LOSS,25.0°C
"Cape Town, ZA",2026-08-26,24.4,22,p5,25.0,C,-0.6,LOSS,25.0°C
"Cape Town, ZA",2026-08-26,24.4,23,sigma,25.0,C,-0.6,LOSS,25.0°C
"Chengdu, CN",2026-08-26,33.0,33,mean,36.0,C,-3.0,LOSS,36.0°C
"Chengdu, CN",2026-08-26,33.33,34,modifisert,36.0,C,-2.67,LOSS,36.0°C
"Chengdu, CN",2026-08-26,33.0,31,p5,36.0,C,-3.0,LOSS,36.0°C
"Chengdu, CN",2026-08-26,33.0,32,sigma,36.0,C,-3.0,LOSS,36.0°C
"Chicago, US",2026-08-26,28.4,28,mean,29.17,F,-0.77,LOSS,84-85°F
"Chicago, US",2026-08-26,28.64,28,modifisert,29.17,F,-0.53,LOSS,84-85°F
"Chicago, US",2026-08-26,28.4,27,p5,29.17,F,-0.77,LOSS,84-85°F
"Chicago, US",2026-08-26,28.4,27,sigma,29.17,F,-0.77,LOSS,84-85°F
"Chongqing, CN",2026-08-26,36.0,36,mean,38.0,C,-2.0,LOSS,38.0°C
"Chongqing, CN",2026-08-26,37.4,39,modifisert,38.0,C,-0.6,LOSS,38.0°C
"Chongqing, CN",2026-08-26,36.0,34,p5,38.0,C,-2.0,LOSS,38.0°C
"Chongqing, CN",2026-08-26,36.0,35,sigma,38.0,C,-2.0,LOSS,38.0°C
"Dallas, US",2026-08-26,38.6,39,mean,38.06,F,0.54,LOSS,100-101°F
"Dallas, US",2026-08-26,38.09,37,modifisert,38.06,F,0.03,LOSS,100-101°F
"Dallas, US",2026-08-26,38.6,37,p5,38.06,F,0.54,LOSS,100-101°F
"Dallas, US",2026-08-26,38.6,38,sigma,38.06,F,0.54,WIN,100-101°F
"Denver, US",2026-08-26,28.3,28,mean,30.28,F,-1.98,LOSS,86-87°F
"Denver, US",2026-08-26,29.81,31,modifisert,30.28,F,-0.47,LOSS,86-87°F
"Denver, US",2026-08-26,28.3,25,p5,30.28,F,-1.98,LOSS,86-87°F
"Denver, US",2026-08-26,28.3,25,sigma,30.28,F,-1.98,LOSS,86-87°F
"Guangzhou, CN",2026-08-26,30.2,30,mean,31.0,C,-0.8,LOSS,31.0°C
"Guangzhou, CN",2026-08-26,30.2,32,modifisert,31.0,C,-0.8,LOSS,31.0°C
"Guangzhou, CN",2026-08-26,30.2,28,p5,31.0,C,-0.8,LOSS,31.0°C
"Guangzhou, CN",2026-08-26,30.2,29,sigma,31.0,C,-0.8,LOSS,31.0°C
"Helsinki, FI",2026-08-26,20.7,21,mean,21.0,C,-0.3,WIN,21.0°C
"Helsinki, FI",2026-08-26,21.09,22,modifisert,21.0,C,0.09,LOSS,21.0°C
"Helsinki, FI",2026-08-26,20.7,19,p5,21.0,C,-0.3,LOSS,21.0°C
"Helsinki, FI",2026-08-26,20.7,19,sigma,21.0,C,-0.3,LOSS,21.0°C
"Hong Kong, HK",2026-08-26,30.1,30,mean,29.0,C,1.1,LOSS,29.0°C
"Hong Kong, HK",2026-08-26,30.0,31,modifisert,29.0,C,1.0,LOSS,29.0°C
"Hong Kong, HK",2026-08-26,30.1,29,p5,29.0,C,1.1,WIN,29.0°C
"Hong Kong, HK",2026-08-26,30.1,29,sigma,29.0,C,1.1,WIN,29.0°C
"Houston, US",2026-08-26,37.4,37,mean,36.94,F,0.46,WIN,98-99°F
"Houston, US",2026-08-26,37.32,37,modifisert,36.94,F,0.38,WIN,98-99°F
"Houston, US",2026-08-26,37.4,36,p5,36.94,F,0.46,LOSS,98-99°F
"Houston, US",2026-08-26,37.4,37,sigma,36.94,F,0.46,WIN,98-99°F
"Istanbul, TR",2026-08-26,26.7,27,mean,28.0,C,-1.3,LOSS,28.0°C
"Istanbul, TR",2026-08-26,27.36,28,modifisert,28.0,C,-0.64,WIN,28.0°C
"Istanbul, TR",2026-08-26,26.7,24,p5,28.0,C,-1.3,LOSS,28.0°C
"Istanbul, TR",2026-08-26,26.7,24,sigma,28.0,C,-1.3,LOSS,28.0°C
"Jeddah, SA",2026-08-26,37.7,38,mean,37.0,C,0.7,LOSS,37.0°C
"Jeddah, SA",2026-08-26,37.81,38,modifisert,37.0,C,0.81,LOSS,37.0°C
"Jeddah, SA",2026-08-26,37.7,34,p5,37.0,C,0.7,LOSS,37.0°C
"Jeddah, SA",2026-08-26,37.7,34,sigma,37.0,C,0.7,LOSS,37.0°C
"Jinan, CN",2026-08-26,33.7,34,mean,,C,,WIN,26°C or higher
"Jinan, CN",2026-08-26,33.7,33,modifisert,,C,,WIN,26°C or higher
"Jinan, CN",2026-08-26,33.7,32,p5,,C,,WIN,26°C or higher
"Jinan, CN",2026-08-26,33.7,32,sigma,,C,,WIN,26°C or higher
"Karachi, PK",2026-08-26,32.0,32,mean,33.0,C,-1.0,LOSS,33.0°C
"Karachi, PK",2026-08-26,31.95,32,modifisert,33.0,C,-1.05,LOSS,33.0°C
"Karachi, PK",2026-08-26,32.0,30,p5,33.0,C,-1.0,LOSS,33.0°C
"Karachi, PK",2026-08-26,32.0,30,sigma,33.0,C,-1.0,LOSS,33.0°C
"Kuala Lumpur, MY",2026-08-26,30.0,30,mean,32.0,C,-2.0,LOSS,32.0°C
"Kuala Lumpur, MY",2026-08-26,30.38,33,modifisert,32.0,C,-1.62,LOSS,32.0°C
"Kuala Lumpur, MY",2026-08-26,30.0,28,p5,32.0,C,-2.0,LOSS,32.0°C
"Kuala Lumpur, MY",2026-08-26,30.0,29,sigma,32.0,C,-2.0,LOSS,32.0°C
"London, UK",2026-08-26,26.2,26,mean,26.0,C,0.2,WIN,26.0°C
"London, UK",2026-08-26,26.68,27,modifisert,26.0,C,0.68,LOSS,26.0°C
"London, UK",2026-08-26,26.2,24,p5,26.0,C,0.2,LOSS,26.0°C
"London, UK",2026-08-26,26.2,24,sigma,26.0,C,0.2,LOSS,26.0°C
"Los Angeles, US",2026-08-26,32.8,33,mean,30.28,F,2.52,LOSS,86-87°F
"Los Angeles, US",2026-08-26,30.29,27,modifisert,30.28,F,0.01,LOSS,86-87°F
"Los Angeles, US",2026-08-26,32.8,28,p5,30.28,F,2.52,LOSS,86-87°F
"Los Angeles, US",2026-08-26,32.8,32,sigma,30.28,F,2.52,LOSS,86-87°F
"Lucknow, IN",2026-08-26,31.7,32,mean,32.0,C,-0.3,WIN,32.0°C
"Lucknow, IN",2026-08-26,31.37,32,modifisert,32.0,C,-0.63,WIN,32.0°C
"Lucknow, IN",2026-08-26,31.7,29,p5,32.0,C,-0.3,LOSS,32.0°C
"Lucknow, IN",2026-08-26,31.7,29,sigma,32.0,C,-0.3,LOSS,32.0°C
"Madrid, ES",2026-08-26,29.5,30,mean,30.0,C,-0.5,WIN,30.0°C
"Madrid, ES",2026-08-26,29.37,30,modifisert,30.0,C,-0.63,WIN,30.0°C
"Madrid, ES",2026-08-26,29.5,28,p5,30.0,C,-0.5,LOSS,30.0°C
"Madrid, ES",2026-08-26,29.5,28,sigma,30.0,C,-0.5,LOSS,30.0°C
"Manila, PH",2026-08-26,31.3,31,mean,32.0,C,-0.7,LOSS,32.0°C
"Manila, PH",2026-08-26,32.14,33,modifisert,32.0,C,0.14,LOSS,32.0°C
"Manila, PH",2026-08-26,31.3,29,p5,32.0,C,-0.7,LOSS,32.0°C
"Manila, PH",2026-08-26,31.3,30,sigma,32.0,C,-0.7,LOSS,32.0°C
"Mexico City, MX",2026-08-26,24.6,25,mean,26.0,C,-1.4,LOSS,26.0°C
"Mexico City, MX",2026-08-26,25.09,25,modifisert,26.0,C,-0.91,LOSS,26.0°C
"Mexico City, MX",2026-08-26,24.6,23,p5,26.0,C,-1.4,LOSS,26.0°C
"Mexico City, MX",2026-08-26,24.6,24,sigma,26.0,C,-1.4,LOSS,26.0°C
"Miami, US",2026-08-26,31.4,31,mean,33.61,F,-2.21,LOSS,92-93°F
"Miami, US",2026-08-26,32.27,33,modifisert,33.61,F,-1.34,LOSS,92-93°F
"Miami, US",2026-08-26,31.4,29,p5,33.61,F,-2.21,LOSS,92-93°F
"Miami, US",2026-08-26,31.4,29,sigma,33.61,F,-2.21,LOSS,92-93°F
"Milan, IT",2026-08-26,27.7,28,mean,29.0,C,-1.3,LOSS,29.0°C
"Milan, IT",2026-08-26,28.77,30,modifisert,29.0,C,-0.23,LOSS,29.0°C
"Milan, IT",2026-08-26,27.7,26,p5,29.0,C,-1.3,LOSS,29.0°C
"Milan, IT",2026-08-26,27.7,26,sigma,29.0,C,-1.3,LOSS,29.0°C
"Moscow, RU",2026-08-26,16.6,17,mean,17.0,C,-0.4,WIN,17.0°C
"Moscow, RU",2026-08-26,16.8,17,modifisert,17.0,C,-0.2,WIN,17.0°C
"Moscow, RU",2026-08-26,16.6,16,p5,17.0,C,-0.4,LOSS,17.0°C
"Moscow, RU",2026-08-26,16.6,16,sigma,17.0,C,-0.4,LOSS,17.0°C
"Munich, DE",2026-08-26,25.5,26,mean,28.0,C,-2.5,LOSS,28.0°C
"Munich, DE",2026-08-26,25.9,28,modifisert,28.0,C,-2.1,WIN,28.0°C
"Munich, DE",2026-08-26,25.5,24,p5,28.0,C,-2.5,LOSS,28.0°C
"Munich, DE",2026-08-26,25.5,24,sigma,28.0,C,-2.5,LOSS,28.0°C
"New York, US",2026-08-26,27.1,27,mean,28.06,F,-0.96,LOSS,82-83°F
"New York, US",2026-08-26,27.69,28,modifisert,28.06,F,-0.37,WIN,82-83°F
"New York, US",2026-08-26,27.1,25,p5,28.06,F,-0.96,LOSS,82-83°F
"New York, US",2026-08-26,27.1,26,sigma,28.06,F,-0.96,LOSS,82-83°F
"Panama City, PA",2026-08-26,30.2,30,mean,32.0,C,-1.8,LOSS,32.0°C
"Panama City, PA",2026-08-26,31.4,33,modifisert,32.0,C,-0.6,LOSS,32.0°C
"Panama City, PA",2026-08-26,30.2,28,p5,32.0,C,-1.8,LOSS,32.0°C
"Panama City, PA",2026-08-26,30.2,28,sigma,32.0,C,-1.8,LOSS,32.0°C
"Paris, FR",2026-08-26,28.5,28,mean,29.0,C,-0.5,LOSS,29.0°C
"Paris, FR",2026-08-26,29.31,29,modifisert,29.0,C,0.31,WIN,29.0°C
"Paris, FR",2026-08-26,28.5,27,p5,29.0,C,-0.5,LOSS,29.0°C
"Paris, FR",2026-08-26,28.5,27,sigma,29.0,C,-0.5,LOSS,29.0°C
"Qingdao, CN",2026-08-26,31.9,32,mean,32.0,C,-0.1,WIN,32.0°C
"Qingdao, CN",2026-08-26,32.31,33,modifisert,32.0,C,0.31,LOSS,32.0°C
"Qingdao, CN",2026-08-26,31.9,30,p5,32.0,C,-0.1,LOSS,32.0°C
"Qingdao, CN",2026-08-26,31.9,31,sigma,32.0,C,-0.1,LOSS,32.0°C
"San Francisco, US",2026-08-26,23.4,23,mean,24.72,F,-1.32,LOSS,76-77°F
"San Francisco, US",2026-08-26,25.15,26,modifisert,24.72,F,0.43,LOSS,76-77°F
"San Francisco, US",2026-08-26,23.4,19,p5,24.72,F,-1.32,LOSS,76-77°F
"San Francisco, US",2026-08-26,23.4,19,sigma,24.72,F,-1.32,LOSS,76-77°F
"Sao Paulo, BR",2026-08-26,23.1,23,mean,25.0,C,-1.9,LOSS,25.0°C
"Sao Paulo, BR",2026-08-26,23.49,24,modifisert,25.0,C,-1.51,LOSS,25.0°C
"Sao Paulo, BR",2026-08-26,23.1,21,p5,25.0,C,-1.9,LOSS,25.0°C
"Sao Paulo, BR",2026-08-26,23.1,21,sigma,25.0,C,-1.9,LOSS,25.0°C
"Seattle, US",2026-08-26,24.7,25,mean,24.72,F,-0.02,WIN,76-77°F
"Seattle, US",2026-08-26,25.11,26,modifisert,24.72,F,0.39,LOSS,76-77°F
"Seattle, US",2026-08-26,24.7,23,p5,24.72,F,-0.02,LOSS,76-77°F
"Seattle, US",2026-08-26,24.7,22,sigma,24.72,F,-0.02,LOSS,76-77°F
"Seoul (Incheon), KR",2026-08-26,28.6,29,mean,30.0,C,-1.4,LOSS,30.0°C
"Seoul (Incheon), KR",2026-08-26,29.29,31,modifisert,30.0,C,-0.71,LOSS,30.0°C
"Seoul (Incheon), KR",2026-08-26,28.6,26,p5,30.0,C,-1.4,LOSS,30.0°C
"Seoul (Incheon), KR",2026-08-26,28.6,27,sigma,30.0,C,-1.4,LOSS,30.0°C
"Shanghai, CN",2026-08-26,30.4,30,mean,32.0,C,-1.6,LOSS,32.0°C
"Shanghai, CN",2026-08-26,31.4,34,modifisert,32.0,C,-0.6,LOSS,32.0°C
"Shanghai, CN",2026-08-26,30.4,29,p5,32.0,C,-1.6,LOSS,32.0°C
"Shanghai, CN",2026-08-26,30.4,30,sigma,32.0,C,-1.6,LOSS,32.0°C
"Shenzhen, CN",2026-08-26,30.7,31,mean,31.0,C,-0.3,WIN,31.0°C
"Shenzhen, CN",2026-08-26,31.13,31,modifisert,31.0,C,0.13,WIN,31.0°C
"Shenzhen, CN",2026-08-26,30.7,28,p5,31.0,C,-0.3,LOSS,31.0°C
"Shenzhen, CN",2026-08-26,30.7,29,sigma,31.0,C,-0.3,LOSS,31.0°C
"Singapore, SG",2026-08-26,30.4,30,mean,31.0,C,-0.6,LOSS,31.0°C
"Singapore, SG",2026-08-26,30.53,33,modifisert,31.0,C,-0.47,LOSS,31.0°C
"Singapore, SG",2026-08-26,30.4,28,p5,31.0,C,-0.6,LOSS,31.0°C
"Singapore, SG",2026-08-26,30.4,29,sigma,31.0,C,-0.6,LOSS,31.0°C
"Taipei, TW",2026-08-26,30.1,30,mean,32.0,C,-1.9,LOSS,32.0°C
"Taipei, TW",2026-08-26,30.1,33,modifisert,32.0,C,-1.9,LOSS,32.0°C
"Taipei, TW",2026-08-26,30.1,29,p5,32.0,C,-1.9,LOSS,32.0°C
"Taipei, TW",2026-08-26,30.1,29,sigma,32.0,C,-1.9,LOSS,32.0°C
"Tel Aviv, IL",2026-08-26,34.5,34,mean,33.0,C,1.5,LOSS,33.0°C
"Tel Aviv, IL",2026-08-26,33.98,33,modifisert,33.0,C,0.98,WIN,33.0°C
"Tel Aviv, IL",2026-08-26,34.5,33,p5,33.0,C,1.5,WIN,33.0°C
"Tel Aviv, IL",2026-08-26,34.5,34,sigma,33.0,C,1.5,LOSS,33.0°C
"Tokyo, JP",2026-08-26,34.8,35,mean,33.0,C,1.8,LOSS,33.0°C
"Tokyo, JP",2026-08-26,34.79,35,modifisert,33.0,C,1.79,LOSS,33.0°C
"Tokyo, JP",2026-08-26,34.8,32,p5,33.0,C,1.8,LOSS,33.0°C
"Tokyo, JP",2026-08-26,34.8,33,sigma,33.0,C,1.8,WIN,33.0°C
"Toronto, CA",2026-08-26,24.4,24,mean,24.0,C,0.4,WIN,24.0°C
"Toronto, CA",2026-08-26,24.76,25,modifisert,24.0,C,0.76,LOSS,24.0°C
"Toronto, CA",2026-08-26,24.4,23,p5,24.0,C,0.4,LOSS,24.0°C
"Toronto, CA",2026-08-26,24.4,23,sigma,24.0,C,0.4,LOSS,24.0°C
"Warsaw, PL",2026-08-26,22.1,22,mean,23.0,C,-0.9,LOSS,23.0°C
"Warsaw, PL",2026-08-26,22.39,22,modifisert,23.0,C,-0.61,LOSS,23.0°C
"Warsaw, PL",2026-08-26,22.1,20,p5,23.0,C,-0.9,LOSS,23.0°C
"Warsaw, PL",2026-08-26,22.1,20,sigma,23.0,C,-0.9,LOSS,23.0°C
"Wellington, NZ",2026-08-26,14.8,15,mean,16.0,C,-1.2,LOSS,16.0°C
"Wellington, NZ",2026-08-26,14.87,16,modifisert,16.0,C,-1.13,WIN,16.0°C
"Wellington, NZ",2026-08-26,14.8,14,p5,16.0,C,-1.2,LOSS,16.0°C
"Wellington, NZ",2026-08-26,14.8,14,sigma,16.0,C,-1.2,LOSS,16.0°C
"Wuhan, CN",2026-08-26,36.4,36,mean,37.0,C,-0.6,LOSS,37.0°C
"Wuhan, CN",2026-08-26,35.75,36,modifisert,37.0,C,-1.25,LOSS,37.0°C
"Wuhan, CN",2026-08-26,36.4,35,p5,37.0,C,-0.6,LOSS,37.0°C
"Wuhan, CN",2026-08-26,36.4,36,sigma,37.0,C,-0.6,LOSS,37.0°C
"Zhengzhou, CN",2026-08-26,33.0,33,mean,,C,,WIN,32°C or higher
"Zhengzhou, CN",2026-08-26,33.0,34,modifisert,,C,,WIN,32°C or higher
"Zhengzhou, CN",2026-08-26,33.0,31,p5,,C,,LOSS,32°C or higher
"Zhengzhou, CN",2026-08-26,33.0,32,sigma,,C,,WIN,32°C or higher
"Amsterdam, NL",2026-08-27,26.5,26,mean,27.0,C,-0.5,LOSS,27.0°C
"Amsterdam, NL",2026-08-27,27.49,28,modifisert,27.0,C,0.49,LOSS,27.0°C
"Amsterdam, NL",2026-08-27,26.5,22,p5,27.0,C,-0.5,LOSS,27.0°C
"Amsterdam, NL",2026-08-27,26.5,23,sigma,27.0,C,-0.5,LOSS,27.0°C
"Ankara, TR",2026-08-27,31.0,31,mean,33.0,C,-2.0,LOSS,33.0°C
"Ankara, TR",2026-08-27,31.59,32,modifisert,33.0,C,-1.41,LOSS,33.0°C
"Ankara, TR",2026-08-27,31.0,30,p5,33.0,C,-2.0,LOSS,33.0°C
"Ankara, TR",2026-08-27,31.0,29,sigma,33.0,C,-2.0,LOSS,33.0°C
"Atlanta, US",2026-08-27,28.8,29,mean,31.39,F,-2.59,LOSS,88-89°F
"Atlanta, US",2026-08-27,29.86,33,modifisert,31.39,F,-1.53,LOSS,88-89°F
"Atlanta, US",2026-08-27,28.8,26,p5,31.39,F,-2.59,LOSS,88-89°F
"Atlanta, US",2026-08-27,28.8,26,sigma,31.39,F,-2.59,LOSS,88-89°F
"Austin, US",2026-08-27,39.5,40,mean,39.17,F,0.33,LOSS,102-103°F
"Austin, US",2026-08-27,38.93,40,modifisert,39.17,F,-0.24,LOSS,102-103°F
"Austin, US",2026-08-27,39.5,38,p5,39.17,F,0.33,LOSS,102-103°F
"Austin, US",2026-08-27,39.5,37,sigma,39.17,F,0.33,LOSS,102-103°F
"Beijing, CN",2026-08-27,29.8,30,mean,29.0,C,0.8,LOSS,29.0°C
"Beijing, CN",2026-08-27,28.27,29,modifisert,29.0,C,-0.73,WIN,29.0°C
"Beijing, CN",2026-08-27,29.8,28,p5,29.0,C,0.8,LOSS,29.0°C
"Beijing, CN",2026-08-27,29.8,28,sigma,29.0,C,0.8,LOSS,29.0°C
"Buenos Aires, AR",2026-08-27,17.5,18,mean,16.0,C,1.5,LOSS,16.0°C
"Buenos Aires, AR",2026-08-27,16.15,17,modifisert,16.0,C,0.15,LOSS,16.0°C
"Buenos Aires, AR",2026-08-27,17.5,16,p5,16.0,C,1.5,WIN,16.0°C
"Buenos Aires, AR",2026-08-27,17.5,16,sigma,16.0,C,1.5,WIN,16.0°C
"Busan, KR",2026-08-27,31.0,31,mean,33.0,C,-2.0,LOSS,33.0°C
"Busan, KR",2026-08-27,32.17,34,modifisert,33.0,C,-0.83,LOSS,33.0°C
"Busan, KR",2026-08-27,31.0,29,p5,33.0,C,-2.0,LOSS,33.0°C
"Busan, KR",2026-08-27,31.0,29,sigma,33.0,C,-2.0,LOSS,33.0°C
"Cape Town, ZA",2026-08-27,25.3,25,mean,,C,,WIN,25°C or higher
"Cape Town, ZA",2026-08-27,25.3,26,modifisert,,C,,WIN,25°C or higher
"Cape Town, ZA",2026-08-27,25.3,22,p5,,C,,LOSS,25°C or higher
"Cape Town, ZA",2026-08-27,25.3,24,sigma,,C,,LOSS,25°C or higher
"Chengdu, CN",2026-08-27,33.9,34,mean,36.0,C,-2.1,LOSS,36.0°C
"Chengdu, CN",2026-08-27,34.63,36,modifisert,36.0,C,-1.37,WIN,36.0°C
"Chengdu, CN",2026-08-27,33.9,32,p5,36.0,C,-2.1,LOSS,36.0°C
"Chengdu, CN",2026-08-27,33.9,32,sigma,36.0,C,-2.1,LOSS,36.0°C
"Chicago, US",2026-08-27,26.6,27,mean,28.06,F,-1.46,LOSS,82-83°F
"Chicago, US",2026-08-27,26.95,26,modifisert,28.06,F,-1.11,LOSS,82-83°F
"Chicago, US",2026-08-27,26.6,25,p5,28.06,F,-1.46,LOSS,82-83°F
"Chicago, US",2026-08-27,26.6,25,sigma,28.06,F,-1.46,LOSS,82-83°F
"Chongqing, CN",2026-08-27,36.2,36,mean,38.0,C,-1.8,LOSS,38.0°C
"Chongqing, CN",2026-08-27,37.0,39,modifisert,38.0,C,-1.0,LOSS,38.0°C
"Chongqing, CN",2026-08-27,36.2,35,p5,38.0,C,-1.8,LOSS,38.0°C
"Chongqing, CN",2026-08-27,36.2,34,sigma,38.0,C,-1.8,LOSS,38.0°C
"Dallas, US",2026-08-27,37.6,38,mean,38.06,F,-0.46,WIN,100-101°F
"Dallas, US",2026-08-27,37.72,37,modifisert,38.06,F,-0.34,LOSS,100-101°F
"Dallas, US",2026-08-27,37.6,36,p5,38.06,F,-0.46,LOSS,100-101°F
"Dallas, US",2026-08-27,37.6,37,sigma,38.06,F,-0.46,LOSS,100-101°F
"Denver, US",2026-08-27,30.7,31,mean,32.5,F,-1.8,LOSS,90-91°F
"Denver, US",2026-08-27,31.8,33,modifisert,32.5,F,-0.7,LOSS,90-91°F
"Denver, US",2026-08-27,30.7,29,p5,32.5,F,-1.8,LOSS,90-91°F
"Denver, US",2026-08-27,30.7,29,sigma,32.5,F,-1.8,LOSS,90-91°F
"Guangzhou, CN",2026-08-27,30.4,30,mean,31.0,C,-0.6,LOSS,31.0°C
"Guangzhou, CN",2026-08-27,29.8,32,modifisert,31.0,C,-1.2,LOSS,31.0°C
"Guangzhou, CN",2026-08-27,30.4,28,p5,31.0,C,-0.6,LOSS,31.0°C
"Guangzhou, CN",2026-08-27,30.4,30,sigma,31.0,C,-0.6,LOSS,31.0°C
"Helsinki, FI",2026-08-27,20.7,21,mean,22.0,C,-1.3,LOSS,22.0°C
"Helsinki, FI",2026-08-27,21.1,22,modifisert,22.0,C,-0.9,WIN,22.0°C
"Helsinki, FI",2026-08-27,20.7,19,p5,22.0,C,-1.3,LOSS,22.0°C
"Helsinki, FI",2026-08-27,20.7,19,sigma,22.0,C,-1.3,LOSS,22.0°C
"Hong Kong, HK",2026-08-27,29.7,30,mean,29.0,C,0.7,LOSS,29.0°C
"Hong Kong, HK",2026-08-27,29.19,30,modifisert,29.0,C,0.19,LOSS,29.0°C
"Hong Kong, HK",2026-08-27,29.7,28,p5,29.0,C,0.7,LOSS,29.0°C
"Hong Kong, HK",2026-08-27,29.7,29,sigma,29.0,C,0.7,WIN,29.0°C
"Houston, US",2026-08-27,36.3,36,mean,35.83,F,0.47,WIN,96-97°F
"Houston, US",2026-08-27,35.72,35,modifisert,35.83,F,-0.11,LOSS,96-97°F
"Houston, US",2026-08-27,36.3,34,p5,35.83,F,0.47,LOSS,96-97°F
"Houston, US",2026-08-27,36.3,36,sigma,35.83,F,0.47,WIN,96-97°F
"Istanbul, TR",2026-08-27,26.6,27,mean,27.0,C,-0.4,WIN,27.0°C
"Istanbul, TR",2026-08-27,27.28,28,modifisert,27.0,C,0.28,LOSS,27.0°C
"Istanbul, TR",2026-08-27,26.6,24,p5,27.0,C,-0.4,LOSS,27.0°C
"Istanbul, TR",2026-08-27,26.6,24,sigma,27.0,C,-0.4,LOSS,27.0°C
"Jeddah, SA",2026-08-27,37.6,38,mean,38.0,C,-0.4,WIN,38.0°C
"Jeddah, SA",2026-08-27,37.77,38,modifisert,38.0,C,-0.23,WIN,38.0°C
"Jeddah, SA",2026-08-27,37.6,34,p5,38.0,C,-0.4,LOSS,38.0°C
"Jeddah, SA",2026-08-27,37.6,34,sigma,38.0,C,-0.4,LOSS,38.0°C
"Jinan, CN",2026-08-27,27.4,27,mean,,C,,WIN,26°C or higher
"Jinan, CN",2026-08-27,27.4,27,modifisert,,C,,WIN,26°C or higher
"Jinan, CN",2026-08-27,27.4,25,p5,,C,,LOSS,26°C or higher
"Jinan, CN",2026-08-27,27.4,26,sigma,,C,,WIN,26°C or higher
"Karachi, PK",2026-08-27,31.4,31,mean,32.0,C,-0.6,LOSS,32.0°C
"Karachi, PK",2026-08-27,31.44,31,modifisert,32.0,C,-0.56,LOSS,32.0°C
"Karachi, PK",2026-08-27,31.4,29,p5,32.0,C,-0.6,LOSS,32.0°C
"Karachi, PK",2026-08-27,31.4,29,sigma,32.0,C,-0.6,LOSS,32.0°C
"Kuala Lumpur, MY",2026-08-27,31.5,32,mean,33.0,C,-1.5,LOSS,33.0°C
"Kuala Lumpur, MY",2026-08-27,32.96,34,modifisert,33.0,C,-0.04,LOSS,33.0°C
"Kuala Lumpur, MY",2026-08-27,31.5,29,p5,33.0,C,-1.5,LOSS,33.0°C
"Kuala Lumpur, MY",2026-08-27,31.5,29,sigma,33.0,C,-1.5,LOSS,33.0°C
"London, UK",2026-08-27,23.6,24,mean,25.0,C,-1.4,LOSS,25.0°C
"London, UK",2026-08-27,24.04,25,modifisert,25.0,C,-0.96,WIN,25.0°C
"London, UK",2026-08-27,23.6,22,p5,25.0,C,-1.4,LOSS,25.0°C
"London, UK",2026-08-27,23.6,22,sigma,25.0,C,-1.4,LOSS,25.0°C
"Los Angeles, US",2026-08-27,31.5,32,mean,31.39,F,0.11,LOSS,88-89°F
"Los Angeles, US",2026-08-27,31.0,27,modifisert,31.39,F,-0.39,LOSS,88-89°F
"Los Angeles, US",2026-08-27,31.5,28,p5,31.39,F,0.11,LOSS,88-89°F
"Los Angeles, US",2026-08-27,31.5,30,sigma,31.39,F,0.11,LOSS,88-89°F
"Lucknow, IN",2026-08-27,31.3,31,mean,32.0,C,-0.7,LOSS,32.0°C
"Lucknow, IN",2026-08-27,31.63,32,modifisert,32.0,C,-0.37,WIN,32.0°C
"Lucknow, IN",2026-08-27,31.3,29,p5,32.0,C,-0.7,LOSS,32.0°C
"Lucknow, IN",2026-08-27,31.3,29,sigma,32.0,C,-0.7,LOSS,32.0°C
"Madrid, ES",2026-08-27,23.2,23,mean,23.0,C,0.2,WIN,23.0°C
"Madrid, ES",2026-08-27,22.91,24,modifisert,23.0,C,-0.09,LOSS,23.0°C
"Madrid, ES",2026-08-27,23.2,22,p5,23.0,C,0.2,LOSS,23.0°C
"Madrid, ES",2026-08-27,23.2,21,sigma,23.0,C,0.2,LOSS,23.0°C
"Manila, PH",2026-08-27,29.5,30,mean,32.0,C,-2.5,LOSS,32.0°C
"Manila, PH",2026-08-27,30.58,31,modifisert,32.0,C,-1.42,LOSS,32.0°C
"Manila, PH",2026-08-27,29.5,28,p5,32.0,C,-2.5,LOSS,32.0°C
"Manila, PH",2026-08-27,29.5,27,sigma,32.0,C,-2.5,LOSS,32.0°C
"Mexico City, MX",2026-08-27,25.0,25,mean,24.0,C,1.0,LOSS,24.0°C
"Mexico City, MX",2026-08-27,24.39,25,modifisert,24.0,C,0.39,LOSS,24.0°C
"Mexico City, MX",2026-08-27,25.0,24,p5,24.0,C,1.0,WIN,24.0°C
"Mexico City, MX",2026-08-27,25.0,24,sigma,24.0,C,1.0,WIN,24.0°C
"Miami, US",2026-08-27,32.1,32,mean,33.61,F,-1.51,LOSS,92-93°F
"Miami, US",2026-08-27,32.78,33,modifisert,33.61,F,-0.83,LOSS,92-93°F
"Miami, US",2026-08-27,32.1,31,p5,33.61,F,-1.51,LOSS,92-93°F
"Miami, US",2026-08-27,32.1,31,sigma,33.61,F,-1.51,LOSS,92-93°F
"Milan, IT",2026-08-27,29.4,29,mean,30.0,C,-0.6,LOSS,30.0°C
"Milan, IT",2026-08-27,30.39,31,modifisert,30.0,C,0.39,LOSS,30.0°C
"Milan, IT",2026-08-27,29.4,27,p5,30.0,C,-0.6,LOSS,30.0°C
"Milan, IT",2026-08-27,29.4,28,sigma,30.0,C,-0.6,LOSS,30.0°C
"Moscow, RU",2026-08-27,17.5,18,mean,17.0,C,0.5,LOSS,17.0°C
"Moscow, RU",2026-08-27,17.44,18,modifisert,17.0,C,0.44,LOSS,17.0°C
"Moscow, RU",2026-08-27,17.5,16,p5,17.0,C,0.5,LOSS,17.0°C
"Moscow, RU",2026-08-27,17.5,16,sigma,17.0,C,0.5,LOSS,17.0°C
"Munich, DE",2026-08-27,28.1,28,mean,30.0,C,-1.9,LOSS,30.0°C
"Munich, DE",2026-08-27,29.1,31,modifisert,30.0,C,-0.9,LOSS,30.0°C
"Munich, DE",2026-08-27,28.1,26,p5,30.0,C,-1.9,LOSS,30.0°C
"Munich, DE",2026-08-27,28.1,26,sigma,30.0,C,-1.9,LOSS,30.0°C
"New York, US",2026-08-27,26.7,27,mean,24.72,F,1.98,LOSS,76-77°F
"New York, US",2026-08-27,26.38,26,modifisert,24.72,F,1.66,LOSS,76-77°F
"New York, US",2026-08-27,26.7,25,p5,24.72,F,1.98,WIN,76-77°F
"New York, US",2026-08-27,26.7,25,sigma,24.72,F,1.98,WIN,76-77°F
"Panama City, PA",2026-08-27,30.4,30,mean,33.0,C,-2.6,LOSS,33.0°C
"Panama City, PA",2026-08-27,32.31,34,modifisert,33.0,C,-0.69,LOSS,33.0°C
"Panama City, PA",2026-08-27,30.4,29,p5,33.0,C,-2.6,LOSS,33.0°C
"Panama City, PA",2026-08-27,30.4,28,sigma,33.0,C,-2.6,LOSS,33.0°C
"Paris, FR",2026-08-27,27.0,27,mean,27.0,C,0.0,WIN,27.0°C
"Paris, FR",2026-08-27,27.65,28,modifisert,27.0,C,0.65,LOSS,27.0°C
"Paris, FR",2026-08-27,27.0,25,p5,27.0,C,0.0,LOSS,27.0°C
"Paris, FR",2026-08-27,27.0,25,sigma,27.0,C,0.0,LOSS,27.0°C
"Qingdao, CN",2026-08-27,29.9,30,mean,31.0,C,-1.1,LOSS,31.0°C
"Qingdao, CN",2026-08-27,29.72,31,modifisert,31.0,C,-1.28,WIN,31.0°C
"Qingdao, CN",2026-08-27,29.9,29,p5,31.0,C,-1.1,LOSS,31.0°C
"Qingdao, CN",2026-08-27,29.9,28,sigma,31.0,C,-1.1,LOSS,31.0°C
"San Francisco, US",2026-08-27,23.1,23,mean,22.5,F,0.6,LOSS,72-73°F
"San Francisco, US",2026-08-27,23.98,25,modifisert,22.5,F,1.48,LOSS,72-73°F
"San Francisco, US",2026-08-27,23.1,19,p5,22.5,F,0.6,LOSS,72-73°F
"San Francisco, US",2026-08-27,23.1,19,sigma,22.5,F,0.6,LOSS,72-73°F
"Sao Paulo, BR",2026-08-27,26.3,26,mean,27.0,C,-0.7,LOSS,27.0°C
"Sao Paulo, BR",2026-08-27,26.66,27,modifisert,27.0,C,-0.34,WIN,27.0°C
"Sao Paulo, BR",2026-08-27,26.3,24,p5,27.0,C,-0.7,LOSS,27.0°C
"Sao Paulo, BR",2026-08-27,26.3,24,sigma,27.0,C,-0.7,LOSS,27.0°C
"Seattle, US",2026-08-27,22.0,22,mean,22.5,F,-0.5,LOSS,72-73°F
"Seattle, US",2026-08-27,22.52,23,modifisert,22.5,F,0.02,LOSS,72-73°F
"Seattle, US",2026-08-27,22.0,20,p5,22.5,F,-0.5,LOSS,72-73°F
"Seattle, US",2026-08-27,22.0,20,sigma,22.5,F,-0.5,LOSS,72-73°F
"Seoul (Incheon), KR",2026-08-27,28.2,28,mean,30.0,C,-1.8,LOSS,30.0°C
"Seoul (Incheon), KR",2026-08-27,30.06,32,modifisert,30.0,C,0.06,LOSS,30.0°C
"Seoul (Incheon), KR",2026-08-27,28.2,26,p5,30.0,C,-1.8,LOSS,30.0°C
"Seoul (Incheon), KR",2026-08-27,28.2,26,sigma,30.0,C,-1.8,LOSS,30.0°C
"Shanghai, CN",2026-08-27,30.4,30,mean,32.0,C,-1.6,LOSS,32.0°C
"Shanghai, CN",2026-08-27,30.9,33,modifisert,32.0,C,-1.1,LOSS,32.0°C
"Shanghai, CN",2026-08-27,30.4,29,p5,32.0,C,-1.6,LOSS,32.0°C
"Shanghai, CN",2026-08-27,30.4,29,sigma,32.0,C,-1.6,LOSS,32.0°C
"Shenzhen, CN",2026-08-27,30.4,30,mean,30.0,C,0.4,WIN,30.0°C
"Shenzhen, CN",2026-08-27,29.42,30,modifisert,30.0,C,-0.58,WIN,30.0°C
"Shenzhen, CN",2026-08-27,30.4,28,p5,30.0,C,0.4,LOSS,30.0°C
"Shenzhen, CN",2026-08-27,30.4,28,sigma,30.0,C,0.4,LOSS,30.0°C
"Singapore, SG",2026-08-27,31.3,31,mean,33.0,C,-1.7,LOSS,33.0°C
"Singapore, SG",2026-08-27,32.05,33,modifisert,33.0,C,-0.95,WIN,33.0°C
"Singapore, SG",2026-08-27,31.3,30,p5,33.0,C,-1.7,LOSS,33.0°C
"Singapore, SG",2026-08-27,31.3,30,sigma,33.0,C,-1.7,LOSS,33.0°C
"Taipei, TW",2026-08-27,33.3,33,mean,35.0,C,-1.7,LOSS,35.0°C
"Taipei, TW",2026-08-27,33.2,36,modifisert,35.0,C,-1.8,LOSS,35.0°C
"Taipei, TW",2026-08-27,33.3,31,p5,35.0,C,-1.7,LOSS,35.0°C
"Taipei, TW",2026-08-27,33.3,31,sigma,35.0,C,-1.7,LOSS,35.0°C
"Tel Aviv, IL",2026-08-27,34.2,34,mean,33.0,C,1.2,LOSS,33.0°C
"Tel Aviv, IL",2026-08-27,33.8,33,modifisert,33.0,C,0.8,WIN,33.0°C
"Tel Aviv, IL",2026-08-27,34.2,32,p5,33.0,C,1.2,LOSS,33.0°C
"Tel Aviv, IL",2026-08-27,34.2,34,sigma,33.0,C,1.2,LOSS,33.0°C
"Tokyo, JP",2026-08-27,32.0,32,mean,30.0,C,2.0,LOSS,30.0°C
"Tokyo, JP",2026-08-27,30.57,31,modifisert,30.0,C,0.57,LOSS,30.0°C
"Tokyo, JP",2026-08-27,32.0,28,p5,30.0,C,2.0,LOSS,30.0°C
"Tokyo, JP",2026-08-27,32.0,28,sigma,30.0,C,2.0,LOSS,30.0°C
"Toronto, CA",2026-08-27,25.7,26,mean,26.0,C,-0.3,WIN,26.0°C
"Toronto, CA",2026-08-27,25.81,26,modifisert,26.0,C,-0.19,WIN,26.0°C
"Toronto, CA",2026-08-27,25.7,24,p5,26.0,C,-0.3,LOSS,26.0°C
"Toronto, CA",2026-08-27,25.7,24,sigma,26.0,C,-0.3,LOSS,26.0°C
"Warsaw, PL",2026-08-27,23.5,24,mean,24.0,C,-0.5,WIN,24.0°C
"Warsaw, PL",2026-08-27,23.82,24,modifisert,24.0,C,-0.18,WIN,24.0°C
"Warsaw, PL",2026-08-27,23.5,22,p5,24.0,C,-0.5,LOSS,24.0°C
"Warsaw, PL",2026-08-27,23.5,21,sigma,24.0,C,-0.5,LOSS,24.0°C
"Wellington, NZ",2026-08-27,12.9,13,mean,14.0,C,-1.1,LOSS,14.0°C
"Wellington, NZ",2026-08-27,13.83,15,modifisert,14.0,C,-0.17,LOSS,14.0°C
"Wellington, NZ",2026-08-27,12.9,12,p5,14.0,C,-1.1,LOSS,14.0°C
"Wellington, NZ",2026-08-27,12.9,12,sigma,14.0,C,-1.1,LOSS,14.0°C
"Wuhan, CN",2026-08-27,36.9,37,mean,39.0,C,-2.1,LOSS,39.0°C
"Wuhan, CN",2026-08-27,36.71,37,modifisert,39.0,C,-2.29,LOSS,39.0°C
"Wuhan, CN",2026-08-27,36.9,36,p5,39.0,C,-2.1,LOSS,39.0°C
"Wuhan, CN",2026-08-27,36.9,36,sigma,39.0,C,-2.1,LOSS,39.0°C
"Zhengzhou, CN",2026-08-27,29.3,29,mean,29.0,C,0.3,WIN,29.0°C
"Zhengzhou, CN",2026-08-27,28.23,29,modifisert,29.0,C,-0.77,WIN,29.0°C
"Zhengzhou, CN",2026-08-27,29.3,27,p5,29.0,C,0.3,LOSS,29.0°C
"Zhengzhou, CN",2026-08-27,29.3,28,sigma,29.0,C,0.3,LOSS,29.0°C
"Amsterdam, NL",2026-08-28,21.3,21,mean,23.0,C,-1.7,LOSS,23.0°C
"Amsterdam, NL",2026-08-28,21.68,22,modifisert,23.0,C,-1.32,LOSS,23.0°C
"Amsterdam, NL",2026-08-28,21.3,20,p5,23.0,C,-1.7,LOSS,23.0°C
"Amsterdam, NL",2026-08-28,21.3,19,sigma,23.0,C,-1.7,LOSS,23.0°C
"Ankara, TR",2026-08-28,25.4,25,mean,27.0,C,-1.6,LOSS,27.0°C
"Ankara, TR",2026-08-28,25.47,26,modifisert,27.0,C,-1.53,LOSS,27.0°C
"Ankara, TR",2026-08-28,25.4,23,p5,27.0,C,-1.6,LOSS,27.0°C
"Ankara, TR",2026-08-28,25.4,23,sigma,27.0,C,-1.6,LOSS,27.0°C
"Atlanta, US",2026-08-28,31.0,31,mean,32.5,F,-1.5,LOSS,90-91°F
"Atlanta, US",2026-08-28,33.32,35,modifisert,32.5,F,0.82,LOSS,90-91°F
"Atlanta, US",2026-08-28,31.0,30,p5,32.5,F,-1.5,LOSS,90-91°F
"Atlanta, US",2026-08-28,31.0,30,sigma,32.5,F,-1.5,LOSS,90-91°F
"Austin, US",2026-08-28,36.5,36,mean,38.06,F,-1.56,LOSS,100-101°F
"Austin, US",2026-08-28,36.66,38,modifisert,38.06,F,-1.4,WIN,100-101°F
"Austin, US",2026-08-28,36.5,35,p5,38.06,F,-1.56,LOSS,100-101°F
"Austin, US",2026-08-28,36.5,35,sigma,38.06,F,-1.56,LOSS,100-101°F
"Beijing, CN",2026-08-28,23.4,23,mean,24.0,C,-0.6,LOSS,24.0°C
"Beijing, CN",2026-08-28,23.6,25,modifisert,24.0,C,-0.4,LOSS,24.0°C
"Beijing, CN",2026-08-28,23.4,22,p5,24.0,C,-0.6,LOSS,24.0°C
"Beijing, CN",2026-08-28,23.4,22,sigma,24.0,C,-0.6,LOSS,24.0°C
"Buenos Aires, AR",2026-08-28,18.9,19,mean,21.0,C,-2.1,LOSS,21.0°C
"Buenos Aires, AR",2026-08-28,19.05,20,modifisert,21.0,C,-1.95,LOSS,21.0°C
"Buenos Aires, AR",2026-08-28,18.9,17,p5,21.0,C,-2.1,LOSS,21.0°C
"Buenos Aires, AR",2026-08-28,18.9,17,sigma,21.0,C,-2.1,LOSS,21.0°C
"Cape Town, ZA",2026-08-28,21.5,22,mean,22.0,C,-0.5,WIN,22.0°C
"Cape Town, ZA",2026-08-28,21.19,22,modifisert,22.0,C,-0.81,WIN,22.0°C
"Cape Town, ZA",2026-08-28,21.5,16,p5,22.0,C,-0.5,LOSS,22.0°C
"Cape Town, ZA",2026-08-28,21.5,21,sigma,22.0,C,-0.5,LOSS,22.0°C
"Chengdu, CN",2026-08-28,30.6,31,mean,,C,,LOSS,35°C or higher
"Chengdu, CN",2026-08-28,30.6,32,modifisert,,C,,LOSS,35°C or higher
"Chengdu, CN",2026-08-28,30.6,27,p5,,C,,LOSS,35°C or higher
"Chengdu, CN",2026-08-28,30.6,27,sigma,,C,,LOSS,35°C or higher
"Chicago, US",2026-08-28,28.0,28,mean,28.06,F,-0.06,WIN,82-83°F
"Chicago, US",2026-08-28,28.27,28,modifisert,28.06,F,0.21,WIN,82-83°F
"Chicago, US",2026-08-28,28.0,27,p5,28.06,F,-0.06,LOSS,82-83°F
"Chicago, US",2026-08-28,28.0,27,sigma,28.06,F,-0.06,LOSS,82-83°F
"Chongqing, CN",2026-08-28,34.6,35,mean,37.0,C,-2.4,LOSS,37.0°C
"Chongqing, CN",2026-08-28,36.3,38,modifisert,37.0,C,-0.7,LOSS,37.0°C
"Chongqing, CN",2026-08-28,34.6,32,p5,37.0,C,-2.4,LOSS,37.0°C
"Chongqing, CN",2026-08-28,34.6,32,sigma,37.0,C,-2.4,LOSS,37.0°C
"Dallas, US",2026-08-28,38.2,38,mean,38.06,F,0.14,WIN,100-101°F
"Dallas, US",2026-08-28,38.47,38,modifisert,38.06,F,0.41,WIN,100-101°F
"Dallas, US",2026-08-28,38.2,37,p5,38.06,F,0.14,LOSS,100-101°F
"Dallas, US",2026-08-28,38.2,38,sigma,38.06,F,0.14,WIN,100-101°F
"Denver, US",2026-08-28,34.1,34,mean,33.61,F,0.49,LOSS,92-93°F
"Denver, US",2026-08-28,34.15,36,modifisert,33.61,F,0.54,LOSS,92-93°F
"Denver, US",2026-08-28,34.1,33,p5,33.61,F,0.49,LOSS,92-93°F
"Denver, US",2026-08-28,34.1,32,sigma,33.61,F,0.49,LOSS,92-93°F
"Guangzhou, CN",2026-08-28,32.2,32,mean,33.0,C,-0.8,LOSS,33.0°C
"Guangzhou, CN",2026-08-28,32.2,34,modifisert,33.0,C,-0.8,LOSS,33.0°C
"Guangzhou, CN",2026-08-28,32.2,31,p5,33.0,C,-0.8,LOSS,33.0°C
"Guangzhou, CN",2026-08-28,32.2,32,sigma,33.0,C,-0.8,LOSS,33.0°C
"Helsinki, FI",2026-08-28,19.6,20,mean,20.0,C,-0.4,WIN,20.0°C
"Helsinki, FI",2026-08-28,19.89,21,modifisert,20.0,C,-0.11,LOSS,20.0°C
"Helsinki, FI",2026-08-28,19.6,18,p5,20.0,C,-0.4,LOSS,20.0°C
"Helsinki, FI",2026-08-28,19.6,18,sigma,20.0,C,-0.4,LOSS,20.0°C
"Hong Kong, HK",2026-08-28,31.1,31,mean,32.0,C,-0.9,LOSS,32.0°C
"Hong Kong, HK",2026-08-28,30.81,32,modifisert,32.0,C,-1.19,WIN,32.0°C
"Hong Kong, HK",2026-08-28,31.1,30,p5,32.0,C,-0.9,LOSS,32.0°C
"Hong Kong, HK",2026-08-28,31.1,30,sigma,32.0,C,-0.9,LOSS,32.0°C
"Houston, US",2026-08-28,34.2,34,mean,34.72,F,-0.52,LOSS,94-95°F
"Houston, US",2026-08-28,35.28,35,modifisert,34.72,F,0.56,WIN,94-95°F
"Houston, US",2026-08-28,34.2,31,p5,34.72,F,-0.52,LOSS,94-95°F
"Houston, US",2026-08-28,34.2,33,sigma,34.72,F,-0.52,LOSS,94-95°F
"Istanbul, TR",2026-08-28,23.5,24,mean,24.0,C,-0.5,WIN,24.0°C
"Istanbul, TR",2026-08-28,23.49,24,modifisert,24.0,C,-0.51,WIN,24.0°C
"Istanbul, TR",2026-08-28,23.5,22,p5,24.0,C,-0.5,LOSS,24.0°C
"Istanbul, TR",2026-08-28,23.5,22,sigma,24.0,C,-0.5,LOSS,24.0°C
"Jeddah, SA",2026-08-28,37.6,38,mean,,C,,WIN,38°C or higher
"Jeddah, SA",2026-08-28,37.6,38,modifisert,,C,,WIN,38°C or higher
"Jeddah, SA",2026-08-28,37.6,34,p5,,C,,LOSS,38°C or higher
"Jeddah, SA",2026-08-28,37.6,34,sigma,,C,,LOSS,38°C or higher
"Jinan, CN",2026-08-28,25.7,26,mean,25.0,C,0.7,LOSS,25.0°C
"Jinan, CN",2026-08-28,25.7,25,modifisert,25.0,C,0.7,WIN,25.0°C
"Jinan, CN",2026-08-28,25.7,23,p5,25.0,C,0.7,LOSS,25.0°C
"Jinan, CN",2026-08-28,25.7,24,sigma,25.0,C,0.7,LOSS,25.0°C
"Karachi, PK",2026-08-28,31.7,32,mean,31.0,C,0.7,LOSS,31.0°C
"Karachi, PK",2026-08-28,32.0,32,modifisert,31.0,C,1.0,LOSS,31.0°C
"Karachi, PK",2026-08-28,31.7,30,p5,31.0,C,0.7,LOSS,31.0°C
"Karachi, PK",2026-08-28,31.7,29,sigma,31.0,C,0.7,LOSS,31.0°C
"Kuala Lumpur, MY",2026-08-28,32.6,33,mean,33.0,C,-0.4,WIN,33.0°C
"Kuala Lumpur, MY",2026-08-28,33.24,34,modifisert,33.0,C,0.24,LOSS,33.0°C
"Kuala Lumpur, MY",2026-08-28,32.6,30,p5,33.0,C,-0.4,LOSS,33.0°C
"Kuala Lumpur, MY",2026-08-28,32.6,30,sigma,33.0,C,-0.4,LOSS,33.0°C
"London, UK",2026-08-28,24.1,24,mean,,C,,LOSS,25°C or higher
"London, UK",2026-08-28,24.1,25,modifisert,,C,,WIN,25°C or higher
"London, UK",2026-08-28,24.1,22,p5,,C,,LOSS,25°C or higher
"London, UK",2026-08-28,24.1,22,sigma,,C,,LOSS,25°C or higher
"Los Angeles, US",2026-08-28,33.0,33,mean,29.17,F,3.83,LOSS,84-85°F
"Los Angeles, US",2026-08-28,30.5,27,modifisert,29.17,F,1.33,LOSS,84-85°F
"Los Angeles, US",2026-08-28,33.0,28,p5,29.17,F,3.83,LOSS,84-85°F
"Los Angeles, US",2026-08-28,33.0,32,sigma,29.17,F,3.83,LOSS,84-85°F
"Lucknow, IN",2026-08-28,31.7,32,mean,32.0,C,-0.3,WIN,32.0°C
"Lucknow, IN",2026-08-28,32.14,32,modifisert,32.0,C,0.14,WIN,32.0°C
"Lucknow, IN",2026-08-28,31.7,29,p5,32.0,C,-0.3,LOSS,32.0°C
"Lucknow, IN",2026-08-28,31.7,29,sigma,32.0,C,-0.3,LOSS,32.0°C
"Madrid, ES",2026-08-28,25.7,26,mean,26.0,C,-0.3,WIN,26.0°C
"Madrid, ES",2026-08-28,25.64,27,modifisert,26.0,C,-0.36,LOSS,26.0°C
"Madrid, ES",2026-08-28,25.7,25,p5,26.0,C,-0.3,LOSS,26.0°C
"Madrid, ES",2026-08-28,25.7,24,sigma,26.0,C,-0.3,LOSS,26.0°C
"Manila, PH",2026-08-28,28.3,28,mean,28.0,C,0.3,WIN,28.0°C
"Manila, PH",2026-08-28,28.06,29,modifisert,28.0,C,0.06,LOSS,28.0°C
"Manila, PH",2026-08-28,28.3,27,p5,28.0,C,0.3,LOSS,28.0°C
"Manila, PH",2026-08-28,28.3,26,sigma,28.0,C,0.3,LOSS,28.0°C
"Mexico City, MX",2026-08-28,24.7,25,mean,25.0,C,-0.3,WIN,25.0°C
"Mexico City, MX",2026-08-28,24.73,25,modifisert,25.0,C,-0.27,WIN,25.0°C
"Mexico City, MX",2026-08-28,24.7,23,p5,25.0,C,-0.3,LOSS,25.0°C
"Mexico City, MX",2026-08-28,24.7,24,sigma,25.0,C,-0.3,LOSS,25.0°C
"Miami, US",2026-08-28,32.6,33,mean,33.61,F,-1.01,LOSS,92-93°F
"Miami, US",2026-08-28,32.87,34,modifisert,33.61,F,-0.74,LOSS,92-93°F
"Miami, US",2026-08-28,32.6,31,p5,33.61,F,-1.01,LOSS,92-93°F
"Miami, US",2026-08-28,32.6,31,sigma,33.61,F,-1.01,LOSS,92-93°F
"Milan, IT",2026-08-28,26.1,26,mean,30.0,C,-3.9,LOSS,30.0°C
"Milan, IT",2026-08-28,28.34,29,modifisert,30.0,C,-1.66,LOSS,30.0°C
"Milan, IT",2026-08-28,26.1,23,p5,30.0,C,-3.9,LOSS,30.0°C
"Milan, IT",2026-08-28,26.1,24,sigma,30.0,C,-3.9,LOSS,30.0°C
"Moscow, RU",2026-08-28,19.5,20,mean,21.0,C,-1.5,LOSS,21.0°C
"Moscow, RU",2026-08-28,19.7,20,modifisert,21.0,C,-1.3,LOSS,21.0°C
"Moscow, RU",2026-08-28,19.5,18,p5,21.0,C,-1.5,LOSS,21.0°C
"Moscow, RU",2026-08-28,19.5,18,sigma,21.0,C,-1.5,LOSS,21.0°C
"Munich, DE",2026-08-28,28.6,29,mean,29.0,C,-0.4,WIN,29.0°C
"Munich, DE",2026-08-28,29.4,32,modifisert,29.0,C,0.4,LOSS,29.0°C
"Munich, DE",2026-08-28,28.6,24,p5,29.0,C,-0.4,LOSS,29.0°C
"Munich, DE",2026-08-28,28.6,24,sigma,29.0,C,-0.4,LOSS,29.0°C
"New York, US",2026-08-28,27.5,28,mean,29.17,F,-1.67,LOSS,84-85°F
"New York, US",2026-08-28,28.74,29,modifisert,29.17,F,-0.43,WIN,84-85°F
"New York, US",2026-08-28,27.5,26,p5,29.17,F,-1.67,LOSS,84-85°F
"New York, US",2026-08-28,27.5,26,sigma,29.17,F,-1.67,LOSS,84-85°F
"Panama City, PA",2026-08-28,30.3,30,mean,31.0,C,-0.7,LOSS,31.0°C
"Panama City, PA",2026-08-28,31.88,33,modifisert,31.0,C,0.88,LOSS,31.0°C
"Panama City, PA",2026-08-28,30.3,29,p5,31.0,C,-0.7,LOSS,31.0°C
"Panama City, PA",2026-08-28,30.3,29,sigma,31.0,C,-0.7,LOSS,31.0°C
"Paris, FR",2026-08-28,21.5,22,mean,24.0,C,-2.5,LOSS,24.0°C
"Paris, FR",2026-08-28,22.29,22,modifisert,24.0,C,-1.71,LOSS,24.0°C
"Paris, FR",2026-08-28,21.5,19,p5,24.0,C,-2.5,LOSS,24.0°C
"Paris, FR",2026-08-28,21.5,19,sigma,24.0,C,-2.5,LOSS,24.0°C
"Qingdao, CN",2026-08-28,29.6,30,mean,27.0,C,2.6,LOSS,27.0°C
"Qingdao, CN",2026-08-28,29.01,30,modifisert,27.0,C,2.01,LOSS,27.0°C
"Qingdao, CN",2026-08-28,29.6,28,p5,27.0,C,2.6,LOSS,27.0°C
"Qingdao, CN",2026-08-28,29.6,28,sigma,27.0,C,2.6,LOSS,27.0°C
"San Francisco, US",2026-08-28,20.1,20,mean,18.06,F,2.04,LOSS,64-65°F
"San Francisco, US",2026-08-28,20.03,21,modifisert,18.06,F,1.97,LOSS,64-65°F
"San Francisco, US",2026-08-28,20.1,17,p5,18.06,F,2.04,LOSS,64-65°F
"San Francisco, US",2026-08-28,20.1,17,sigma,18.06,F,2.04,LOSS,64-65°F
"Sao Paulo, BR",2026-08-28,30.7,31,mean,32.0,C,-1.3,LOSS,32.0°C
"Sao Paulo, BR",2026-08-28,30.58,31,modifisert,32.0,C,-1.42,LOSS,32.0°C
"Sao Paulo, BR",2026-08-28,30.7,29,p5,32.0,C,-1.3,LOSS,32.0°C
"Sao Paulo, BR",2026-08-28,30.7,29,sigma,32.0,C,-1.3,LOSS,32.0°C
"Seattle, US",2026-08-28,21.9,22,mean,22.5,F,-0.6,LOSS,72-73°F
"Seattle, US",2026-08-28,21.74,22,modifisert,22.5,F,-0.76,LOSS,72-73°F
"Seattle, US",2026-08-28,21.9,20,p5,22.5,F,-0.6,LOSS,72-73°F
"Seattle, US",2026-08-28,21.9,20,sigma,22.5,F,-0.6,LOSS,72-73°F
"Shanghai, CN",2026-08-28,29.8,30,mean,30.0,C,-0.2,WIN,30.0°C
"Shanghai, CN",2026-08-28,30.1,32,modifisert,30.0,C,0.1,LOSS,30.0°C
"Shanghai, CN",2026-08-28,29.8,29,p5,30.0,C,-0.2,LOSS,30.0°C
"Shanghai, CN",2026-08-28,29.8,28,sigma,30.0,C,-0.2,LOSS,30.0°C
"Shenzhen, CN",2026-08-28,31.2,31,mean,31.0,C,0.2,WIN,31.0°C
"Shenzhen, CN",2026-08-28,31.12,31,modifisert,31.0,C,0.12,WIN,31.0°C
"Shenzhen, CN",2026-08-28,31.2,29,p5,31.0,C,0.2,LOSS,31.0°C
"Shenzhen, CN",2026-08-28,31.2,29,sigma,31.0,C,0.2,LOSS,31.0°C
"Singapore, SG",2026-08-28,31.6,32,mean,33.0,C,-1.4,LOSS,33.0°C
"Singapore, SG",2026-08-28,32.03,33,modifisert,33.0,C,-0.97,WIN,33.0°C
"Singapore, SG",2026-08-28,31.6,30,p5,33.0,C,-1.4,LOSS,33.0°C
"Singapore, SG",2026-08-28,31.6,30,sigma,33.0,C,-1.4,LOSS,33.0°C
"Taipei, TW",2026-08-28,33.0,33,mean,37.0,C,-4.0,LOSS,37.0°C
"Taipei, TW",2026-08-28,33.0,36,modifisert,37.0,C,-4.0,LOSS,37.0°C
"Taipei, TW",2026-08-28,33.0,31,p5,37.0,C,-4.0,LOSS,37.0°C
"Taipei, TW",2026-08-28,33.0,31,sigma,37.0,C,-4.0,LOSS,37.0°C
"Tel Aviv, IL",2026-08-28,33.6,34,mean,33.0,C,0.6,LOSS,33.0°C
"Tel Aviv, IL",2026-08-28,33.26,32,modifisert,33.0,C,0.26,LOSS,33.0°C
"Tel Aviv, IL",2026-08-28,33.6,32,p5,33.0,C,0.6,LOSS,33.0°C
"Tel Aviv, IL",2026-08-28,33.6,33,sigma,33.0,C,0.6,WIN,33.0°C
"Toronto, CA",2026-08-28,22.1,22,mean,22.0,C,0.1,WIN,22.0°C
"Toronto, CA",2026-08-28,22.3,22,modifisert,22.0,C,0.3,WIN,22.0°C
"Toronto, CA",2026-08-28,22.1,20,p5,22.0,C,0.1,LOSS,22.0°C
"Toronto, CA",2026-08-28,22.1,20,sigma,22.0,C,0.1,LOSS,22.0°C
"Warsaw, PL",2026-08-28,24.6,25,mean,25.0,C,-0.4,WIN,25.0°C
"Warsaw, PL",2026-08-28,24.57,25,modifisert,25.0,C,-0.43,WIN,25.0°C
"Warsaw, PL",2026-08-28,24.6,22,p5,25.0,C,-0.4,LOSS,25.0°C
"Warsaw, PL",2026-08-28,24.6,22,sigma,25.0,C,-0.4,LOSS,25.0°C
"Wuhan, CN",2026-08-28,35.2,35,mean,36.0,C,-0.8,LOSS,36.0°C
"Wuhan, CN",2026-08-28,35.37,36,modifisert,36.0,C,-0.63,WIN,36.0°C
"Wuhan, CN",2026-08-28,35.2,34,p5,36.0,C,-0.8,LOSS,36.0°C
"Wuhan, CN",2026-08-28,35.2,34,sigma,36.0,C,-0.8,LOSS,36.0°C
"Zhengzhou, CN",2026-08-28,25.9,26,mean,24.0,C,1.9,LOSS,24.0°C
"Zhengzhou, CN",2026-08-28,24.59,26,modifisert,24.0,C,0.59,LOSS,24.0°C
"Zhengzhou, CN",2026-08-28,25.9,24,p5,24.0,C,1.9,WIN,24.0°C
"Zhengzhou, CN",2026-08-28,25.9,23,sigma,24.0,C,1.9,LOSS,24.0°C
"Amsterdam, NL",2026-08-29,22.0,22,mean,22.0,C,0.0,WIN,22.0°C
"Amsterdam, NL",2026-08-29,21.79,23,modifisert,22.0,C,-0.21,LOSS,22.0°C
"Amsterdam, NL",2026-08-29,22.0,21,p5,22.0,C,0.0,LOSS,22.0°C
"Amsterdam, NL",2026-08-29,22.0,20,sigma,22.0,C,0.0,LOSS,22.0°C
"Ankara, TR",2026-08-29,22.4,22,mean,23.0,C,-0.6,LOSS,23.0°C
"Ankara, TR",2026-08-29,23.01,24,modifisert,23.0,C,0.01,LOSS,23.0°C
"Ankara, TR",2026-08-29,22.4,21,p5,23.0,C,-0.6,LOSS,23.0°C
"Ankara, TR",2026-08-29,22.4,21,sigma,23.0,C,-0.6,LOSS,23.0°C
"Atlanta, US",2026-08-29,29.6,30,mean,31.39,F,-1.79,LOSS,88-89°F
"Atlanta, US",2026-08-29,30.4,33,modifisert,31.39,F,-0.99,LOSS,88-89°F
"Atlanta, US",2026-08-29,29.6,28,p5,31.39,F,-1.79,LOSS,88-89°F
"Atlanta, US",2026-08-29,29.6,27,sigma,31.39,F,-1.79,LOSS,88-89°F
"Austin, US",2026-08-29,36.2,36,mean,36.94,F,-0.74,LOSS,98-99°F
"Austin, US",2026-08-29,36.55,37,modifisert,36.94,F,-0.39,WIN,98-99°F
"Austin, US",2026-08-29,36.2,35,p5,36.94,F,-0.74,LOSS,98-99°F
"Austin, US",2026-08-29,36.2,34,sigma,36.94,F,-0.74,LOSS,98-99°F
"Buenos Aires, AR",2026-08-29,19.7,20,mean,21.0,C,-1.3,LOSS,21.0°C
"Buenos Aires, AR",2026-08-29,19.86,21,modifisert,21.0,C,-1.14,WIN,21.0°C
"Buenos Aires, AR",2026-08-29,19.7,18,p5,21.0,C,-1.3,LOSS,21.0°C
"Buenos Aires, AR",2026-08-29,19.7,18,sigma,21.0,C,-1.3,LOSS,21.0°C
"Busan, KR",2026-08-29,30.4,30,mean,32.0,C,-1.6,LOSS,32.0°C
"Busan, KR",2026-08-29,30.81,32,modifisert,32.0,C,-1.19,WIN,32.0°C
"Busan, KR",2026-08-29,30.4,29,p5,32.0,C,-1.6,LOSS,32.0°C
"Busan, KR",2026-08-29,30.4,29,sigma,32.0,C,-1.6,LOSS,32.0°C
"Cape Town, ZA",2026-08-29,17.4,17,mean,16.0,C,1.4,LOSS,16.0°C
"Cape Town, ZA",2026-08-29,17.58,18,modifisert,16.0,C,1.58,LOSS,16.0°C
"Cape Town, ZA",2026-08-29,17.4,14,p5,16.0,C,1.4,LOSS,16.0°C
"Cape Town, ZA",2026-08-29,17.4,16,sigma,16.0,C,1.4,WIN,16.0°C
"Chicago, US",2026-08-29,27.3,27,mean,26.94,F,0.36,WIN,80-81°F
"Chicago, US",2026-08-29,27.49,27,modifisert,26.94,F,0.55,WIN,80-81°F
"Chicago, US",2026-08-29,27.3,26,p5,26.94,F,0.36,LOSS,80-81°F
"Chicago, US",2026-08-29,27.3,26,sigma,26.94,F,0.36,LOSS,80-81°F
"Dallas, US",2026-08-29,38.5,38,mean,38.06,F,0.44,WIN,100-101°F
"Dallas, US",2026-08-29,38.43,38,modifisert,38.06,F,0.37,WIN,100-101°F
"Dallas, US",2026-08-29,38.5,38,p5,38.06,F,0.44,WIN,100-101°F
"Dallas, US",2026-08-29,38.5,38,sigma,38.06,F,0.44,WIN,100-101°F
"Denver, US",2026-08-29,32.5,32,mean,33.61,F,-1.11,LOSS,92-93°F
"Denver, US",2026-08-29,33.97,35,modifisert,33.61,F,0.36,LOSS,92-93°F
"Denver, US",2026-08-29,32.5,31,p5,33.61,F,-1.11,LOSS,92-93°F
"Denver, US",2026-08-29,32.5,31,sigma,33.61,F,-1.11,LOSS,92-93°F
"Helsinki, FI",2026-08-29,19.7,20,mean,19.0,C,0.7,LOSS,19.0°C
"Helsinki, FI",2026-08-29,19.79,20,modifisert,19.0,C,0.79,LOSS,19.0°C
"Helsinki, FI",2026-08-29,19.7,18,p5,19.0,C,0.7,LOSS,19.0°C
"Helsinki, FI",2026-08-29,19.7,18,sigma,19.0,C,0.7,LOSS,19.0°C
"Houston, US",2026-08-29,35.1,35,mean,34.72,F,0.38,WIN,94-95°F
"Houston, US",2026-08-29,35.6,35,modifisert,34.72,F,0.88,WIN,94-95°F
"Houston, US",2026-08-29,35.1,33,p5,34.72,F,0.38,LOSS,94-95°F
"Houston, US",2026-08-29,35.1,34,sigma,34.72,F,0.38,LOSS,94-95°F
"Istanbul, TR",2026-08-29,23.9,24,mean,24.0,C,-0.1,WIN,24.0°C
"Istanbul, TR",2026-08-29,24.06,25,modifisert,24.0,C,0.06,LOSS,24.0°C
"Istanbul, TR",2026-08-29,23.9,22,p5,24.0,C,-0.1,LOSS,24.0°C
"Istanbul, TR",2026-08-29,23.9,22,sigma,24.0,C,-0.1,LOSS,24.0°C
"Jeddah, SA",2026-08-29,38.0,38,mean,38.0,C,0.0,WIN,38.0°C
"Jeddah, SA",2026-08-29,37.94,38,modifisert,38.0,C,-0.06,WIN,38.0°C
"Jeddah, SA",2026-08-29,38.0,34,p5,38.0,C,0.0,LOSS,38.0°C
"Jeddah, SA",2026-08-29,38.0,34,sigma,38.0,C,0.0,LOSS,38.0°C
"Karachi, PK",2026-08-29,31.1,31,mean,30.0,C,1.1,LOSS,30.0°C
"Karachi, PK",2026-08-29,31.03,30,modifisert,30.0,C,1.03,WIN,30.0°C
"Karachi, PK",2026-08-29,31.1,29,p5,30.0,C,1.1,LOSS,30.0°C
"Karachi, PK",2026-08-29,31.1,29,sigma,30.0,C,1.1,LOSS,30.0°C
"London, UK",2026-08-29,20.0,20,mean,20.0,C,0.0,WIN,20.0°C
"London, UK",2026-08-29,20.27,21,modifisert,20.0,C,0.27,LOSS,20.0°C
"London, UK",2026-08-29,20.0,19,p5,20.0,C,0.0,LOSS,20.0°C
"London, UK",2026-08-29,20.0,18,sigma,20.0,C,0.0,LOSS,20.0°C
"Los Angeles, US",2026-08-29,31.9,32,mean,29.17,F,2.73,LOSS,84-85°F
"Los Angeles, US",2026-08-29,30.14,27,modifisert,29.17,F,0.97,LOSS,84-85°F
"Los Angeles, US",2026-08-29,31.9,28,p5,29.17,F,2.73,LOSS,84-85°F
"Los Angeles, US",2026-08-29,31.9,31,sigma,29.17,F,2.73,LOSS,84-85°F
"Lucknow, IN",2026-08-29,31.8,32,mean,33.0,C,-1.2,LOSS,33.0°C
"Lucknow, IN",2026-08-29,31.64,32,modifisert,33.0,C,-1.36,LOSS,33.0°C
"Lucknow, IN",2026-08-29,31.8,28,p5,33.0,C,-1.2,LOSS,33.0°C
"Lucknow, IN",2026-08-29,31.8,28,sigma,33.0,C,-1.2,LOSS,33.0°C
"Madrid, ES",2026-08-29,29.7,30,mean,30.0,C,-0.3,WIN,30.0°C
"Madrid, ES",2026-08-29,29.92,31,modifisert,30.0,C,-0.08,LOSS,30.0°C
"Madrid, ES",2026-08-29,29.7,29,p5,30.0,C,-0.3,LOSS,30.0°C
"Madrid, ES",2026-08-29,29.7,28,sigma,30.0,C,-0.3,LOSS,30.0°C
"Mexico City, MX",2026-08-29,22.7,23,mean,23.0,C,-0.3,WIN,23.0°C
"Mexico City, MX",2026-08-29,22.62,23,modifisert,23.0,C,-0.38,WIN,23.0°C
"Mexico City, MX",2026-08-29,22.7,21,p5,23.0,C,-0.3,LOSS,23.0°C
"Mexico City, MX",2026-08-29,22.7,22,sigma,23.0,C,-0.3,LOSS,23.0°C
"Miami, US",2026-08-29,29.6,30,mean,29.17,F,0.43,LOSS,84-85°F
"Miami, US",2026-08-29,29.52,30,modifisert,29.17,F,0.35,LOSS,84-85°F
"Miami, US",2026-08-29,29.6,27,p5,29.17,F,0.43,LOSS,84-85°F
"Miami, US",2026-08-29,29.6,28,sigma,29.17,F,0.43,LOSS,84-85°F
"Milan, IT",2026-08-29,28.6,29,mean,30.0,C,-1.4,LOSS,30.0°C
"Milan, IT",2026-08-29,29.7,31,modifisert,30.0,C,-0.3,LOSS,30.0°C
"Milan, IT",2026-08-29,28.6,27,p5,30.0,C,-1.4,LOSS,30.0°C
"Milan, IT",2026-08-29,28.6,27,sigma,30.0,C,-1.4,LOSS,30.0°C
"Moscow, RU",2026-08-29,20.2,20,mean,21.0,C,-0.8,LOSS,21.0°C
"Moscow, RU",2026-08-29,20.44,21,modifisert,21.0,C,-0.56,WIN,21.0°C
"Moscow, RU",2026-08-29,20.2,19,p5,21.0,C,-0.8,LOSS,21.0°C
"Moscow, RU",2026-08-29,20.2,19,sigma,21.0,C,-0.8,LOSS,21.0°C
"Munich, DE",2026-08-29,23.1,23,mean,25.0,C,-1.9,LOSS,25.0°C
"Munich, DE",2026-08-29,22.7,24,modifisert,25.0,C,-2.3,LOSS,25.0°C
"Munich, DE",2026-08-29,23.1,22,p5,25.0,C,-1.9,LOSS,25.0°C
"Munich, DE",2026-08-29,23.1,22,sigma,25.0,C,-1.9,LOSS,25.0°C
"New York, US",2026-08-29,25.6,26,mean,25.83,F,-0.23,WIN,78-79°F
"New York, US",2026-08-29,25.84,26,modifisert,25.83,F,0.01,WIN,78-79°F
"New York, US",2026-08-29,25.6,24,p5,25.83,F,-0.23,LOSS,78-79°F
"New York, US",2026-08-29,25.6,24,sigma,25.83,F,-0.23,LOSS,78-79°F
"Panama City, PA",2026-08-29,30.5,30,mean,32.0,C,-1.5,LOSS,32.0°C
"Panama City, PA",2026-08-29,31.43,33,modifisert,32.0,C,-0.57,LOSS,32.0°C
"Panama City, PA",2026-08-29,30.5,28,p5,32.0,C,-1.5,LOSS,32.0°C
"Panama City, PA",2026-08-29,30.5,28,sigma,32.0,C,-1.5,LOSS,32.0°C
"Paris, FR",2026-08-29,22.3,22,mean,22.0,C,0.3,WIN,22.0°C
"Paris, FR",2026-08-29,21.75,22,modifisert,22.0,C,-0.25,WIN,22.0°C
"Paris, FR",2026-08-29,22.3,21,p5,22.0,C,0.3,LOSS,22.0°C
"Paris, FR",2026-08-29,22.3,21,sigma,22.0,C,0.3,LOSS,22.0°C
"San Francisco, US",2026-08-29,20.0,20,mean,21.39,F,-1.39,LOSS,70-71°F
"San Francisco, US",2026-08-29,20.62,22,modifisert,21.39,F,-0.77,LOSS,70-71°F
"San Francisco, US",2026-08-29,20.0,17,p5,21.39,F,-1.39,LOSS,70-71°F
"San Francisco, US",2026-08-29,20.0,17,sigma,21.39,F,-1.39,LOSS,70-71°F
"Sao Paulo, BR",2026-08-29,32.0,32,mean,33.0,C,-1.0,LOSS,33.0°C
"Sao Paulo, BR",2026-08-29,31.72,32,modifisert,33.0,C,-1.28,LOSS,33.0°C
"Sao Paulo, BR",2026-08-29,32.0,30,p5,33.0,C,-1.0,LOSS,33.0°C
"Sao Paulo, BR",2026-08-29,32.0,30,sigma,33.0,C,-1.0,LOSS,33.0°C
"Seattle, US",2026-08-29,19.6,20,mean,21.39,F,-1.79,LOSS,70-71°F
"Seattle, US",2026-08-29,20.57,21,modifisert,21.39,F,-0.82,LOSS,70-71°F
"Seattle, US",2026-08-29,19.6,18,p5,21.39,F,-1.79,LOSS,70-71°F
"Seattle, US",2026-08-29,19.6,18,sigma,21.39,F,-1.79,LOSS,70-71°F
"Seoul (Incheon), KR",2026-08-29,27.6,28,mean,29.0,C,-1.4,LOSS,29.0°C
"Seoul (Incheon), KR",2026-08-29,28.82,30,modifisert,29.0,C,-0.18,LOSS,29.0°C
"Seoul (Incheon), KR",2026-08-29,27.6,26,p5,29.0,C,-1.4,LOSS,29.0°C
"Seoul (Incheon), KR",2026-08-29,27.6,25,sigma,29.0,C,-1.4,LOSS,29.0°C
"Tel Aviv, IL",2026-08-29,33.8,34,mean,33.0,C,0.8,LOSS,33.0°C
"Tel Aviv, IL",2026-08-29,33.37,33,modifisert,33.0,C,0.37,WIN,33.0°C
"Tel Aviv, IL",2026-08-29,33.8,32,p5,33.0,C,0.8,LOSS,33.0°C
"Tel Aviv, IL",2026-08-29,33.8,33,sigma,33.0,C,0.8,WIN,33.0°C
"Tokyo, JP",2026-08-29,27.3,27,mean,27.0,C,0.3,WIN,27.0°C
"Tokyo, JP",2026-08-29,27.25,27,modifisert,27.0,C,0.25,WIN,27.0°C
"Tokyo, JP",2026-08-29,27.3,26,p5,27.0,C,0.3,LOSS,27.0°C
"Tokyo, JP",2026-08-29,27.3,27,sigma,27.0,C,0.3,WIN,27.0°C
"Toronto, CA",2026-08-29,25.7,26,mean,26.0,C,-0.3,WIN,26.0°C
"Toronto, CA",2026-08-29,26.28,26,modifisert,26.0,C,0.28,WIN,26.0°C
"Toronto, CA",2026-08-29,25.7,23,p5,26.0,C,-0.3,LOSS,26.0°C
"Toronto, CA",2026-08-29,25.7,23,sigma,26.0,C,-0.3,LOSS,26.0°C
"Warsaw, PL",2026-08-29,21.2,21,mean,23.0,C,-1.8,LOSS,23.0°C
"Warsaw, PL",2026-08-29,21.42,21,modifisert,23.0,C,-1.58,LOSS,23.0°C
"Warsaw, PL",2026-08-29,21.2,20,p5,23.0,C,-1.8,LOSS,23.0°C
"Warsaw, PL",2026-08-29,21.2,19,sigma,23.0,C,-1.8,LOSS,23.0°C
"Wellington, NZ",2026-08-29,13.8,14,mean,15.0,C,-1.2,LOSS,15.0°C
"Wellington, NZ",2026-08-29,13.96,15,modifisert,15.0,C,-1.04,WIN,15.0°C
"Wellington, NZ",2026-08-29,13.8,13,p5,15.0,C,-1.2,LOSS,15.0°C
"Wellington, NZ",2026-08-29,13.8,12,sigma,15.0,C,-1.2,LOSS,15.0°C
"Amsterdam, NL",2026-08-30,20.3,20,mean,21.0,C,-0.7,LOSS,21.0°C
"Amsterdam, NL",2026-08-30,20.45,21,modifisert,21.0,C,-0.55,WIN,21.0°C
"Amsterdam, NL",2026-08-30,20.3,19,p5,21.0,C,-0.7,LOSS,21.0°C
"Amsterdam, NL",2026-08-30,20.3,19,sigma,21.0,C,-0.7,LOSS,21.0°C
"Ankara, TR",2026-08-30,24.8,25,mean,26.0,C,-1.2,LOSS,26.0°C
"Ankara, TR",2026-08-30,24.89,26,modifisert,26.0,C,-1.11,WIN,26.0°C
"Ankara, TR",2026-08-30,24.8,23,p5,26.0,C,-1.2,LOSS,26.0°C
"Ankara, TR",2026-08-30,24.8,23,sigma,26.0,C,-1.2,LOSS,26.0°C
"Atlanta, US",2026-08-30,30.8,31,mean,32.5,F,-1.7,LOSS,90-91°F
"Atlanta, US",2026-08-30,31.44,34,modifisert,32.5,F,-1.06,LOSS,90-91°F
"Atlanta, US",2026-08-30,30.8,28,p5,32.5,F,-1.7,LOSS,90-91°F
"Atlanta, US",2026-08-30,30.8,28,sigma,32.5,F,-1.7,LOSS,90-91°F
"Austin, US",2026-08-30,36.1,36,mean,36.94,F,-0.84,LOSS,98-99°F
"Austin, US",2026-08-30,36.65,38,modifisert,36.94,F,-0.29,LOSS,98-99°F
"Austin, US",2026-08-30,36.1,35,p5,36.94,F,-0.84,LOSS,98-99°F
"Austin, US",2026-08-30,36.1,34,sigma,36.94,F,-0.84,LOSS,98-99°F
"Beijing, CN",2026-08-30,31.6,32,mean,34.0,C,-2.4,LOSS,34.0°C
"Beijing, CN",2026-08-30,32.1,32,modifisert,34.0,C,-1.9,LOSS,34.0°C
"Beijing, CN",2026-08-30,31.6,30,p5,34.0,C,-2.4,LOSS,34.0°C
"Beijing, CN",2026-08-30,31.6,30,sigma,34.0,C,-2.4,LOSS,34.0°C
"Buenos Aires, AR",2026-08-30,20.4,20,mean,22.0,C,-1.6,LOSS,22.0°C
"Buenos Aires, AR",2026-08-30,20.72,22,modifisert,22.0,C,-1.28,WIN,22.0°C
"Buenos Aires, AR",2026-08-30,20.4,19,p5,22.0,C,-1.6,LOSS,22.0°C
"Buenos Aires, AR",2026-08-30,20.4,19,sigma,22.0,C,-1.6,LOSS,22.0°C
"Busan, KR",2026-08-30,30.7,31,mean,33.0,C,-2.3,LOSS,33.0°C
"Busan, KR",2026-08-30,31.87,33,modifisert,33.0,C,-1.13,WIN,33.0°C
"Busan, KR",2026-08-30,30.7,29,p5,33.0,C,-2.3,LOSS,33.0°C
"Busan, KR",2026-08-30,30.7,29,sigma,33.0,C,-2.3,LOSS,33.0°C
"Cape Town, ZA",2026-08-30,16.4,16,mean,18.0,C,-1.6,LOSS,18.0°C
"Cape Town, ZA",2026-08-30,17.3,17,modifisert,18.0,C,-0.7,LOSS,18.0°C
"Cape Town, ZA",2026-08-30,16.4,15,p5,18.0,C,-1.6,LOSS,18.0°C
"Cape Town, ZA",2026-08-30,16.4,16,sigma,18.0,C,-1.6,LOSS,18.0°C
"Chengdu, CN",2026-08-30,32.9,33,mean,33.0,C,-0.1,WIN,33.0°C
"Chengdu, CN",2026-08-30,33.97,35,modifisert,33.0,C,0.97,LOSS,33.0°C
"Chengdu, CN",2026-08-30,32.9,30,p5,33.0,C,-0.1,LOSS,33.0°C
"Chengdu, CN",2026-08-30,32.9,30,sigma,33.0,C,-0.1,LOSS,33.0°C
"Chicago, US",2026-08-30,27.8,28,mean,28.06,F,-0.26,WIN,82-83°F
"Chicago, US",2026-08-30,27.41,27,modifisert,28.06,F,-0.65,LOSS,82-83°F
"Chicago, US",2026-08-30,27.8,26,p5,28.06,F,-0.26,LOSS,82-83°F
"Chicago, US",2026-08-30,27.8,26,sigma,28.06,F,-0.26,LOSS,82-83°F
"Chongqing, CN",2026-08-30,28.7,29,mean,31.0,C,-2.3,LOSS,31.0°C
"Chongqing, CN",2026-08-30,28.6,30,modifisert,31.0,C,-2.4,LOSS,31.0°C
"Chongqing, CN",2026-08-30,28.7,26,p5,31.0,C,-2.3,LOSS,31.0°C
"Chongqing, CN",2026-08-30,28.7,26,sigma,31.0,C,-2.3,LOSS,31.0°C
"Dallas, US",2026-08-30,38.1,38,mean,38.06,F,0.04,WIN,100-101°F
"Dallas, US",2026-08-30,38.18,37,modifisert,38.06,F,0.12,LOSS,100-101°F
"Dallas, US",2026-08-30,38.1,37,p5,38.06,F,0.04,LOSS,100-101°F
"Dallas, US",2026-08-30,38.1,38,sigma,38.06,F,0.04,WIN,100-101°F
"Denver, US",2026-08-30,29.6,30,mean,28.06,F,1.54,LOSS,82-83°F
"Denver, US",2026-08-30,28.72,30,modifisert,28.06,F,0.66,LOSS,82-83°F
"Denver, US",2026-08-30,29.6,28,p5,28.06,F,1.54,WIN,82-83°F
"Denver, US",2026-08-30,29.6,28,sigma,28.06,F,1.54,WIN,82-83°F
"Guangzhou, CN",2026-08-30,28.9,29,mean,,C,,LOSS,27°C or below
"Guangzhou, CN",2026-08-30,28.9,31,modifisert,,C,,LOSS,27°C or below
"Guangzhou, CN",2026-08-30,28.9,26,p5,,C,,WIN,27°C or below
"Guangzhou, CN",2026-08-30,28.9,28,sigma,,C,,LOSS,27°C or below
"Helsinki, FI",2026-08-30,18.9,19,mean,20.0,C,-1.1,LOSS,20.0°C
"Helsinki, FI",2026-08-30,18.96,20,modifisert,20.0,C,-1.04,WIN,20.0°C
"Helsinki, FI",2026-08-30,18.9,18,p5,20.0,C,-1.1,LOSS,20.0°C
"Helsinki, FI",2026-08-30,18.9,18,sigma,20.0,C,-1.1,LOSS,20.0°C
"Hong Kong, HK",2026-08-30,29.5,30,mean,30.0,C,-0.5,WIN,30.0°C
"Hong Kong, HK",2026-08-30,29.7,31,modifisert,30.0,C,-0.3,LOSS,30.0°C
"Hong Kong, HK",2026-08-30,29.5,28,p5,30.0,C,-0.5,LOSS,30.0°C
"Hong Kong, HK",2026-08-30,29.5,28,sigma,30.0,C,-0.5,LOSS,30.0°C
"Houston, US",2026-08-30,35.3,35,mean,35.83,F,-0.53,LOSS,96-97°F
"Houston, US",2026-08-30,35.97,36,modifisert,35.83,F,0.14,WIN,96-97°F
"Houston, US",2026-08-30,35.3,33,p5,35.83,F,-0.53,LOSS,96-97°F
"Houston, US",2026-08-30,35.3,35,sigma,35.83,F,-0.53,LOSS,96-97°F
"Istanbul, TR",2026-08-30,25.5,26,mean,26.0,C,-0.5,WIN,26.0°C
"Istanbul, TR",2026-08-30,26.01,27,modifisert,26.0,C,0.01,LOSS,26.0°C
"Istanbul, TR",2026-08-30,25.5,24,p5,26.0,C,-0.5,LOSS,26.0°C
"Istanbul, TR",2026-08-30,25.5,23,sigma,26.0,C,-0.5,LOSS,26.0°C
"Jeddah, SA",2026-08-30,39.5,40,mean,38.0,C,1.5,LOSS,38.0°C
"Jeddah, SA",2026-08-30,39.87,40,modifisert,38.0,C,1.87,LOSS,38.0°C
"Jeddah, SA",2026-08-30,39.5,36,p5,38.0,C,1.5,LOSS,38.0°C
"Jeddah, SA",2026-08-30,39.5,36,sigma,38.0,C,1.5,LOSS,38.0°C
"Jinan, CN",2026-08-30,30.2,30,mean,,C,,WIN,26°C or higher
"Jinan, CN",2026-08-30,30.2,30,modifisert,,C,,WIN,26°C or higher
"Jinan, CN",2026-08-30,30.2,28,p5,,C,,WIN,26°C or higher
"Jinan, CN",2026-08-30,30.2,29,sigma,,C,,WIN,26°C or higher
"Karachi, PK",2026-08-30,30.6,31,mean,30.0,C,0.6,LOSS,30.0°C
"Karachi, PK",2026-08-30,30.87,30,modifisert,30.0,C,0.87,WIN,30.0°C
"Karachi, PK",2026-08-30,30.6,29,p5,30.0,C,0.6,LOSS,30.0°C
"Karachi, PK",2026-08-30,30.6,29,sigma,30.0,C,0.6,LOSS,30.0°C
"Kuala Lumpur, MY",2026-08-30,31.6,32,mean,34.0,C,-2.4,LOSS,34.0°C
"Kuala Lumpur, MY",2026-08-30,33.18,34,modifisert,34.0,C,-0.82,WIN,34.0°C
"Kuala Lumpur, MY",2026-08-30,31.6,30,p5,34.0,C,-2.4,LOSS,34.0°C
"Kuala Lumpur, MY",2026-08-30,31.6,29,sigma,34.0,C,-2.4,LOSS,34.0°C
"London, UK",2026-08-30,21.9,22,mean,23.0,C,-1.1,LOSS,23.0°C
"London, UK",2026-08-30,22.34,23,modifisert,23.0,C,-0.66,WIN,23.0°C
"London, UK",2026-08-30,21.9,20,p5,23.0,C,-1.1,LOSS,23.0°C
"London, UK",2026-08-30,21.9,20,sigma,23.0,C,-1.1,LOSS,23.0°C
"Los Angeles, US",2026-08-30,30.3,30,mean,28.06,F,2.24,LOSS,82-83°F
"Los Angeles, US",2026-08-30,28.62,26,modifisert,28.06,F,0.56,LOSS,82-83°F
"Los Angeles, US",2026-08-30,30.3,26,p5,28.06,F,2.24,LOSS,82-83°F
"Los Angeles, US",2026-08-30,30.3,29,sigma,28.06,F,2.24,LOSS,82-83°F
"Lucknow, IN",2026-08-30,32.3,32,mean,32.0,C,0.3,WIN,32.0°C
"Lucknow, IN",2026-08-30,32.06,32,modifisert,32.0,C,0.06,WIN,32.0°C
"Lucknow, IN",2026-08-30,32.3,29,p5,32.0,C,0.3,LOSS,32.0°C
"Lucknow, IN",2026-08-30,32.3,29,sigma,32.0,C,0.3,LOSS,32.0°C
"Madrid, ES",2026-08-30,32.3,32,mean,33.0,C,-0.7,LOSS,33.0°C
"Madrid, ES",2026-08-30,32.5,34,modifisert,33.0,C,-0.5,LOSS,33.0°C
"Madrid, ES",2026-08-30,32.3,31,p5,33.0,C,-0.7,LOSS,33.0°C
"Madrid, ES",2026-08-30,32.3,31,sigma,33.0,C,-0.7,LOSS,33.0°C
"Manila, PH",2026-08-30,28.6,29,mean,30.0,C,-1.4,LOSS,30.0°C
"Manila, PH",2026-08-30,30.04,31,modifisert,30.0,C,0.04,LOSS,30.0°C
"Manila, PH",2026-08-30,28.6,27,p5,30.0,C,-1.4,LOSS,30.0°C
"Manila, PH",2026-08-30,28.6,27,sigma,30.0,C,-1.4,LOSS,30.0°C
"Mexico City, MX",2026-08-30,25.3,25,mean,,C,,LOSS,26°C or higher
"Mexico City, MX",2026-08-30,25.3,26,modifisert,,C,,WIN,26°C or higher
"Mexico City, MX",2026-08-30,25.3,24,p5,,C,,LOSS,26°C or higher
"Mexico City, MX",2026-08-30,25.3,25,sigma,,C,,LOSS,26°C or higher
"Miami, US",2026-08-30,31.2,31,mean,32.5,F,-1.3,LOSS,90-91°F
"Miami, US",2026-08-30,31.5,32,modifisert,32.5,F,-1.0,LOSS,90-91°F
"Miami, US",2026-08-30,31.2,30,p5,32.5,F,-1.3,LOSS,90-91°F
"Miami, US",2026-08-30,31.2,30,sigma,32.5,F,-1.3,LOSS,90-91°F
"Milan, IT",2026-08-30,29.1,29,mean,31.0,C,-1.9,LOSS,31.0°C
"Milan, IT",2026-08-30,29.98,31,modifisert,31.0,C,-1.02,WIN,31.0°C
"Milan, IT",2026-08-30,29.1,27,p5,31.0,C,-1.9,LOSS,31.0°C
"Milan, IT",2026-08-30,29.1,27,sigma,31.0,C,-1.9,LOSS,31.0°C
"Moscow, RU",2026-08-30,21.5,22,mean,22.0,C,-0.5,WIN,22.0°C
"Moscow, RU",2026-08-30,21.48,22,modifisert,22.0,C,-0.52,WIN,22.0°C
"Moscow, RU",2026-08-30,21.5,20,p5,22.0,C,-0.5,LOSS,22.0°C
"Moscow, RU",2026-08-30,21.5,20,sigma,22.0,C,-0.5,LOSS,22.0°C
"Munich, DE",2026-08-30,25.5,26,mean,27.0,C,-1.5,LOSS,27.0°C
"Munich, DE",2026-08-30,25.8,28,modifisert,27.0,C,-1.2,LOSS,27.0°C
"Munich, DE",2026-08-30,25.5,24,p5,27.0,C,-1.5,LOSS,27.0°C
"Munich, DE",2026-08-30,25.5,24,sigma,27.0,C,-1.5,LOSS,27.0°C
"New York, US",2026-08-30,26.8,27,mean,26.94,F,-0.14,WIN,80-81°F
"New York, US",2026-08-30,26.8,27,modifisert,26.94,F,-0.14,WIN,80-81°F
"New York, US",2026-08-30,26.8,26,p5,26.94,F,-0.14,LOSS,80-81°F
"New York, US",2026-08-30,26.8,26,sigma,26.94,F,-0.14,LOSS,80-81°F
"Panama City, PA",2026-08-30,30.1,30,mean,,C,,LOSS,24°C or below
"Panama City, PA",2026-08-30,30.1,32,modifisert,,C,,LOSS,24°C or below
"Panama City, PA",2026-08-30,30.1,28,p5,,C,,LOSS,24°C or below
"Panama City, PA",2026-08-30,30.1,28,sigma,,C,,LOSS,24°C or below
"Paris, FR",2026-08-30,23.1,23,mean,24.0,C,-0.9,LOSS,24.0°C
"Paris, FR",2026-08-30,23.44,23,modifisert,24.0,C,-0.56,LOSS,24.0°C
"Paris, FR",2026-08-30,23.1,22,p5,24.0,C,-0.9,LOSS,24.0°C
"Paris, FR",2026-08-30,23.1,22,sigma,24.0,C,-0.9,LOSS,24.0°C
"Qingdao, CN",2026-08-30,26.2,26,mean,27.0,C,-0.8,LOSS,27.0°C
"Qingdao, CN",2026-08-30,27.48,28,modifisert,27.0,C,0.48,LOSS,27.0°C
"Qingdao, CN",2026-08-30,26.2,24,p5,27.0,C,-0.8,LOSS,27.0°C
"Qingdao, CN",2026-08-30,26.2,24,sigma,27.0,C,-0.8,LOSS,27.0°C
"San Francisco, US",2026-08-30,19.0,19,mean,21.39,F,-2.39,LOSS,70-71°F
"San Francisco, US",2026-08-30,19.55,21,modifisert,21.39,F,-1.84,LOSS,70-71°F
"San Francisco, US",2026-08-30,19.0,17,p5,21.39,F,-2.39,LOSS,70-71°F
"San Francisco, US",2026-08-30,19.0,17,sigma,21.39,F,-2.39,LOSS,70-71°F
"Sao Paulo, BR",2026-08-30,29.6,30,mean,31.0,C,-1.4,LOSS,31.0°C
"Sao Paulo, BR",2026-08-30,28.64,29,modifisert,31.0,C,-2.36,LOSS,31.0°C
"Sao Paulo, BR",2026-08-30,29.6,27,p5,31.0,C,-1.4,LOSS,31.0°C
"Sao Paulo, BR",2026-08-30,29.6,27,sigma,31.0,C,-1.4,LOSS,31.0°C
"Seattle, US",2026-08-30,20.3,20,mean,21.39,F,-1.09,LOSS,70-71°F
"Seattle, US",2026-08-30,21.12,22,modifisert,21.39,F,-0.27,LOSS,70-71°F
"Seattle, US",2026-08-30,20.3,19,p5,21.39,F,-1.09,LOSS,70-71°F
"Seattle, US",2026-08-30,20.3,19,sigma,21.39,F,-1.09,LOSS,70-71°F
"Seoul (Incheon), KR",2026-08-30,26.6,27,mean,27.0,C,-0.4,WIN,27.0°C
"Seoul (Incheon), KR",2026-08-30,27.0,28,modifisert,27.0,C,0.0,LOSS,27.0°C
"Seoul (Incheon), KR",2026-08-30,26.6,25,p5,27.0,C,-0.4,LOSS,27.0°C
"Seoul (Incheon), KR",2026-08-30,26.6,25,sigma,27.0,C,-0.4,LOSS,27.0°C
"Shanghai, CN",2026-08-30,30.4,30,mean,31.0,C,-0.6,LOSS,31.0°C
"Shanghai, CN",2026-08-30,31.2,34,modifisert,31.0,C,0.2,LOSS,31.0°C
"Shanghai, CN",2026-08-30,30.4,29,p5,31.0,C,-0.6,LOSS,31.0°C
"Shanghai, CN",2026-08-30,30.4,29,sigma,31.0,C,-0.6,LOSS,31.0°C
"Shenzhen, CN",2026-08-30,30.2,30,mean,31.0,C,-0.8,LOSS,31.0°C
"Shenzhen, CN",2026-08-30,30.65,31,modifisert,31.0,C,-0.35,WIN,31.0°C
"Shenzhen, CN",2026-08-30,30.2,29,p5,31.0,C,-0.8,LOSS,31.0°C
"Shenzhen, CN",2026-08-30,30.2,29,sigma,31.0,C,-0.8,LOSS,31.0°C
"Singapore, SG",2026-08-30,30.2,30,mean,32.0,C,-1.8,LOSS,32.0°C
"Singapore, SG",2026-08-30,32.29,33,modifisert,32.0,C,0.29,LOSS,32.0°C
"Singapore, SG",2026-08-30,30.2,28,p5,32.0,C,-1.8,LOSS,32.0°C
"Singapore, SG",2026-08-30,30.2,28,sigma,32.0,C,-1.8,LOSS,32.0°C
"Taipei, TW",2026-08-30,32.8,33,mean,35.0,C,-2.2,LOSS,35.0°C
"Taipei, TW",2026-08-30,32.8,35,modifisert,35.0,C,-2.2,WIN,35.0°C
"Taipei, TW",2026-08-30,32.8,31,p5,35.0,C,-2.2,LOSS,35.0°C
"Taipei, TW",2026-08-30,32.8,31,sigma,35.0,C,-2.2,LOSS,35.0°C
"Tel Aviv, IL",2026-08-30,31.9,32,mean,32.0,C,-0.1,WIN,32.0°C
"Tel Aviv, IL",2026-08-30,31.66,31,modifisert,32.0,C,-0.34,LOSS,32.0°C
"Tel Aviv, IL",2026-08-30,31.9,31,p5,32.0,C,-0.1,LOSS,32.0°C
"Tel Aviv, IL",2026-08-30,31.9,31,sigma,32.0,C,-0.1,LOSS,32.0°C
"Tokyo, JP",2026-08-30,26.8,27,mean,26.0,C,0.8,LOSS,26.0°C
"Tokyo, JP",2026-08-30,26.1,26,modifisert,26.0,C,0.1,WIN,26.0°C
"Tokyo, JP",2026-08-30,26.8,25,p5,26.0,C,0.8,LOSS,26.0°C
"Tokyo, JP",2026-08-30,26.8,26,sigma,26.0,C,0.8,WIN,26.0°C
"Toronto, CA",2026-08-30,23.0,23,mean,22.0,C,1.0,LOSS,22.0°C
"Toronto, CA",2026-08-30,22.74,23,modifisert,22.0,C,0.74,LOSS,22.0°C
"Toronto, CA",2026-08-30,23.0,21,p5,22.0,C,1.0,LOSS,22.0°C
"Toronto, CA",2026-08-30,23.0,21,sigma,22.0,C,1.0,LOSS,22.0°C
"Warsaw, PL",2026-08-30,25.9,26,mean,26.0,C,-0.1,WIN,26.0°C
"Warsaw, PL",2026-08-30,26.62,27,modifisert,26.0,C,0.62,LOSS,26.0°C
"Warsaw, PL",2026-08-30,25.9,24,p5,26.0,C,-0.1,LOSS,26.0°C
"Warsaw, PL",2026-08-30,25.9,24,sigma,26.0,C,-0.1,LOSS,26.0°C
"Wellington, NZ",2026-08-30,15.8,16,mean,18.0,C,-2.2,LOSS,18.0°C
"Wellington, NZ",2026-08-30,16.0,17,modifisert,18.0,C,-2.0,LOSS,18.0°C
"Wellington, NZ",2026-08-30,15.8,14,p5,18.0,C,-2.2,LOSS,18.0°C
"Wellington, NZ",2026-08-30,15.8,14,sigma,18.0,C,-2.2,LOSS,18.0°C
"Wuhan, CN",2026-08-30,31.7,32,mean,33.0,C,-1.3,LOSS,33.0°C
"Wuhan, CN",2026-08-30,31.82,33,modifisert,33.0,C,-1.18,WIN,33.0°C
"Wuhan, CN",2026-08-30,31.7,30,p5,33.0,C,-1.3,LOSS,33.0°C
"Wuhan, CN",2026-08-30,31.7,30,sigma,33.0,C,-1.3,LOSS,33.0°C
"Zhengzhou, CN",2026-08-30,29.3,29,mean,,C,,LOSS,32°C or higher
"Zhengzhou, CN",2026-08-30,29.3,30,modifisert,,C,,LOSS,32°C or higher
"Zhengzhou, CN",2026-08-30,29.3,27,p5,,C,,LOSS,32°C or higher
"Zhengzhou, CN",2026-08-30,29.3,27,sigma,,C,,LOSS,32°C or higher
"Amsterdam, NL",2026-08-31,18.1,18,mean,20.0,C,-1.9,LOSS,20.0°C
"Amsterdam, NL",2026-08-31,18.34,19,modifisert,20.0,C,-1.66,LOSS,20.0°C
"Amsterdam, NL",2026-08-31,18.1,17,p5,20.0,C,-1.9,LOSS,20.0°C
"Amsterdam, NL",2026-08-31,18.1,17,sigma,20.0,C,-1.9,LOSS,20.0°C
"Ankara, TR",2026-08-31,27.2,27,mean,29.0,C,-1.8,LOSS,29.0°C
"Ankara, TR",2026-08-31,27.63,28,modifisert,29.0,C,-1.37,LOSS,29.0°C
"Ankara, TR",2026-08-31,27.2,26,p5,29.0,C,-1.8,LOSS,29.0°C
"Ankara, TR",2026-08-31,27.2,25,sigma,29.0,C,-1.8,LOSS,29.0°C
"Atlanta, US",2026-08-31,32.7,33,mean,33.61,F,-0.91,LOSS,92-93°F
"Atlanta, US",2026-08-31,33.82,35,modifisert,33.61,F,0.21,LOSS,92-93°F
"Atlanta, US",2026-08-31,32.7,31,p5,33.61,F,-0.91,LOSS,92-93°F
"Atlanta, US",2026-08-31,32.7,31,sigma,33.61,F,-0.91,LOSS,92-93°F
"Austin, US",2026-08-31,36.3,36,mean,36.94,F,-0.64,LOSS,98-99°F
"Austin, US",2026-08-31,36.57,38,modifisert,36.94,F,-0.37,LOSS,98-99°F
"Austin, US",2026-08-31,36.3,35,p5,36.94,F,-0.64,LOSS,98-99°F
"Austin, US",2026-08-31,36.3,35,sigma,36.94,F,-0.64,LOSS,98-99°F
"Beijing, CN",2026-08-31,29.8,30,mean,31.0,C,-1.2,LOSS,31.0°C
"Beijing, CN",2026-08-31,30.4,31,modifisert,31.0,C,-0.6,WIN,31.0°C
"Beijing, CN",2026-08-31,29.8,28,p5,31.0,C,-1.2,LOSS,31.0°C
"Beijing, CN",2026-08-31,29.8,27,sigma,31.0,C,-1.2,LOSS,31.0°C
"Buenos Aires, AR",2026-08-31,19.5,20,mean,19.0,C,0.5,LOSS,19.0°C
"Buenos Aires, AR",2026-08-31,19.45,21,modifisert,19.0,C,0.45,LOSS,19.0°C
"Buenos Aires, AR",2026-08-31,19.5,17,p5,19.0,C,0.5,LOSS,19.0°C
"Buenos Aires, AR",2026-08-31,19.5,17,sigma,19.0,C,0.5,LOSS,19.0°C
"Busan, KR",2026-08-31,30.9,31,mean,32.0,C,-1.1,LOSS,32.0°C
"Busan, KR",2026-08-31,30.96,32,modifisert,32.0,C,-1.04,WIN,32.0°C
"Busan, KR",2026-08-31,30.9,30,p5,32.0,C,-1.1,LOSS,32.0°C
"Busan, KR",2026-08-31,30.9,30,sigma,32.0,C,-1.1,LOSS,32.0°C
"Cape Town, ZA",2026-08-31,16.7,17,mean,18.0,C,-1.3,LOSS,18.0°C
"Cape Town, ZA",2026-08-31,17.45,18,modifisert,18.0,C,-0.55,WIN,18.0°C
"Cape Town, ZA",2026-08-31,16.7,16,p5,18.0,C,-1.3,LOSS,18.0°C
"Cape Town, ZA",2026-08-31,16.7,16,sigma,18.0,C,-1.3,LOSS,18.0°C
"Chengdu, CN",2026-08-31,33.7,34,mean,35.0,C,-1.3,LOSS,35.0°C
"Chengdu, CN",2026-08-31,34.83,36,modifisert,35.0,C,-0.17,LOSS,35.0°C
"Chengdu, CN",2026-08-31,33.7,32,p5,35.0,C,-1.3,LOSS,35.0°C
"Chengdu, CN",2026-08-31,33.7,31,sigma,35.0,C,-1.3,LOSS,35.0°C
"Chicago, US",2026-08-31,31.3,31,mean,30.28,F,1.02,LOSS,86-87°F
"Chicago, US",2026-08-31,30.17,30,modifisert,30.28,F,-0.11,WIN,86-87°F
"Chicago, US",2026-08-31,31.3,28,p5,30.28,F,1.02,LOSS,86-87°F
"Chicago, US",2026-08-31,31.3,29,sigma,30.28,F,1.02,LOSS,86-87°F
"Chongqing, CN",2026-08-31,32.9,33,mean,34.0,C,-1.1,LOSS,34.0°C
"Chongqing, CN",2026-08-31,33.6,35,modifisert,34.0,C,-0.4,LOSS,34.0°C
"Chongqing, CN",2026-08-31,32.9,32,p5,34.0,C,-1.1,LOSS,34.0°C
"Chongqing, CN",2026-08-31,32.9,32,sigma,34.0,C,-1.1,LOSS,34.0°C
"Dallas, US",2026-08-31,37.8,38,mean,38.06,F,-0.26,WIN,100-101°F
"Dallas, US",2026-08-31,37.78,37,modifisert,38.06,F,-0.28,LOSS,100-101°F
"Dallas, US",2026-08-31,37.8,37,p5,38.06,F,-0.26,LOSS,100-101°F
"Dallas, US",2026-08-31,37.8,37,sigma,38.06,F,-0.26,LOSS,100-101°F
"Denver, US",2026-08-31,28.1,28,mean,30.28,F,-2.18,LOSS,86-87°F
"Denver, US",2026-08-31,29.11,31,modifisert,30.28,F,-1.17,LOSS,86-87°F
"Denver, US",2026-08-31,28.1,25,p5,30.28,F,-2.18,LOSS,86-87°F
"Denver, US",2026-08-31,28.1,26,sigma,30.28,F,-2.18,LOSS,86-87°F
"Guangzhou, CN",2026-08-31,30.2,30,mean,33.0,C,-2.8,LOSS,33.0°C
"Guangzhou, CN",2026-08-31,30.4,33,modifisert,33.0,C,-2.6,WIN,33.0°C
"Guangzhou, CN",2026-08-31,30.2,29,p5,33.0,C,-2.8,LOSS,33.0°C
"Guangzhou, CN",2026-08-31,30.2,29,sigma,33.0,C,-2.8,LOSS,33.0°C
"Helsinki, FI",2026-08-31,18.7,19,mean,19.0,C,-0.3,WIN,19.0°C
"Helsinki, FI",2026-08-31,18.83,19,modifisert,19.0,C,-0.17,WIN,19.0°C
"Helsinki, FI",2026-08-31,18.7,18,p5,19.0,C,-0.3,LOSS,19.0°C
"Helsinki, FI",2026-08-31,18.7,18,sigma,19.0,C,-0.3,LOSS,19.0°C
"Hong Kong, HK",2026-08-31,29.1,29,mean,29.0,C,0.1,WIN,29.0°C
"Hong Kong, HK",2026-08-31,28.85,30,modifisert,29.0,C,-0.15,LOSS,29.0°C
"Hong Kong, HK",2026-08-31,29.1,27,p5,29.0,C,0.1,LOSS,29.0°C
"Hong Kong, HK",2026-08-31,29.1,27,sigma,29.0,C,0.1,LOSS,29.0°C
"Houston, US",2026-08-31,34.2,34,mean,32.5,F,1.7,LOSS,90-91°F
"Houston, US",2026-08-31,33.09,33,modifisert,32.5,F,0.59,LOSS,90-91°F
"Houston, US",2026-08-31,34.2,33,p5,32.5,F,1.7,LOSS,90-91°F
"Houston, US",2026-08-31,34.2,34,sigma,32.5,F,1.7,LOSS,90-91°F
"Istanbul, TR",2026-08-31,25.9,26,mean,26.0,C,-0.1,WIN,26.0°C
"Istanbul, TR",2026-08-31,26.4,27,modifisert,26.0,C,0.4,LOSS,26.0°C
"Istanbul, TR",2026-08-31,25.9,24,p5,26.0,C,-0.1,LOSS,26.0°C
"Istanbul, TR",2026-08-31,25.9,24,sigma,26.0,C,-0.1,LOSS,26.0°C
"Jeddah, SA",2026-08-31,38.9,39,mean,38.0,C,0.9,LOSS,38.0°C
"Jeddah, SA",2026-08-31,38.61,39,modifisert,38.0,C,0.61,LOSS,38.0°C
"Jeddah, SA",2026-08-31,38.9,35,p5,38.0,C,0.9,LOSS,38.0°C
"Jeddah, SA",2026-08-31,38.9,35,sigma,38.0,C,0.9,LOSS,38.0°C
"Jinan, CN",2026-08-31,31.6,32,mean,,C,,WIN,26°C or higher
"Jinan, CN",2026-08-31,31.8,31,modifisert,,C,,WIN,26°C or higher
"Jinan, CN",2026-08-31,31.6,30,p5,,C,,WIN,26°C or higher
"Jinan, CN",2026-08-31,31.6,30,sigma,,C,,WIN,26°C or higher
"Karachi, PK",2026-08-31,30.6,31,mean,30.0,C,0.6,LOSS,30.0°C
"Karachi, PK",2026-08-31,30.81,30,modifisert,30.0,C,0.81,WIN,30.0°C
"Karachi, PK",2026-08-31,30.6,29,p5,30.0,C,0.6,LOSS,30.0°C
"Karachi, PK",2026-08-31,30.6,29,sigma,30.0,C,0.6,LOSS,30.0°C
"Kuala Lumpur, MY",2026-08-31,31.1,31,mean,33.0,C,-1.9,LOSS,33.0°C
"Kuala Lumpur, MY",2026-08-31,33.0,34,modifisert,33.0,C,-0.0,LOSS,33.0°C
"Kuala Lumpur, MY",2026-08-31,31.1,29,p5,33.0,C,-1.9,LOSS,33.0°C
"Kuala Lumpur, MY",2026-08-31,31.1,29,sigma,33.0,C,-1.9,LOSS,33.0°C
"London, UK",2026-08-31,22.2,22,mean,24.0,C,-1.8,LOSS,24.0°C
"London, UK",2026-08-31,22.33,23,modifisert,24.0,C,-1.67,LOSS,24.0°C
"London, UK",2026-08-31,22.2,21,p5,24.0,C,-1.8,LOSS,24.0°C
"London, UK",2026-08-31,22.2,21,sigma,24.0,C,-1.8,LOSS,24.0°C
"Los Angeles, US",2026-08-31,27.0,27,mean,25.83,F,1.17,LOSS,78-79°F
"Los Angeles, US",2026-08-31,25.56,25,modifisert,25.83,F,-0.27,LOSS,78-79°F
"Los Angeles, US",2026-08-31,27.0,24,p5,25.83,F,1.17,LOSS,78-79°F
"Los Angeles, US",2026-08-31,27.0,26,sigma,25.83,F,1.17,WIN,78-79°F
"Lucknow, IN",2026-08-31,31.2,31,mean,31.0,C,0.2,WIN,31.0°C
"Lucknow, IN",2026-08-31,30.65,31,modifisert,31.0,C,-0.35,WIN,31.0°C
"Lucknow, IN",2026-08-31,31.2,28,p5,31.0,C,0.2,LOSS,31.0°C
"Lucknow, IN",2026-08-31,31.2,28,sigma,31.0,C,0.2,LOSS,31.0°C
"Madrid, ES",2026-08-31,32.9,33,mean,33.0,C,-0.1,WIN,33.0°C
"Madrid, ES",2026-08-31,33.12,34,modifisert,33.0,C,0.12,LOSS,33.0°C
"Madrid, ES",2026-08-31,32.9,32,p5,33.0,C,-0.1,LOSS,33.0°C
"Madrid, ES",2026-08-31,32.9,32,sigma,33.0,C,-0.1,LOSS,33.0°C
"Manila, PH",2026-08-31,31.0,31,mean,33.0,C,-2.0,LOSS,33.0°C
"Manila, PH",2026-08-31,32.02,33,modifisert,33.0,C,-0.98,WIN,33.0°C
"Manila, PH",2026-08-31,31.0,29,p5,33.0,C,-2.0,LOSS,33.0°C
"Manila, PH",2026-08-31,31.0,29,sigma,33.0,C,-2.0,LOSS,33.0°C
"Mexico City, MX",2026-08-31,24.6,25,mean,24.0,C,0.6,LOSS,24.0°C
"Mexico City, MX",2026-08-31,25.41,26,modifisert,24.0,C,1.41,LOSS,24.0°C
"Mexico City, MX",2026-08-31,24.6,23,p5,24.0,C,0.6,LOSS,24.0°C
"Mexico City, MX",2026-08-31,24.6,23,sigma,24.0,C,0.6,LOSS,24.0°C
"Miami, US",2026-08-31,31.0,31,mean,32.5,F,-1.5,LOSS,90-91°F
"Miami, US",2026-08-31,31.71,32,modifisert,32.5,F,-0.79,LOSS,90-91°F
"Miami, US",2026-08-31,31.0,29,p5,32.5,F,-1.5,LOSS,90-91°F
"Miami, US",2026-08-31,31.0,29,sigma,32.5,F,-1.5,LOSS,90-91°F
"Milan, IT",2026-08-31,29.8,30,mean,31.0,C,-1.2,LOSS,31.0°C
"Milan, IT",2026-08-31,30.79,32,modifisert,31.0,C,-0.21,LOSS,31.0°C
"Milan, IT",2026-08-31,29.8,28,p5,31.0,C,-1.2,LOSS,31.0°C
"Milan, IT",2026-08-31,29.8,28,sigma,31.0,C,-1.2,LOSS,31.0°C
"Moscow, RU",2026-08-31,21.6,22,mean,19.0,C,2.6,LOSS,19.0°C
"Moscow, RU",2026-08-31,20.63,21,modifisert,19.0,C,1.63,LOSS,19.0°C
"Moscow, RU",2026-08-31,21.6,20,p5,19.0,C,2.6,LOSS,19.0°C
"Moscow, RU",2026-08-31,21.6,20,sigma,19.0,C,2.6,LOSS,19.0°C
"Munich, DE",2026-08-31,23.7,24,mean,25.0,C,-1.3,LOSS,25.0°C
"Munich, DE",2026-08-31,23.9,26,modifisert,25.0,C,-1.1,LOSS,25.0°C
"Munich, DE",2026-08-31,23.7,23,p5,25.0,C,-1.3,LOSS,25.0°C
"Munich, DE",2026-08-31,23.7,23,sigma,25.0,C,-1.3,LOSS,25.0°C
"New York, US",2026-08-31,25.8,26,mean,24.72,F,1.08,LOSS,76-77°F
"New York, US",2026-08-31,25.61,26,modifisert,24.72,F,0.89,LOSS,76-77°F
"New York, US",2026-08-31,25.8,24,p5,24.72,F,1.08,LOSS,76-77°F
"New York, US",2026-08-31,25.8,24,sigma,24.72,F,1.08,LOSS,76-77°F
"Panama City, PA",2026-08-31,28.1,28,mean,,C,,LOSS,23°C or below
"Panama City, PA",2026-08-31,28.1,30,modifisert,,C,,LOSS,23°C or below
"Panama City, PA",2026-08-31,28.1,27,p5,,C,,LOSS,23°C or below
"Panama City, PA",2026-08-31,28.1,26,sigma,,C,,LOSS,23°C or below
"Paris, FR",2026-08-31,22.7,23,mean,23.0,C,-0.3,WIN,23.0°C
"Paris, FR",2026-08-31,22.73,23,modifisert,23.0,C,-0.27,WIN,23.0°C
"Paris, FR",2026-08-31,22.7,21,p5,23.0,C,-0.3,LOSS,23.0°C
"Paris, FR",2026-08-31,22.7,21,sigma,23.0,C,-0.3,LOSS,23.0°C
"Qingdao, CN",2026-08-31,30.2,30,mean,31.0,C,-0.8,LOSS,31.0°C
"Qingdao, CN",2026-08-31,30.49,32,modifisert,31.0,C,-0.51,LOSS,31.0°C
"Qingdao, CN",2026-08-31,30.2,29,p5,31.0,C,-0.8,LOSS,31.0°C
"Qingdao, CN",2026-08-31,30.2,29,sigma,31.0,C,-0.8,LOSS,31.0°C
"San Francisco, US",2026-08-31,18.0,18,mean,19.17,F,-1.17,LOSS,66-67°F
"San Francisco, US",2026-08-31,17.86,19,modifisert,19.17,F,-1.31,WIN,66-67°F
"San Francisco, US",2026-08-31,18.0,16,p5,19.17,F,-1.17,LOSS,66-67°F
"San Francisco, US",2026-08-31,18.0,16,sigma,19.17,F,-1.17,LOSS,66-67°F
"Sao Paulo, BR",2026-08-31,28.2,28,mean,,C,,WIN,29°C or below
"Sao Paulo, BR",2026-08-31,28.2,29,modifisert,,C,,LOSS,29°C or below
"Sao Paulo, BR",2026-08-31,28.2,24,p5,,C,,WIN,29°C or below
"Sao Paulo, BR",2026-08-31,28.2,24,sigma,,C,,WIN,29°C or below
"Seattle, US",2026-08-31,22.5,22,mean,24.72,F,-2.22,LOSS,76-77°F
"Seattle, US",2026-08-31,23.52,24,modifisert,24.72,F,-1.2,LOSS,76-77°F
"Seattle, US",2026-08-31,22.5,21,p5,24.72,F,-2.22,LOSS,76-77°F
"Seattle, US",2026-08-31,22.5,21,sigma,24.72,F,-2.22,LOSS,76-77°F
"Seoul (Incheon), KR",2026-08-31,25.6,26,mean,25.0,C,0.6,LOSS,25.0°C
"Seoul (Incheon), KR",2026-08-31,25.14,25,modifisert,25.0,C,0.14,WIN,25.0°C
"Seoul (Incheon), KR",2026-08-31,25.6,25,p5,25.0,C,0.6,WIN,25.0°C
"Seoul (Incheon), KR",2026-08-31,25.6,25,sigma,25.0,C,0.6,WIN,25.0°C
"Shanghai, CN",2026-08-31,31.1,31,mean,33.0,C,-1.9,LOSS,33.0°C
"Shanghai, CN",2026-08-31,32.4,36,modifisert,33.0,C,-0.6,LOSS,33.0°C
"Shanghai, CN",2026-08-31,31.1,30,p5,33.0,C,-1.9,LOSS,33.0°C
"Shanghai, CN",2026-08-31,31.1,30,sigma,33.0,C,-1.9,LOSS,33.0°C
"Shenzhen, CN",2026-08-31,29.4,29,mean,30.0,C,-0.6,LOSS,30.0°C
"Shenzhen, CN",2026-08-31,29.85,30,modifisert,30.0,C,-0.15,WIN,30.0°C
"Shenzhen, CN",2026-08-31,29.4,28,p5,30.0,C,-0.6,LOSS,30.0°C
"Shenzhen, CN",2026-08-31,29.4,28,sigma,30.0,C,-0.6,LOSS,30.0°C
"Singapore, SG",2026-08-31,31.5,32,mean,30.0,C,1.5,LOSS,30.0°C
"Singapore, SG",2026-08-31,31.46,33,modifisert,30.0,C,1.46,LOSS,30.0°C
"Singapore, SG",2026-08-31,31.5,30,p5,30.0,C,1.5,WIN,30.0°C
"Singapore, SG",2026-08-31,31.5,30,sigma,30.0,C,1.5,WIN,30.0°C
"Taipei, TW",2026-08-31,31.8,32,mean,34.0,C,-2.2,LOSS,34.0°C
"Taipei, TW",2026-08-31,32.5,35,modifisert,34.0,C,-1.5,LOSS,34.0°C
"Taipei, TW",2026-08-31,31.8,30,p5,34.0,C,-2.2,LOSS,34.0°C
"Taipei, TW",2026-08-31,31.8,30,sigma,34.0,C,-2.2,LOSS,34.0°C
"Tel Aviv, IL",2026-08-31,32.0,32,mean,32.0,C,0.0,WIN,32.0°C
"Tel Aviv, IL",2026-08-31,31.7,31,modifisert,32.0,C,-0.3,LOSS,32.0°C
"Tel Aviv, IL",2026-08-31,32.0,31,p5,32.0,C,0.0,LOSS,32.0°C
"Tel Aviv, IL",2026-08-31,32.0,31,sigma,32.0,C,0.0,LOSS,32.0°C
"Tokyo, JP",2026-08-31,28.2,28,mean,27.0,C,1.2,LOSS,27.0°C
"Tokyo, JP",2026-08-31,27.7,28,modifisert,27.0,C,0.7,LOSS,27.0°C
"Tokyo, JP",2026-08-31,28.2,26,p5,27.0,C,1.2,LOSS,27.0°C
"Tokyo, JP",2026-08-31,28.2,28,sigma,27.0,C,1.2,LOSS,27.0°C
"Toronto, CA",2026-08-31,22.1,22,mean,21.0,C,1.1,LOSS,21.0°C
"Toronto, CA",2026-08-31,21.88,22,modifisert,21.0,C,0.88,LOSS,21.0°C
"Toronto, CA",2026-08-31,22.1,21,p5,21.0,C,1.1,WIN,21.0°C
"Toronto, CA",2026-08-31,22.1,20,sigma,21.0,C,1.1,LOSS,21.0°C
"Warsaw, PL",2026-08-31,26.3,26,mean,,C,,LOSS,27°C or higher
"Warsaw, PL",2026-08-31,26.3,26,modifisert,,C,,LOSS,27°C or higher
"Warsaw, PL",2026-08-31,26.3,24,p5,,C,,LOSS,27°C or higher
"Warsaw, PL",2026-08-31,26.3,23,sigma,,C,,LOSS,27°C or higher
"Wellington, NZ",2026-08-31,15.1,15,mean,17.0,C,-1.9,LOSS,17.0°C
"Wellington, NZ",2026-08-31,15.84,17,modifisert,17.0,C,-1.16,WIN,17.0°C
"Wellington, NZ",2026-08-31,15.1,14,p5,17.0,C,-1.9,LOSS,17.0°C
"Wellington, NZ",2026-08-31,15.1,13,sigma,17.0,C,-1.9,LOSS,17.0°C
"Wuhan, CN",2026-08-31,31.2,31,mean,34.0,C,-2.8,LOSS,34.0°C
"Wuhan, CN",2026-08-31,31.2,32,modifisert,34.0,C,-2.8,LOSS,34.0°C
"Wuhan, CN",2026-08-31,31.2,30,p5,34.0,C,-2.8,LOSS,34.0°C
"Wuhan, CN",2026-08-31,31.2,30,sigma,34.0,C,-2.8,LOSS,34.0°C
"Zhengzhou, CN",2026-08-31,31.7,32,mean,,C,,WIN,32°C or higher
"Zhengzhou, CN",2026-08-31,32.1,33,modifisert,,C,,WIN,32°C or higher
"Zhengzhou, CN",2026-08-31,31.7,30,p5,,C,,LOSS,32°C or higher
"Zhengzhou, CN",2026-08-31,31.7,30,sigma,,C,,LOSS,32°C or higher
"Amsterdam, NL",2026-09-01,19.5,20,mean,20.0,C,-0.5,WIN,20.0°C
"Amsterdam, NL",2026-09-01,19.61,20,modifisert,20.0,C,-0.39,WIN,20.0°C
"Amsterdam, NL",2026-09-01,19.5,18,p5,20.0,C,-0.5,LOSS,20.0°C
"Amsterdam, NL",2026-09-01,19.5,18,sigma,20.0,C,-0.5,LOSS,20.0°C
"Ankara, TR",2026-09-01,28.9,29,mean,30.0,C,-1.1,LOSS,30.0°C
"Ankara, TR",2026-09-01,29.73,30,modifisert,30.0,C,-0.27,WIN,30.0°C
"Ankara, TR",2026-09-01,28.9,27,p5,30.0,C,-1.1,LOSS,30.0°C
"Ankara, TR",2026-09-01,28.9,27,sigma,30.0,C,-1.1,LOSS,30.0°C
"Atlanta, US",2026-09-01,34.1,34,mean,33.61,F,0.49,LOSS,92-93°F
"Atlanta, US",2026-09-01,34.6,35,modifisert,33.61,F,0.99,LOSS,92-93°F
"Atlanta, US",2026-09-01,34.1,33,p5,33.61,F,0.49,LOSS,92-93°F
"Atlanta, US",2026-09-01,34.1,33,sigma,33.61,F,0.49,LOSS,92-93°F
"Austin, US",2026-09-01,36.5,36,mean,38.06,F,-1.56,LOSS,100-101°F
"Austin, US",2026-09-01,37.14,38,modifisert,38.06,F,-0.92,WIN,100-101°F
"Austin, US",2026-09-01,36.5,35,p5,38.06,F,-1.56,LOSS,100-101°F
"Austin, US",2026-09-01,36.5,35,sigma,38.06,F,-1.56,LOSS,100-101°F
"Buenos Aires, AR",2026-09-01,19.6,20,mean,21.0,C,-1.4,LOSS,21.0°C
"Buenos Aires, AR",2026-09-01,19.92,21,modifisert,21.0,C,-1.08,WIN,21.0°C
"Buenos Aires, AR",2026-09-01,19.6,18,p5,21.0,C,-1.4,LOSS,21.0°C
"Buenos Aires, AR",2026-09-01,19.6,18,sigma,21.0,C,-1.4,LOSS,21.0°C
"Cape Town, ZA",2026-09-01,18.3,18,mean,20.0,C,-1.7,LOSS,20.0°C
"Cape Town, ZA",2026-09-01,19.46,20,modifisert,20.0,C,-0.54,WIN,20.0°C
"Cape Town, ZA",2026-09-01,18.3,16,p5,20.0,C,-1.7,LOSS,20.0°C
"Cape Town, ZA",2026-09-01,18.3,17,sigma,20.0,C,-1.7,LOSS,20.0°C
"Chicago, US",2026-09-01,33.8,34,mean,34.72,F,-0.92,LOSS,94-95°F
"Chicago, US",2026-09-01,33.75,33,modifisert,34.72,F,-0.97,LOSS,94-95°F
"Chicago, US",2026-09-01,33.8,32,p5,34.72,F,-0.92,LOSS,94-95°F
"Chicago, US",2026-09-01,33.8,32,sigma,34.72,F,-0.92,LOSS,94-95°F
"Dallas, US",2026-09-01,37.4,37,mean,36.94,F,0.46,WIN,98-99°F
"Dallas, US",2026-09-01,37.12,36,modifisert,36.94,F,0.18,LOSS,98-99°F
"Dallas, US",2026-09-01,37.4,36,p5,36.94,F,0.46,LOSS,98-99°F
"Dallas, US",2026-09-01,37.4,37,sigma,36.94,F,0.46,WIN,98-99°F
"Denver, US",2026-09-01,28.8,29,mean,30.28,F,-1.48,LOSS,86-87°F
"Denver, US",2026-09-01,29.39,31,modifisert,30.28,F,-0.89,LOSS,86-87°F
"Denver, US",2026-09-01,28.8,27,p5,30.28,F,-1.48,LOSS,86-87°F
"Denver, US",2026-09-01,28.8,27,sigma,30.28,F,-1.48,LOSS,86-87°F
"Helsinki, FI",2026-09-01,19.3,19,mean,20.0,C,-0.7,LOSS,20.0°C
"Helsinki, FI",2026-09-01,19.32,20,modifisert,20.0,C,-0.68,WIN,20.0°C
"Helsinki, FI",2026-09-01,19.3,18,p5,20.0,C,-0.7,LOSS,20.0°C
"Helsinki, FI",2026-09-01,19.3,18,sigma,20.0,C,-0.7,LOSS,20.0°C
"Houston, US",2026-09-01,30.8,31,mean,30.28,F,0.52,LOSS,86-87°F
"Houston, US",2026-09-01,30.78,31,modifisert,30.28,F,0.5,LOSS,86-87°F
"Houston, US",2026-09-01,30.8,29,p5,30.28,F,0.52,LOSS,86-87°F
"Houston, US",2026-09-01,30.8,30,sigma,30.28,F,0.52,WIN,86-87°F
"Istanbul, TR",2026-09-01,26.2,26,mean,26.0,C,0.2,WIN,26.0°C
"Istanbul, TR",2026-09-01,26.95,27,modifisert,26.0,C,0.95,LOSS,26.0°C
"Istanbul, TR",2026-09-01,26.2,24,p5,26.0,C,0.2,LOSS,26.0°C
"Istanbul, TR",2026-09-01,26.2,23,sigma,26.0,C,0.2,LOSS,26.0°C
"Jeddah, SA",2026-09-01,37.7,38,mean,37.0,C,0.7,LOSS,37.0°C
"Jeddah, SA",2026-09-01,37.51,38,modifisert,37.0,C,0.51,LOSS,37.0°C
"Jeddah, SA",2026-09-01,37.7,34,p5,37.0,C,0.7,LOSS,37.0°C
"Jeddah, SA",2026-09-01,37.7,34,sigma,37.0,C,0.7,LOSS,37.0°C
"Karachi, PK",2026-09-01,30.7,31,mean,30.0,C,0.7,LOSS,30.0°C
"Karachi, PK",2026-09-01,31.08,30,modifisert,30.0,C,1.08,WIN,30.0°C
"Karachi, PK",2026-09-01,30.7,29,p5,30.0,C,0.7,LOSS,30.0°C
"Karachi, PK",2026-09-01,30.7,29,sigma,30.0,C,0.7,LOSS,30.0°C
"London, UK",2026-09-01,21.8,22,mean,23.0,C,-1.2,LOSS,23.0°C
"London, UK",2026-09-01,22.29,23,modifisert,23.0,C,-0.71,WIN,23.0°C
"London, UK",2026-09-01,21.8,20,p5,23.0,C,-1.2,LOSS,23.0°C
"London, UK",2026-09-01,21.8,20,sigma,23.0,C,-1.2,LOSS,23.0°C
"Los Angeles, US",2026-09-01,25.4,25,mean,23.61,F,1.79,LOSS,74-75°F
"Los Angeles, US",2026-09-01,24.07,24,modifisert,23.61,F,0.46,LOSS,74-75°F
"Los Angeles, US",2026-09-01,25.4,22,p5,23.61,F,1.79,LOSS,74-75°F
"Los Angeles, US",2026-09-01,25.4,24,sigma,23.61,F,1.79,LOSS,74-75°F
"Lucknow, IN",2026-09-01,30.2,30,mean,30.0,C,0.2,WIN,30.0°C
"Lucknow, IN",2026-09-01,30.17,30,modifisert,30.0,C,0.17,WIN,30.0°C
"Lucknow, IN",2026-09-01,30.2,28,p5,30.0,C,0.2,LOSS,30.0°C
"Lucknow, IN",2026-09-01,30.2,28,sigma,30.0,C,0.2,LOSS,30.0°C
"Madrid, ES",2026-09-01,33.9,34,mean,34.0,C,-0.1,WIN,34.0°C
"Madrid, ES",2026-09-01,34.04,35,modifisert,34.0,C,0.04,LOSS,34.0°C
"Madrid, ES",2026-09-01,33.9,33,p5,34.0,C,-0.1,LOSS,34.0°C
"Madrid, ES",2026-09-01,33.9,33,sigma,34.0,C,-0.1,LOSS,34.0°C
"Mexico City, MX",2026-09-01,24.1,24,mean,23.0,C,1.1,LOSS,23.0°C
"Mexico City, MX",2026-09-01,24.13,24,modifisert,23.0,C,1.13,LOSS,23.0°C
"Mexico City, MX",2026-09-01,24.1,22,p5,23.0,C,1.1,LOSS,23.0°C
"Mexico City, MX",2026-09-01,24.1,23,sigma,23.0,C,1.1,WIN,23.0°C
"Miami, US",2026-09-01,31.1,31,mean,31.39,F,-0.29,LOSS,88-89°F
"Miami, US",2026-09-01,31.09,32,modifisert,31.39,F,-0.3,LOSS,88-89°F
"Miami, US",2026-09-01,31.1,29,p5,31.39,F,-0.29,LOSS,88-89°F
"Miami, US",2026-09-01,31.1,29,sigma,31.39,F,-0.29,LOSS,88-89°F
"Milan, IT",2026-09-01,27.8,28,mean,29.0,C,-1.2,LOSS,29.0°C
"Milan, IT",2026-09-01,29.02,30,modifisert,29.0,C,0.02,LOSS,29.0°C
"Milan, IT",2026-09-01,27.8,26,p5,29.0,C,-1.2,LOSS,29.0°C
"Milan, IT",2026-09-01,27.8,26,sigma,29.0,C,-1.2,LOSS,29.0°C
"Moscow, RU",2026-09-01,24.0,24,mean,25.0,C,-1.0,LOSS,25.0°C
"Moscow, RU",2026-09-01,24.2,25,modifisert,25.0,C,-0.8,WIN,25.0°C
"Moscow, RU",2026-09-01,24.0,22,p5,25.0,C,-1.0,LOSS,25.0°C
"Moscow, RU",2026-09-01,24.0,22,sigma,25.0,C,-1.0,LOSS,25.0°C
"Munich, DE",2026-09-01,22.4,22,mean,24.0,C,-1.6,LOSS,24.0°C
"Munich, DE",2026-09-01,22.8,25,modifisert,24.0,C,-1.2,LOSS,24.0°C
"Munich, DE",2026-09-01,22.4,21,p5,24.0,C,-1.6,LOSS,24.0°C
"Munich, DE",2026-09-01,22.4,21,sigma,24.0,C,-1.6,LOSS,24.0°C
"New York, US",2026-09-01,26.5,26,mean,26.94,F,-0.44,LOSS,80-81°F
"New York, US",2026-09-01,26.55,27,modifisert,26.94,F,-0.39,WIN,80-81°F
"New York, US",2026-09-01,26.5,25,p5,26.94,F,-0.44,LOSS,80-81°F
"New York, US",2026-09-01,26.5,25,sigma,26.94,F,-0.44,LOSS,80-81°F
"Panama City, PA",2026-09-01,31.2,31,mean,,C,,LOSS,23°C or below
"Panama City, PA",2026-09-01,31.2,33,modifisert,,C,,LOSS,23°C or below
"Panama City, PA",2026-09-01,31.2,28,p5,,C,,LOSS,23°C or below
"Panama City, PA",2026-09-01,31.2,28,sigma,,C,,LOSS,23°C or below
"Paris, FR",2026-09-01,23.0,23,mean,25.0,C,-2.0,LOSS,25.0°C
"Paris, FR",2026-09-01,23.79,24,modifisert,25.0,C,-1.21,LOSS,25.0°C
"Paris, FR",2026-09-01,23.0,21,p5,25.0,C,-2.0,LOSS,25.0°C
"Paris, FR",2026-09-01,23.0,21,sigma,25.0,C,-2.0,LOSS,25.0°C
"San Francisco, US",2026-09-01,20.1,20,mean,21.39,F,-1.29,LOSS,70-71°F
"San Francisco, US",2026-09-01,20.27,21,modifisert,21.39,F,-1.12,LOSS,70-71°F
"San Francisco, US",2026-09-01,20.1,18,p5,21.39,F,-1.29,LOSS,70-71°F
"San Francisco, US",2026-09-01,20.1,18,sigma,21.39,F,-1.29,LOSS,70-71°F
"Sao Paulo, BR",2026-09-01,21.8,22,mean,21.0,C,0.8,LOSS,21.0°C
"Sao Paulo, BR",2026-09-01,20.97,22,modifisert,21.0,C,-0.03,LOSS,21.0°C
"Sao Paulo, BR",2026-09-01,21.8,20,p5,21.0,C,0.8,LOSS,21.0°C
"Sao Paulo, BR",2026-09-01,21.8,20,sigma,21.0,C,0.8,LOSS,21.0°C
"Seattle, US",2026-09-01,20.6,21,mean,19.17,F,1.43,LOSS,66-67°F
"Seattle, US",2026-09-01,19.55,20,modifisert,19.17,F,0.38,LOSS,66-67°F
"Seattle, US",2026-09-01,20.6,19,p5,19.17,F,1.43,WIN,66-67°F
"Seattle, US",2026-09-01,20.6,19,sigma,19.17,F,1.43,WIN,66-67°F
"Tel Aviv, IL",2026-09-01,32.8,33,mean,32.0,C,0.8,LOSS,32.0°C
"Tel Aviv, IL",2026-09-01,32.32,32,modifisert,32.0,C,0.32,WIN,32.0°C
"Tel Aviv, IL",2026-09-01,32.8,31,p5,32.0,C,0.8,LOSS,32.0°C
"Tel Aviv, IL",2026-09-01,32.8,32,sigma,32.0,C,0.8,WIN,32.0°C
"Toronto, CA",2026-09-01,26.8,27,mean,27.0,C,-0.2,WIN,27.0°C
"Toronto, CA",2026-09-01,26.51,27,modifisert,27.0,C,-0.49,WIN,27.0°C
"Toronto, CA",2026-09-01,26.8,25,p5,27.0,C,-0.2,LOSS,27.0°C
"Toronto, CA",2026-09-01,26.8,25,sigma,27.0,C,-0.2,LOSS,27.0°C
"Warsaw, PL",2026-09-01,20.8,21,mean,21.0,C,-0.2,WIN,21.0°C
"Warsaw, PL",2026-09-01,20.74,21,modifisert,21.0,C,-0.26,WIN,21.0°C
"Warsaw, PL",2026-09-01,20.8,19,p5,21.0,C,-0.2,LOSS,21.0°C
"Warsaw, PL",2026-09-01,20.8,19,sigma,21.0,C,-0.2,LOSS,21.0°C
"Wellington, NZ",2026-09-01,12.9,13,mean,14.0,C,-1.1,LOSS,14.0°C
"Wellington, NZ",2026-09-01,13.3,14,modifisert,14.0,C,-0.7,WIN,14.0°C
"Wellington, NZ",2026-09-01,12.9,12,p5,14.0,C,-1.1,LOSS,14.0°C
"Wellington, NZ",2026-09-01,12.9,12,sigma,14.0,C,-1.1,LOSS,14.0°C
"Amsterdam, NL",2026-09-02,20.3,20,mean,22.0,C,-1.7,LOSS,22.0°C
"Amsterdam, NL",2026-09-02,20.45,21,modifisert,22.0,C,-1.55,LOSS,22.0°C
"Amsterdam, NL",2026-09-02,20.3,19,p5,22.0,C,-1.7,LOSS,22.0°C
"Amsterdam, NL",2026-09-02,20.3,19,sigma,22.0,C,-1.7,LOSS,22.0°C
"Ankara, TR",2026-09-02,29.5,30,mean,31.0,C,-1.5,LOSS,31.0°C
"Ankara, TR",2026-09-02,30.25,31,modifisert,31.0,C,-0.75,WIN,31.0°C
"Ankara, TR",2026-09-02,29.5,28,p5,31.0,C,-1.5,LOSS,31.0°C
"Ankara, TR",2026-09-02,29.5,28,sigma,31.0,C,-1.5,LOSS,31.0°C
"Atlanta, US",2026-09-02,34.5,34,mean,34.72,F,-0.22,LOSS,94-95°F
"Atlanta, US",2026-09-02,35.29,36,modifisert,34.72,F,0.57,LOSS,94-95°F
"Atlanta, US",2026-09-02,34.5,33,p5,34.72,F,-0.22,LOSS,94-95°F
"Atlanta, US",2026-09-02,34.5,33,sigma,34.72,F,-0.22,LOSS,94-95°F
"Austin, US",2026-09-02,37.1,37,mean,38.06,F,-0.96,LOSS,100-101°F
"Austin, US",2026-09-02,37.85,39,modifisert,38.06,F,-0.21,LOSS,100-101°F
"Austin, US",2026-09-02,37.1,35,p5,38.06,F,-0.96,LOSS,100-101°F
"Austin, US",2026-09-02,37.1,35,sigma,38.06,F,-0.96,LOSS,100-101°F
"Beijing, CN",2026-09-02,30.3,30,mean,31.0,C,-0.7,LOSS,31.0°C
"Beijing, CN",2026-09-02,30.53,31,modifisert,31.0,C,-0.47,WIN,31.0°C
"Beijing, CN",2026-09-02,30.3,28,p5,31.0,C,-0.7,LOSS,31.0°C
"Beijing, CN",2026-09-02,30.3,28,sigma,31.0,C,-0.7,LOSS,31.0°C
"Buenos Aires, AR",2026-09-02,22.7,23,mean,24.0,C,-1.3,LOSS,24.0°C
"Buenos Aires, AR",2026-09-02,23.04,24,modifisert,24.0,C,-0.96,WIN,24.0°C
"Buenos Aires, AR",2026-09-02,22.7,20,p5,24.0,C,-1.3,LOSS,24.0°C
"Buenos Aires, AR",2026-09-02,22.7,21,sigma,24.0,C,-1.3,LOSS,24.0°C
"Busan, KR",2026-09-02,31.4,31,mean,32.0,C,-0.6,LOSS,32.0°C
"Busan, KR",2026-09-02,31.87,33,modifisert,32.0,C,-0.13,LOSS,32.0°C
"Busan, KR",2026-09-02,31.4,30,p5,32.0,C,-0.6,LOSS,32.0°C
"Busan, KR",2026-09-02,31.4,29,sigma,32.0,C,-0.6,LOSS,32.0°C
"Cape Town, ZA",2026-09-02,18.9,19,mean,19.0,C,-0.1,WIN,19.0°C
"Cape Town, ZA",2026-09-02,19.45,20,modifisert,19.0,C,0.45,LOSS,19.0°C
"Cape Town, ZA",2026-09-02,18.9,18,p5,19.0,C,-0.1,LOSS,19.0°C
"Cape Town, ZA",2026-09-02,18.9,18,sigma,19.0,C,-0.1,LOSS,19.0°C
"Chengdu, CN",2026-09-02,32.2,32,mean,33.0,C,-0.8,LOSS,33.0°C
"Chengdu, CN",2026-09-02,32.52,34,modifisert,33.0,C,-0.48,LOSS,33.0°C
"Chengdu, CN",2026-09-02,32.2,31,p5,33.0,C,-0.8,LOSS,33.0°C
"Chengdu, CN",2026-09-02,32.2,31,sigma,33.0,C,-0.8,LOSS,33.0°C
"Chicago, US",2026-09-02,34.8,35,mean,34.72,F,0.08,WIN,94-95°F
"Chicago, US",2026-09-02,34.79,34,modifisert,34.72,F,0.07,LOSS,94-95°F
"Chicago, US",2026-09-02,34.8,32,p5,34.72,F,0.08,LOSS,94-95°F
"Chicago, US",2026-09-02,34.8,33,sigma,34.72,F,0.08,LOSS,94-95°F
"Chongqing, CN",2026-09-02,32.6,33,mean,33.0,C,-0.4,WIN,33.0°C
"Chongqing, CN",2026-09-02,32.9,35,modifisert,33.0,C,-0.1,LOSS,33.0°C
"Chongqing, CN",2026-09-02,32.6,31,p5,33.0,C,-0.4,LOSS,33.0°C
"Chongqing, CN",2026-09-02,32.6,31,sigma,33.0,C,-0.4,LOSS,33.0°C
"Dallas, US",2026-09-02,36.9,37,mean,38.06,F,-1.16,LOSS,100-101°F
"Dallas, US",2026-09-02,36.76,36,modifisert,38.06,F,-1.3,LOSS,100-101°F
"Dallas, US",2026-09-02,36.9,36,p5,38.06,F,-1.16,LOSS,100-101°F
"Dallas, US",2026-09-02,36.9,36,sigma,38.06,F,-1.16,LOSS,100-101°F
"Denver, US",2026-09-02,30.4,30,mean,31.39,F,-0.99,LOSS,88-89°F
"Denver, US",2026-09-02,30.7,32,modifisert,31.39,F,-0.69,LOSS,88-89°F
"Denver, US",2026-09-02,30.4,29,p5,31.39,F,-0.99,LOSS,88-89°F
"Denver, US",2026-09-02,30.4,30,sigma,31.39,F,-0.99,LOSS,88-89°F
"Guangzhou, CN",2026-09-02,28.5,28,mean,30.0,C,-1.5,LOSS,30.0°C
"Guangzhou, CN",2026-09-02,28.5,31,modifisert,30.0,C,-1.5,LOSS,30.0°C
"Guangzhou, CN",2026-09-02,28.5,24,p5,30.0,C,-1.5,LOSS,30.0°C
"Guangzhou, CN",2026-09-02,28.5,28,sigma,30.0,C,-1.5,LOSS,30.0°C
"Helsinki, FI",2026-09-02,19.5,20,mean,20.0,C,-0.5,WIN,20.0°C
"Helsinki, FI",2026-09-02,19.75,20,modifisert,20.0,C,-0.25,WIN,20.0°C
"Helsinki, FI",2026-09-02,19.5,18,p5,20.0,C,-0.5,LOSS,20.0°C
"Helsinki, FI",2026-09-02,19.5,18,sigma,20.0,C,-0.5,LOSS,20.0°C
"Hong Kong, HK",2026-09-02,29.6,30,mean,31.0,C,-1.4,LOSS,31.0°C
"Hong Kong, HK",2026-09-02,29.32,30,modifisert,31.0,C,-1.68,LOSS,31.0°C
"Hong Kong, HK",2026-09-02,29.6,27,p5,31.0,C,-1.4,LOSS,31.0°C
"Hong Kong, HK",2026-09-02,29.6,27,sigma,31.0,C,-1.4,LOSS,31.0°C
"Houston, US",2026-09-02,33.1,33,mean,34.72,F,-1.62,LOSS,94-95°F
"Houston, US",2026-09-02,34.17,34,modifisert,34.72,F,-0.55,LOSS,94-95°F
"Houston, US",2026-09-02,33.1,29,p5,34.72,F,-1.62,LOSS,94-95°F
"Houston, US",2026-09-02,33.1,32,sigma,34.72,F,-1.62,LOSS,94-95°F
"Istanbul, TR",2026-09-02,26.0,26,mean,26.0,C,0.0,WIN,26.0°C
"Istanbul, TR",2026-09-02,26.65,27,modifisert,26.0,C,0.65,LOSS,26.0°C
"Istanbul, TR",2026-09-02,26.0,23,p5,26.0,C,0.0,LOSS,26.0°C
"Istanbul, TR",2026-09-02,26.0,23,sigma,26.0,C,0.0,LOSS,26.0°C
"Jeddah, SA",2026-09-02,38.1,38,mean,37.0,C,1.1,LOSS,37.0°C
"Jeddah, SA",2026-09-02,37.67,38,modifisert,37.0,C,0.67,LOSS,37.0°C
"Jeddah, SA",2026-09-02,38.1,34,p5,37.0,C,1.1,LOSS,37.0°C
"Jeddah, SA",2026-09-02,38.1,35,sigma,37.0,C,1.1,LOSS,37.0°C
"Jinan, CN",2026-09-02,29.5,30,mean,,C,,WIN,26°C or higher
"Jinan, CN",2026-09-02,29.5,29,modifisert,,C,,WIN,26°C or higher
"Jinan, CN",2026-09-02,29.5,28,p5,,C,,WIN,26°C or higher
"Jinan, CN",2026-09-02,29.5,28,sigma,,C,,WIN,26°C or higher
"Karachi, PK",2026-09-02,31.0,31,mean,33.0,C,-2.0,LOSS,33.0°C
"Karachi, PK",2026-09-02,31.77,32,modifisert,33.0,C,-1.23,LOSS,33.0°C
"Karachi, PK",2026-09-02,31.0,30,p5,33.0,C,-2.0,LOSS,33.0°C
"Karachi, PK",2026-09-02,31.0,29,sigma,33.0,C,-2.0,LOSS,33.0°C
"Kuala Lumpur, MY",2026-09-02,31.9,32,mean,34.0,C,-2.1,LOSS,34.0°C
"Kuala Lumpur, MY",2026-09-02,33.1,34,modifisert,34.0,C,-0.9,WIN,34.0°C
"Kuala Lumpur, MY",2026-09-02,31.9,30,p5,34.0,C,-2.1,LOSS,34.0°C
"Kuala Lumpur, MY",2026-09-02,31.9,29,sigma,34.0,C,-2.1,LOSS,34.0°C
"London, UK",2026-09-02,20.6,21,mean,21.0,C,-0.4,WIN,21.0°C
"London, UK",2026-09-02,20.96,22,modifisert,21.0,C,-0.04,LOSS,21.0°C
"London, UK",2026-09-02,20.6,19,p5,21.0,C,-0.4,LOSS,21.0°C
"London, UK",2026-09-02,20.6,19,sigma,21.0,C,-0.4,LOSS,21.0°C
"Los Angeles, US",2026-09-02,26.2,26,mean,24.72,F,1.48,LOSS,76-77°F
"Los Angeles, US",2026-09-02,24.95,24,modifisert,24.72,F,0.23,LOSS,76-77°F
"Los Angeles, US",2026-09-02,26.2,23,p5,24.72,F,1.48,LOSS,76-77°F
"Los Angeles, US",2026-09-02,26.2,26,sigma,24.72,F,1.48,LOSS,76-77°F
"Lucknow, IN",2026-09-02,29.2,29,mean,30.0,C,-0.8,LOSS,30.0°C
"Lucknow, IN",2026-09-02,28.79,29,modifisert,30.0,C,-1.21,LOSS,30.0°C
"Lucknow, IN",2026-09-02,29.2,28,p5,30.0,C,-0.8,LOSS,30.0°C
"Lucknow, IN",2026-09-02,29.2,27,sigma,30.0,C,-0.8,LOSS,30.0°C
"Madrid, ES",2026-09-02,35.2,35,mean,36.0,C,-0.8,LOSS,36.0°C
"Madrid, ES",2026-09-02,35.4,36,modifisert,36.0,C,-0.6,WIN,36.0°C
"Madrid, ES",2026-09-02,35.2,34,p5,36.0,C,-0.8,LOSS,36.0°C
"Madrid, ES",2026-09-02,35.2,34,sigma,36.0,C,-0.8,LOSS,36.0°C
"Manila, PH",2026-09-02,30.3,30,mean,33.0,C,-2.7,LOSS,33.0°C
"Manila, PH",2026-09-02,31.11,32,modifisert,33.0,C,-1.89,LOSS,33.0°C
"Manila, PH",2026-09-02,30.3,29,p5,33.0,C,-2.7,LOSS,33.0°C
"Manila, PH",2026-09-02,30.3,29,sigma,33.0,C,-2.7,LOSS,33.0°C
"Mexico City, MX",2026-09-02,25.1,25,mean,,C,,LOSS,26°C or higher
"Mexico City, MX",2026-09-02,25.1,25,modifisert,,C,,LOSS,26°C or higher
"Mexico City, MX",2026-09-02,25.1,24,p5,,C,,LOSS,26°C or higher
"Mexico City, MX",2026-09-02,25.1,24,sigma,,C,,LOSS,26°C or higher
"Miami, US",2026-09-02,31.1,31,mean,32.5,F,-1.4,LOSS,90-91°F
"Miami, US",2026-09-02,30.96,32,modifisert,32.5,F,-1.54,LOSS,90-91°F
"Miami, US",2026-09-02,31.1,30,p5,32.5,F,-1.4,LOSS,90-91°F
"Miami, US",2026-09-02,31.1,30,sigma,32.5,F,-1.4,LOSS,90-91°F
"Milan, IT",2026-09-02,28.6,29,mean,30.0,C,-1.4,LOSS,30.0°C
"Milan, IT",2026-09-02,29.77,31,modifisert,30.0,C,-0.23,LOSS,30.0°C
"Milan, IT",2026-09-02,28.6,27,p5,30.0,C,-1.4,LOSS,30.0°C
"Milan, IT",2026-09-02,28.6,27,sigma,30.0,C,-1.4,LOSS,30.0°C
"Moscow, RU",2026-09-02,20.3,20,mean,20.0,C,0.3,WIN,20.0°C
"Moscow, RU",2026-09-02,20.26,21,modifisert,20.0,C,0.26,LOSS,20.0°C
"Moscow, RU",2026-09-02,20.3,19,p5,20.0,C,0.3,LOSS,20.0°C
"Moscow, RU",2026-09-02,20.3,20,sigma,20.0,C,0.3,WIN,20.0°C
"Munich, DE",2026-09-02,23.6,24,mean,25.0,C,-1.4,LOSS,25.0°C
"Munich, DE",2026-09-02,24.2,26,modifisert,25.0,C,-0.8,LOSS,25.0°C
"Munich, DE",2026-09-02,23.6,22,p5,25.0,C,-1.4,LOSS,25.0°C
"Munich, DE",2026-09-02,23.6,22,sigma,25.0,C,-1.4,LOSS,25.0°C
"New York, US",2026-09-02,23.0,23,mean,23.61,F,-0.61,LOSS,74-75°F
"New York, US",2026-09-02,22.93,23,modifisert,23.61,F,-0.68,LOSS,74-75°F
"New York, US",2026-09-02,23.0,21,p5,23.61,F,-0.61,LOSS,74-75°F
"New York, US",2026-09-02,23.0,21,sigma,23.61,F,-0.61,LOSS,74-75°F
"Panama City, PA",2026-09-02,31.3,31,mean,32.0,C,-0.7,LOSS,32.0°C
"Panama City, PA",2026-09-02,32.03,34,modifisert,32.0,C,0.03,LOSS,32.0°C
"Panama City, PA",2026-09-02,31.3,29,p5,32.0,C,-0.7,LOSS,32.0°C
"Panama City, PA",2026-09-02,31.3,29,sigma,32.0,C,-0.7,LOSS,32.0°C
"Paris, FR",2026-09-02,24.0,24,mean,26.0,C,-2.0,LOSS,26.0°C
"Paris, FR",2026-09-02,24.91,25,modifisert,26.0,C,-1.09,LOSS,26.0°C
"Paris, FR",2026-09-02,24.0,22,p5,26.0,C,-2.0,LOSS,26.0°C
"Paris, FR",2026-09-02,24.0,22,sigma,26.0,C,-2.0,LOSS,26.0°C
"Qingdao, CN",2026-09-02,29.1,29,mean,29.0,C,0.1,WIN,29.0°C
"Qingdao, CN",2026-09-02,29.27,30,modifisert,29.0,C,0.27,LOSS,29.0°C
"Qingdao, CN",2026-09-02,29.1,28,p5,29.0,C,0.1,LOSS,29.0°C
"Qingdao, CN",2026-09-02,29.1,28,sigma,29.0,C,0.1,LOSS,29.0°C
"San Francisco, US",2026-09-02,21.2,21,mean,22.5,F,-1.3,LOSS,72-73°F
"San Francisco, US",2026-09-02,21.3,22,modifisert,22.5,F,-1.2,LOSS,72-73°F
"San Francisco, US",2026-09-02,21.2,20,p5,22.5,F,-1.3,LOSS,72-73°F
"San Francisco, US",2026-09-02,21.2,19,sigma,22.5,F,-1.3,LOSS,72-73°F
"Sao Paulo, BR",2026-09-02,20.8,21,mean,21.0,C,-0.2,WIN,21.0°C
"Sao Paulo, BR",2026-09-02,21.31,22,modifisert,21.0,C,0.31,LOSS,21.0°C
"Sao Paulo, BR",2026-09-02,20.8,19,p5,21.0,C,-0.2,LOSS,21.0°C
"Sao Paulo, BR",2026-09-02,20.8,18,sigma,21.0,C,-0.2,LOSS,21.0°C
"Seattle, US",2026-09-02,19.0,19,mean,20.28,F,-1.28,LOSS,68-69°F
"Seattle, US",2026-09-02,19.73,20,modifisert,20.28,F,-0.55,WIN,68-69°F
"Seattle, US",2026-09-02,19.0,18,p5,20.28,F,-1.28,LOSS,68-69°F
"Seattle, US",2026-09-02,19.0,18,sigma,20.28,F,-1.28,LOSS,68-69°F
"Seoul (Incheon), KR",2026-09-02,26.7,27,mean,28.0,C,-1.3,LOSS,28.0°C
"Seoul (Incheon), KR",2026-09-02,27.39,28,modifisert,28.0,C,-0.61,WIN,28.0°C
"Seoul (Incheon), KR",2026-09-02,26.7,25,p5,28.0,C,-1.3,LOSS,28.0°C
"Seoul (Incheon), KR",2026-09-02,26.7,25,sigma,28.0,C,-1.3,LOSS,28.0°C
"Shanghai, CN",2026-09-02,29.0,29,mean,30.0,C,-1.0,LOSS,30.0°C
"Shanghai, CN",2026-09-02,29.1,30,modifisert,30.0,C,-0.9,WIN,30.0°C
"Shanghai, CN",2026-09-02,29.0,28,p5,30.0,C,-1.0,LOSS,30.0°C
"Shanghai, CN",2026-09-02,29.0,28,sigma,30.0,C,-1.0,LOSS,30.0°C
"Shenzhen, CN",2026-09-02,29.3,29,mean,30.0,C,-0.7,LOSS,30.0°C
"Shenzhen, CN",2026-09-02,30.17,30,modifisert,30.0,C,0.17,WIN,30.0°C
"Shenzhen, CN",2026-09-02,29.3,26,p5,30.0,C,-0.7,LOSS,30.0°C
"Shenzhen, CN",2026-09-02,29.3,26,sigma,30.0,C,-0.7,LOSS,30.0°C
"Singapore, SG",2026-09-02,32.2,32,mean,33.0,C,-0.8,LOSS,33.0°C
"Singapore, SG",2026-09-02,32.64,33,modifisert,33.0,C,-0.36,WIN,33.0°C
"Singapore, SG",2026-09-02,32.2,31,p5,33.0,C,-0.8,LOSS,33.0°C
"Singapore, SG",2026-09-02,32.2,30,sigma,33.0,C,-0.8,LOSS,33.0°C
"Taipei, TW",2026-09-02,32.5,32,mean,33.0,C,-0.5,LOSS,33.0°C
"Taipei, TW",2026-09-02,32.5,35,modifisert,33.0,C,-0.5,LOSS,33.0°C
"Taipei, TW",2026-09-02,32.5,30,p5,33.0,C,-0.5,LOSS,33.0°C
"Taipei, TW",2026-09-02,32.5,30,sigma,33.0,C,-0.5,LOSS,33.0°C
"Tel Aviv, IL",2026-09-02,33.8,34,mean,33.0,C,0.8,LOSS,33.0°C
"Tel Aviv, IL",2026-09-02,33.21,32,modifisert,33.0,C,0.21,LOSS,33.0°C
"Tel Aviv, IL",2026-09-02,33.8,32,p5,33.0,C,0.8,LOSS,33.0°C
"Tel Aviv, IL",2026-09-02,33.8,33,sigma,33.0,C,0.8,WIN,33.0°C
"Tokyo, JP",2026-09-02,30.9,31,mean,31.0,C,-0.1,WIN,31.0°C
"Tokyo, JP",2026-09-02,31.26,31,modifisert,31.0,C,0.26,WIN,31.0°C
"Tokyo, JP",2026-09-02,30.9,30,p5,31.0,C,-0.1,LOSS,31.0°C
"Tokyo, JP",2026-09-02,30.9,30,sigma,31.0,C,-0.1,LOSS,31.0°C
"Toronto, CA",2026-09-02,28.0,28,mean,28.0,C,0.0,WIN,28.0°C
"Toronto, CA",2026-09-02,27.17,27,modifisert,28.0,C,-0.83,LOSS,28.0°C
"Toronto, CA",2026-09-02,28.0,25,p5,28.0,C,0.0,LOSS,28.0°C
"Toronto, CA",2026-09-02,28.0,25,sigma,28.0,C,0.0,LOSS,28.0°C
"Warsaw, PL",2026-09-02,21.6,22,mean,22.0,C,-0.4,WIN,22.0°C
"Warsaw, PL",2026-09-02,22.22,22,modifisert,22.0,C,0.22,WIN,22.0°C
"Warsaw, PL",2026-09-02,21.6,20,p5,22.0,C,-0.4,LOSS,22.0°C
"Warsaw, PL",2026-09-02,21.6,20,sigma,22.0,C,-0.4,LOSS,22.0°C
"Wellington, NZ",2026-09-02,14.8,15,mean,15.0,C,-0.2,WIN,15.0°C
"Wellington, NZ",2026-09-02,15.06,16,modifisert,15.0,C,0.06,LOSS,15.0°C
"Wellington, NZ",2026-09-02,14.8,14,p5,15.0,C,-0.2,LOSS,15.0°C
"Wellington, NZ",2026-09-02,14.8,14,sigma,15.0,C,-0.2,LOSS,15.0°C
"Wuhan, CN",2026-09-02,30.2,30,mean,32.0,C,-1.8,LOSS,32.0°C
"Wuhan, CN",2026-09-02,30.86,32,modifisert,32.0,C,-1.14,WIN,32.0°C
"Wuhan, CN",2026-09-02,30.2,29,p5,32.0,C,-1.8,LOSS,32.0°C
"Wuhan, CN",2026-09-02,30.2,29,sigma,32.0,C,-1.8,LOSS,32.0°C
"Zhengzhou, CN",2026-09-02,28.7,29,mean,30.0,C,-1.3,LOSS,30.0°C
"Zhengzhou, CN",2026-09-02,29.15,30,modifisert,30.0,C,-0.85,WIN,30.0°C
"Zhengzhou, CN",2026-09-02,28.7,27,p5,30.0,C,-1.3,LOSS,30.0°C
"Zhengzhou, CN",2026-09-02,28.7,27,sigma,30.0,C,-1.3,LOSS,30.0°C
"Amsterdam, NL",2026-09-03,21.7,22,mean,22.0,C,-0.3,WIN,22.0°C
"Amsterdam, NL",2026-09-03,21.78,23,modifisert,22.0,C,-0.22,LOSS,22.0°C
"Amsterdam, NL",2026-09-03,21.7,21,p5,22.0,C,-0.3,LOSS,22.0°C
"Amsterdam, NL",2026-09-03,21.7,21,sigma,22.0,C,-0.3,LOSS,22.0°C
"Ankara, TR",2026-09-03,29.2,29,mean,30.0,C,-0.8,LOSS,30.0°C
"Ankara, TR",2026-09-03,29.36,30,modifisert,30.0,C,-0.64,WIN,30.0°C
"Ankara, TR",2026-09-03,29.2,28,p5,30.0,C,-0.8,LOSS,30.0°C
"Ankara, TR",2026-09-03,29.2,28,sigma,30.0,C,-0.8,LOSS,30.0°C
"Atlanta, US",2026-09-03,34.3,34,mean,34.72,F,-0.42,LOSS,94-95°F
"Atlanta, US",2026-09-03,34.57,35,modifisert,34.72,F,-0.15,WIN,94-95°F
"Atlanta, US",2026-09-03,34.3,33,p5,34.72,F,-0.42,LOSS,94-95°F
"Atlanta, US",2026-09-03,34.3,33,sigma,34.72,F,-0.42,LOSS,94-95°F
"Austin, US",2026-09-03,35.8,36,mean,36.94,F,-1.14,LOSS,98-99°F
"Austin, US",2026-09-03,36.65,38,modifisert,36.94,F,-0.29,LOSS,98-99°F
"Austin, US",2026-09-03,35.8,32,p5,36.94,F,-1.14,LOSS,98-99°F
"Austin, US",2026-09-03,35.8,32,sigma,36.94,F,-1.14,LOSS,98-99°F
"Beijing, CN",2026-09-03,31.7,32,mean,32.0,C,-0.3,WIN,32.0°C
"Beijing, CN",2026-09-03,31.98,32,modifisert,32.0,C,-0.02,WIN,32.0°C
"Beijing, CN",2026-09-03,31.7,30,p5,32.0,C,-0.3,LOSS,32.0°C
"Beijing, CN",2026-09-03,31.7,30,sigma,32.0,C,-0.3,LOSS,32.0°C
"Buenos Aires, AR",2026-09-03,18.5,18,mean,18.0,C,0.5,WIN,18.0°C
"Buenos Aires, AR",2026-09-03,18.57,20,modifisert,18.0,C,0.57,LOSS,18.0°C
"Buenos Aires, AR",2026-09-03,18.5,17,p5,18.0,C,0.5,LOSS,18.0°C
"Buenos Aires, AR",2026-09-03,18.5,18,sigma,18.0,C,0.5,WIN,18.0°C
"Busan, KR",2026-09-03,28.8,29,mean,31.0,C,-2.2,LOSS,31.0°C
"Busan, KR",2026-09-03,30.51,32,modifisert,31.0,C,-0.49,LOSS,31.0°C
"Busan, KR",2026-09-03,28.8,28,p5,31.0,C,-2.2,LOSS,31.0°C
"Busan, KR",2026-09-03,28.8,28,sigma,31.0,C,-2.2,LOSS,31.0°C
"Cape Town, ZA",2026-09-03,17.3,17,mean,17.0,C,0.3,WIN,17.0°C
"Cape Town, ZA",2026-09-03,17.58,18,modifisert,17.0,C,0.58,LOSS,17.0°C
"Cape Town, ZA",2026-09-03,17.3,15,p5,17.0,C,0.3,LOSS,17.0°C
"Cape Town, ZA",2026-09-03,17.3,16,sigma,17.0,C,0.3,LOSS,17.0°C
"Chengdu, CN",2026-09-03,30.7,31,mean,28.0,C,2.7,LOSS,28.0°C
"Chengdu, CN",2026-09-03,30.41,31,modifisert,28.0,C,2.41,LOSS,28.0°C
"Chengdu, CN",2026-09-03,30.7,29,p5,28.0,C,2.7,LOSS,28.0°C
"Chengdu, CN",2026-09-03,30.7,29,sigma,28.0,C,2.7,LOSS,28.0°C
"Chicago, US",2026-09-03,32.4,32,mean,32.5,F,-0.1,LOSS,90-91°F
"Chicago, US",2026-09-03,31.46,31,modifisert,32.5,F,-1.04,LOSS,90-91°F
"Chicago, US",2026-09-03,32.4,30,p5,32.5,F,-0.1,LOSS,90-91°F
"Chicago, US",2026-09-03,32.4,30,sigma,32.5,F,-0.1,LOSS,90-91°F
"Chongqing, CN",2026-09-03,32.5,32,mean,33.0,C,-0.5,LOSS,33.0°C
"Chongqing, CN",2026-09-03,33.0,35,modifisert,33.0,C,0.0,LOSS,33.0°C
"Chongqing, CN",2026-09-03,32.5,31,p5,33.0,C,-0.5,LOSS,33.0°C
"Chongqing, CN",2026-09-03,32.5,31,sigma,33.0,C,-0.5,LOSS,33.0°C
"Dallas, US",2026-09-03,31.6,32,mean,32.5,F,-0.9,LOSS,90-91°F
"Dallas, US",2026-09-03,32.35,31,modifisert,32.5,F,-0.15,LOSS,90-91°F
"Dallas, US",2026-09-03,31.6,28,p5,32.5,F,-0.9,LOSS,90-91°F
"Dallas, US",2026-09-03,31.6,31,sigma,32.5,F,-0.9,LOSS,90-91°F
"Denver, US",2026-09-03,32.6,33,mean,33.61,F,-1.01,LOSS,92-93°F
"Denver, US",2026-09-03,32.4,34,modifisert,33.61,F,-1.21,LOSS,92-93°F
"Denver, US",2026-09-03,32.6,31,p5,33.61,F,-1.01,LOSS,92-93°F
"Denver, US",2026-09-03,32.6,31,sigma,33.61,F,-1.01,LOSS,92-93°F
"Guangzhou, CN",2026-09-03,29.6,30,mean,32.0,C,-2.4,LOSS,32.0°C
"Guangzhou, CN",2026-09-03,29.6,32,modifisert,32.0,C,-2.4,WIN,32.0°C
"Guangzhou, CN",2026-09-03,29.6,28,p5,32.0,C,-2.4,LOSS,32.0°C
"Guangzhou, CN",2026-09-03,29.6,28,sigma,32.0,C,-2.4,LOSS,32.0°C
"Helsinki, FI",2026-09-03,17.7,18,mean,19.0,C,-1.3,LOSS,19.0°C
"Helsinki, FI",2026-09-03,18.04,19,modifisert,19.0,C,-0.96,WIN,19.0°C
"Helsinki, FI",2026-09-03,17.7,17,p5,19.0,C,-1.3,LOSS,19.0°C
"Helsinki, FI",2026-09-03,17.7,16,sigma,19.0,C,-1.3,LOSS,19.0°C
"Hong Kong, HK",2026-09-03,30.2,30,mean,30.0,C,0.2,WIN,30.0°C
"Hong Kong, HK",2026-09-03,29.7,31,modifisert,30.0,C,-0.3,LOSS,30.0°C
"Hong Kong, HK",2026-09-03,30.2,28,p5,30.0,C,0.2,LOSS,30.0°C
"Hong Kong, HK",2026-09-03,30.2,28,sigma,30.0,C,0.2,LOSS,30.0°C
"Houston, US",2026-09-03,31.6,32,mean,33.61,F,-2.01,LOSS,92-93°F
"Houston, US",2026-09-03,32.38,33,modifisert,33.61,F,-1.23,LOSS,92-93°F
"Houston, US",2026-09-03,31.6,29,p5,33.61,F,-2.01,LOSS,92-93°F
"Houston, US",2026-09-03,31.6,31,sigma,33.61,F,-2.01,LOSS,92-93°F
"Istanbul, TR",2026-09-03,25.5,26,mean,25.0,C,0.5,LOSS,25.0°C
"Istanbul, TR",2026-09-03,25.98,26,modifisert,25.0,C,0.98,LOSS,25.0°C
"Istanbul, TR",2026-09-03,25.5,23,p5,25.0,C,0.5,LOSS,25.0°C
"Istanbul, TR",2026-09-03,25.5,23,sigma,25.0,C,0.5,LOSS,25.0°C
"Jeddah, SA",2026-09-03,38.3,38,mean,37.0,C,1.3,LOSS,37.0°C
"Jeddah, SA",2026-09-03,38.1,38,modifisert,37.0,C,1.1,LOSS,37.0°C
"Jeddah, SA",2026-09-03,38.3,35,p5,37.0,C,1.3,LOSS,37.0°C
"Jeddah, SA",2026-09-03,38.3,35,sigma,37.0,C,1.3,LOSS,37.0°C
"Jinan, CN",2026-09-03,30.8,31,mean,,C,,WIN,26°C or higher
"Jinan, CN",2026-09-03,30.8,30,modifisert,,C,,WIN,26°C or higher
"Jinan, CN",2026-09-03,30.8,29,p5,,C,,WIN,26°C or higher
"Jinan, CN",2026-09-03,30.8,30,sigma,,C,,WIN,26°C or higher
"Karachi, PK",2026-09-03,31.2,31,mean,32.0,C,-0.8,LOSS,32.0°C
"Karachi, PK",2026-09-03,31.64,31,modifisert,32.0,C,-0.36,LOSS,32.0°C
"Karachi, PK",2026-09-03,31.2,30,p5,32.0,C,-0.8,LOSS,32.0°C
"Karachi, PK",2026-09-03,31.2,29,sigma,32.0,C,-0.8,LOSS,32.0°C
"Kuala Lumpur, MY",2026-09-03,31.5,32,mean,33.0,C,-1.5,LOSS,33.0°C
"Kuala Lumpur, MY",2026-09-03,31.84,34,modifisert,33.0,C,-1.16,LOSS,33.0°C
"Kuala Lumpur, MY",2026-09-03,31.5,30,p5,33.0,C,-1.5,LOSS,33.0°C
"Kuala Lumpur, MY",2026-09-03,31.5,29,sigma,33.0,C,-1.5,LOSS,33.0°C
"London, UK",2026-09-03,24.9,25,mean,26.0,C,-1.1,LOSS,26.0°C
"London, UK",2026-09-03,25.29,26,modifisert,26.0,C,-0.71,WIN,26.0°C
"London, UK",2026-09-03,24.9,23,p5,26.0,C,-1.1,LOSS,26.0°C
"London, UK",2026-09-03,24.9,23,sigma,26.0,C,-1.1,LOSS,26.0°C
"Los Angeles, US",2026-09-03,26.0,26,mean,24.72,F,1.28,LOSS,76-77°F
"Los Angeles, US",2026-09-03,25.04,24,modifisert,24.72,F,0.32,LOSS,76-77°F
"Los Angeles, US",2026-09-03,26.0,24,p5,24.72,F,1.28,LOSS,76-77°F
"Los Angeles, US",2026-09-03,26.0,25,sigma,24.72,F,1.28,WIN,76-77°F
"Lucknow, IN",2026-09-03,29.4,29,mean,30.0,C,-0.6,LOSS,30.0°C
"Lucknow, IN",2026-09-03,29.51,30,modifisert,30.0,C,-0.49,WIN,30.0°C
"Lucknow, IN",2026-09-03,29.4,28,p5,30.0,C,-0.6,LOSS,30.0°C
"Lucknow, IN",2026-09-03,29.4,28,sigma,30.0,C,-0.6,LOSS,30.0°C
"Madrid, ES",2026-09-03,37.4,37,mean,38.0,C,-0.6,LOSS,38.0°C
"Madrid, ES",2026-09-03,37.64,39,modifisert,38.0,C,-0.36,LOSS,38.0°C
"Madrid, ES",2026-09-03,37.4,37,p5,38.0,C,-0.6,LOSS,38.0°C
"Madrid, ES",2026-09-03,37.4,37,sigma,38.0,C,-0.6,LOSS,38.0°C
"Manila, PH",2026-09-03,29.5,30,mean,32.0,C,-2.5,LOSS,32.0°C
"Manila, PH",2026-09-03,30.67,31,modifisert,32.0,C,-1.33,LOSS,32.0°C
"Manila, PH",2026-09-03,29.5,28,p5,32.0,C,-2.5,LOSS,32.0°C
"Manila, PH",2026-09-03,29.5,28,sigma,32.0,C,-2.5,LOSS,32.0°C
"Mexico City, MX",2026-09-03,25.4,25,mean,26.0,C,-0.6,LOSS,26.0°C
"Mexico City, MX",2026-09-03,25.72,26,modifisert,26.0,C,-0.28,WIN,26.0°C
"Mexico City, MX",2026-09-03,25.4,23,p5,26.0,C,-0.6,LOSS,26.0°C
"Mexico City, MX",2026-09-03,25.4,25,sigma,26.0,C,-0.6,LOSS,26.0°C
"Miami, US",2026-09-03,31.8,32,mean,33.61,F,-1.81,LOSS,92-93°F
"Miami, US",2026-09-03,31.85,33,modifisert,33.61,F,-1.76,LOSS,92-93°F
"Miami, US",2026-09-03,31.8,30,p5,33.61,F,-1.81,LOSS,92-93°F
"Miami, US",2026-09-03,31.8,31,sigma,33.61,F,-1.81,LOSS,92-93°F
"Milan, IT",2026-09-03,30.4,30,mean,31.0,C,-0.6,LOSS,31.0°C
"Milan, IT",2026-09-03,31.29,32,modifisert,31.0,C,0.29,LOSS,31.0°C
"Milan, IT",2026-09-03,30.4,28,p5,31.0,C,-0.6,LOSS,31.0°C
"Milan, IT",2026-09-03,30.4,29,sigma,31.0,C,-0.6,LOSS,31.0°C
"Moscow, RU",2026-09-03,19.3,19,mean,19.0,C,0.3,WIN,19.0°C
"Moscow, RU",2026-09-03,19.38,20,modifisert,19.0,C,0.38,LOSS,19.0°C
"Moscow, RU",2026-09-03,19.3,18,p5,19.0,C,0.3,LOSS,19.0°C
"Moscow, RU",2026-09-03,19.3,18,sigma,19.0,C,0.3,LOSS,19.0°C
"Munich, DE",2026-09-03,24.0,24,mean,25.0,C,-1.0,LOSS,25.0°C
"Munich, DE",2026-09-03,24.3,26,modifisert,25.0,C,-0.7,LOSS,25.0°C
"Munich, DE",2026-09-03,24.0,23,p5,25.0,C,-1.0,LOSS,25.0°C
"Munich, DE",2026-09-03,24.0,23,sigma,25.0,C,-1.0,LOSS,25.0°C
"New York, US",2026-09-03,29.6,30,mean,30.28,F,-0.68,WIN,86-87°F
"New York, US",2026-09-03,30.43,30,modifisert,30.28,F,0.15,WIN,86-87°F
"New York, US",2026-09-03,29.6,28,p5,30.28,F,-0.68,LOSS,86-87°F
"New York, US",2026-09-03,29.6,28,sigma,30.28,F,-0.68,LOSS,86-87°F
"Panama City, PA",2026-09-03,30.5,30,mean,,C,,LOSS,33°C or higher
"Panama City, PA",2026-09-03,30.5,32,modifisert,,C,,LOSS,33°C or higher
"Panama City, PA",2026-09-03,30.5,28,p5,,C,,LOSS,33°C or higher
"Panama City, PA",2026-09-03,30.5,28,sigma,,C,,LOSS,33°C or higher
"Paris, FR",2026-09-03,26.5,26,mean,27.0,C,-0.5,LOSS,27.0°C
"Paris, FR",2026-09-03,26.46,26,modifisert,27.0,C,-0.54,LOSS,27.0°C
"Paris, FR",2026-09-03,26.5,25,p5,27.0,C,-0.5,LOSS,27.0°C
"Paris, FR",2026-09-03,26.5,24,sigma,27.0,C,-0.5,LOSS,27.0°C
"Qingdao, CN",2026-09-03,30.6,31,mean,30.0,C,0.6,LOSS,30.0°C
"Qingdao, CN",2026-09-03,30.44,31,modifisert,30.0,C,0.44,LOSS,30.0°C
"Qingdao, CN",2026-09-03,30.6,29,p5,30.0,C,0.6,LOSS,30.0°C
"Qingdao, CN",2026-09-03,30.6,29,sigma,30.0,C,0.6,LOSS,30.0°C
"San Francisco, US",2026-09-03,20.8,21,mean,21.39,F,-0.59,LOSS,70-71°F
"San Francisco, US",2026-09-03,21.22,22,modifisert,21.39,F,-0.17,LOSS,70-71°F
"San Francisco, US",2026-09-03,20.8,19,p5,21.39,F,-0.59,LOSS,70-71°F
"San Francisco, US",2026-09-03,20.8,19,sigma,21.39,F,-0.59,LOSS,70-71°F
"Sao Paulo, BR",2026-09-03,26.3,26,mean,29.0,C,-2.7,LOSS,29.0°C
"Sao Paulo, BR",2026-09-03,27.37,28,modifisert,29.0,C,-1.63,LOSS,29.0°C
"Sao Paulo, BR",2026-09-03,26.3,25,p5,29.0,C,-2.7,LOSS,29.0°C
"Sao Paulo, BR",2026-09-03,26.3,25,sigma,29.0,C,-2.7,LOSS,29.0°C
"Seattle, US",2026-09-03,17.9,18,mean,20.28,F,-2.38,LOSS,68-69°F
"Seattle, US",2026-09-03,19.04,20,modifisert,20.28,F,-1.24,WIN,68-69°F
"Seattle, US",2026-09-03,17.9,17,p5,20.28,F,-2.38,LOSS,68-69°F
"Seattle, US",2026-09-03,17.9,16,sigma,20.28,F,-2.38,LOSS,68-69°F
"Seoul (Incheon), KR",2026-09-03,28.9,29,mean,31.0,C,-2.1,LOSS,31.0°C
"Seoul (Incheon), KR",2026-09-03,29.44,31,modifisert,31.0,C,-1.56,WIN,31.0°C
"Seoul (Incheon), KR",2026-09-03,28.9,27,p5,31.0,C,-2.1,LOSS,31.0°C
"Seoul (Incheon), KR",2026-09-03,28.9,27,sigma,31.0,C,-2.1,LOSS,31.0°C
"Shanghai, CN",2026-09-03,29.3,29,mean,31.0,C,-1.7,LOSS,31.0°C
"Shanghai, CN",2026-09-03,30.0,32,modifisert,31.0,C,-1.0,LOSS,31.0°C
"Shanghai, CN",2026-09-03,29.3,28,p5,31.0,C,-1.7,LOSS,31.0°C
"Shanghai, CN",2026-09-03,29.3,28,sigma,31.0,C,-1.7,LOSS,31.0°C
"Shenzhen, CN",2026-09-03,30.3,30,mean,30.0,C,0.3,WIN,30.0°C
"Shenzhen, CN",2026-09-03,30.31,31,modifisert,30.0,C,0.31,LOSS,30.0°C
"Shenzhen, CN",2026-09-03,30.3,29,p5,30.0,C,0.3,LOSS,30.0°C
"Shenzhen, CN",2026-09-03,30.3,28,sigma,30.0,C,0.3,LOSS,30.0°C
"Singapore, SG",2026-09-03,32.2,32,mean,33.0,C,-0.8,LOSS,33.0°C
"Singapore, SG",2026-09-03,32.65,33,modifisert,33.0,C,-0.35,WIN,33.0°C
"Singapore, SG",2026-09-03,32.2,31,p5,33.0,C,-0.8,LOSS,33.0°C
"Singapore, SG",2026-09-03,32.2,30,sigma,33.0,C,-0.8,LOSS,33.0°C
"Taipei, TW",2026-09-03,28.6,29,mean,30.0,C,-1.4,LOSS,30.0°C
"Taipei, TW",2026-09-03,28.6,31,modifisert,30.0,C,-1.4,LOSS,30.0°C
"Taipei, TW",2026-09-03,28.6,27,p5,30.0,C,-1.4,LOSS,30.0°C
"Taipei, TW",2026-09-03,28.6,27,sigma,30.0,C,-1.4,LOSS,30.0°C
"Tel Aviv, IL",2026-09-03,33.0,33,mean,32.0,C,1.0,LOSS,32.0°C
"Tel Aviv, IL",2026-09-03,32.63,32,modifisert,32.0,C,0.63,WIN,32.0°C
"Tel Aviv, IL",2026-09-03,33.0,32,p5,32.0,C,1.0,WIN,32.0°C
"Tel Aviv, IL",2026-09-03,33.0,32,sigma,32.0,C,1.0,WIN,32.0°C
"Tokyo, JP",2026-09-03,31.1,31,mean,31.0,C,0.1,WIN,31.0°C
"Tokyo, JP",2026-09-03,30.57,31,modifisert,31.0,C,-0.43,WIN,31.0°C
"Tokyo, JP",2026-09-03,31.1,29,p5,31.0,C,0.1,LOSS,31.0°C
"Tokyo, JP",2026-09-03,31.1,30,sigma,31.0,C,0.1,LOSS,31.0°C
"Toronto, CA",2026-09-03,28.2,28,mean,29.0,C,-0.8,LOSS,29.0°C
"Toronto, CA",2026-09-03,28.56,29,modifisert,29.0,C,-0.44,WIN,29.0°C
"Toronto, CA",2026-09-03,28.2,26,p5,29.0,C,-0.8,LOSS,29.0°C
"Toronto, CA",2026-09-03,28.2,26,sigma,29.0,C,-0.8,LOSS,29.0°C
"Warsaw, PL",2026-09-03,22.6,23,mean,23.0,C,-0.4,WIN,23.0°C
"Warsaw, PL",2026-09-03,22.99,23,modifisert,23.0,C,-0.01,WIN,23.0°C
"Warsaw, PL",2026-09-03,22.6,21,p5,23.0,C,-0.4,LOSS,23.0°C
"Warsaw, PL",2026-09-03,22.6,20,sigma,23.0,C,-0.4,LOSS,23.0°C
"Wellington, NZ",2026-09-03,15.3,15,mean,17.0,C,-1.7,LOSS,17.0°C
"Wellington, NZ",2026-09-03,16.01,17,modifisert,17.0,C,-0.99,WIN,17.0°C
"Wellington, NZ",2026-09-03,15.3,14,p5,17.0,C,-1.7,LOSS,17.0°C
"Wellington, NZ",2026-09-03,15.3,14,sigma,17.0,C,-1.7,LOSS,17.0°C
"Wuhan, CN",2026-09-03,27.6,28,mean,27.0,C,0.6,LOSS,27.0°C
"Wuhan, CN",2026-09-03,28.3,29,modifisert,27.0,C,1.3,LOSS,27.0°C
"Wuhan, CN",2026-09-03,27.6,24,p5,27.0,C,0.6,LOSS,27.0°C
"Wuhan, CN",2026-09-03,27.6,24,sigma,27.0,C,0.6,LOSS,27.0°C
"Zhengzhou, CN",2026-09-03,28.0,28,mean,29.0,C,-1.0,LOSS,29.0°C
"Zhengzhou, CN",2026-09-03,28.34,29,modifisert,29.0,C,-0.66,WIN,29.0°C
"Zhengzhou, CN",2026-09-03,28.0,26,p5,29.0,C,-1.0,LOSS,29.0°C
"Zhengzhou, CN",2026-09-03,28.0,26,sigma,29.0,C,-1.0,LOSS,29.0°C
"Amsterdam, NL",2026-09-04,20.9,21,mean,22.0,C,-1.1,LOSS,22.0°C
"Amsterdam, NL",2026-09-04,21.09,22,modifisert,22.0,C,-0.91,WIN,22.0°C
"Amsterdam, NL",2026-09-04,20.9,20,p5,22.0,C,-1.1,LOSS,22.0°C
"Amsterdam, NL",2026-09-04,20.9,20,sigma,22.0,C,-1.1,LOSS,22.0°C
"Ankara, TR",2026-09-04,27.0,27,mean,29.0,C,-2.0,LOSS,29.0°C
"Ankara, TR",2026-09-04,27.66,28,modifisert,29.0,C,-1.34,LOSS,29.0°C
"Ankara, TR",2026-09-04,27.0,25,p5,29.0,C,-2.0,LOSS,29.0°C
"Ankara, TR",2026-09-04,27.0,25,sigma,29.0,C,-2.0,LOSS,29.0°C
"Atlanta, US",2026-09-04,34.1,34,mean,34.72,F,-0.62,LOSS,94-95°F
"Atlanta, US",2026-09-04,34.34,35,modifisert,34.72,F,-0.38,WIN,94-95°F
"Atlanta, US",2026-09-04,34.1,33,p5,34.72,F,-0.62,LOSS,94-95°F
"Atlanta, US",2026-09-04,34.1,33,sigma,34.72,F,-0.62,LOSS,94-95°F
"Austin, US",2026-09-04,33.4,33,mean,34.72,F,-1.32,LOSS,94-95°F
"Austin, US",2026-09-04,33.81,35,modifisert,34.72,F,-0.91,WIN,94-95°F
"Austin, US",2026-09-04,33.4,30,p5,34.72,F,-1.32,LOSS,94-95°F
"Austin, US",2026-09-04,33.4,30,sigma,34.72,F,-1.32,LOSS,94-95°F
"Beijing, CN",2026-09-04,32.3,32,mean,33.0,C,-0.7,LOSS,33.0°C
"Beijing, CN",2026-09-04,32.57,33,modifisert,33.0,C,-0.43,WIN,33.0°C
"Beijing, CN",2026-09-04,32.3,31,p5,33.0,C,-0.7,LOSS,33.0°C
"Beijing, CN",2026-09-04,32.3,31,sigma,33.0,C,-0.7,LOSS,33.0°C
"Buenos Aires, AR",2026-09-04,16.8,17,mean,18.0,C,-1.2,LOSS,18.0°C
"Buenos Aires, AR",2026-09-04,17.03,18,modifisert,18.0,C,-0.97,WIN,18.0°C
"Buenos Aires, AR",2026-09-04,16.8,16,p5,18.0,C,-1.2,LOSS,18.0°C
"Buenos Aires, AR",2026-09-04,16.8,16,sigma,18.0,C,-1.2,LOSS,18.0°C
"Busan, KR",2026-09-04,27.6,28,mean,29.0,C,-1.4,LOSS,29.0°C
"Busan, KR",2026-09-04,27.5,29,modifisert,29.0,C,-1.5,WIN,29.0°C
"Busan, KR",2026-09-04,27.6,26,p5,29.0,C,-1.4,LOSS,29.0°C
"Busan, KR",2026-09-04,27.6,26,sigma,29.0,C,-1.4,LOSS,29.0°C
"Cape Town, ZA",2026-09-04,19.8,20,mean,20.0,C,-0.2,WIN,20.0°C
"Cape Town, ZA",2026-09-04,20.94,22,modifisert,20.0,C,0.94,LOSS,20.0°C
"Cape Town, ZA",2026-09-04,19.8,18,p5,20.0,C,-0.2,LOSS,20.0°C
"Cape Town, ZA",2026-09-04,19.8,19,sigma,20.0,C,-0.2,LOSS,20.0°C
"Chengdu, CN",2026-09-04,31.5,32,mean,34.0,C,-2.5,LOSS,34.0°C
"Chengdu, CN",2026-09-04,31.45,32,modifisert,34.0,C,-2.55,LOSS,34.0°C
"Chengdu, CN",2026-09-04,31.5,30,p5,34.0,C,-2.5,LOSS,34.0°C
"Chengdu, CN",2026-09-04,31.5,30,sigma,34.0,C,-2.5,LOSS,34.0°C
"Chicago, US",2026-09-04,33.5,34,mean,33.61,F,-0.11,LOSS,92-93°F
"Chicago, US",2026-09-04,32.74,32,modifisert,33.61,F,-0.87,LOSS,92-93°F
"Chicago, US",2026-09-04,33.5,30,p5,33.61,F,-0.11,LOSS,92-93°F
"Chicago, US",2026-09-04,33.5,31,sigma,33.61,F,-0.11,LOSS,92-93°F
"Chongqing, CN",2026-09-04,32.7,33,mean,34.0,C,-1.3,LOSS,34.0°C
"Chongqing, CN",2026-09-04,32.8,35,modifisert,34.0,C,-1.2,LOSS,34.0°C
"Chongqing, CN",2026-09-04,32.7,32,p5,34.0,C,-1.3,LOSS,34.0°C
"Chongqing, CN",2026-09-04,32.7,31,sigma,34.0,C,-1.3,LOSS,34.0°C
"Dallas, US",2026-09-04,35.9,36,mean,36.94,F,-1.04,LOSS,98-99°F
"Dallas, US",2026-09-04,36.38,35,modifisert,36.94,F,-0.56,LOSS,98-99°F
"Dallas, US",2026-09-04,35.9,35,p5,36.94,F,-1.04,LOSS,98-99°F
"Dallas, US",2026-09-04,35.9,35,sigma,36.94,F,-1.04,LOSS,98-99°F
"Denver, US",2026-09-04,33.0,33,mean,33.61,F,-0.61,LOSS,92-93°F
"Denver, US",2026-09-04,33.33,35,modifisert,33.61,F,-0.28,LOSS,92-93°F
"Denver, US",2026-09-04,33.0,32,p5,33.61,F,-0.61,LOSS,92-93°F
"Denver, US",2026-09-04,33.0,32,sigma,33.61,F,-0.61,LOSS,92-93°F
"Guangzhou, CN",2026-09-04,27.5,28,mean,28.0,C,-0.5,WIN,28.0°C
"Guangzhou, CN",2026-09-04,27.5,30,modifisert,28.0,C,-0.5,LOSS,28.0°C
"Guangzhou, CN",2026-09-04,27.5,25,p5,28.0,C,-0.5,LOSS,28.0°C
"Guangzhou, CN",2026-09-04,27.5,26,sigma,28.0,C,-0.5,LOSS,28.0°C
"Helsinki, FI",2026-09-04,17.3,17,mean,18.0,C,-0.7,LOSS,18.0°C
"Helsinki, FI",2026-09-04,17.45,18,modifisert,18.0,C,-0.55,WIN,18.0°C
"Helsinki, FI",2026-09-04,17.3,16,p5,18.0,C,-0.7,LOSS,18.0°C
"Helsinki, FI",2026-09-04,17.3,15,sigma,18.0,C,-0.7,LOSS,18.0°C
"Hong Kong, HK",2026-09-04,29.5,30,mean,31.0,C,-1.5,LOSS,31.0°C
"Hong Kong, HK",2026-09-04,29.49,30,modifisert,31.0,C,-1.51,LOSS,31.0°C
"Hong Kong, HK",2026-09-04,29.5,28,p5,31.0,C,-1.5,LOSS,31.0°C
"Hong Kong, HK",2026-09-04,29.5,28,sigma,31.0,C,-1.5,LOSS,31.0°C
"Houston, US",2026-09-04,32.2,32,mean,32.5,F,-0.3,LOSS,90-91°F
"Houston, US",2026-09-04,32.76,33,modifisert,32.5,F,0.26,LOSS,90-91°F
"Houston, US",2026-09-04,32.2,30,p5,32.5,F,-0.3,LOSS,90-91°F
"Houston, US",2026-09-04,32.2,32,sigma,32.5,F,-0.3,LOSS,90-91°F
"Istanbul, TR",2026-09-04,25.5,26,mean,26.0,C,-0.5,WIN,26.0°C
"Istanbul, TR",2026-09-04,26.23,27,modifisert,26.0,C,0.23,LOSS,26.0°C
"Istanbul, TR",2026-09-04,25.5,23,p5,26.0,C,-0.5,LOSS,26.0°C
"Istanbul, TR",2026-09-04,25.5,23,sigma,26.0,C,-0.5,LOSS,26.0°C
"Jeddah, SA",2026-09-04,37.5,38,mean,37.0,C,0.5,LOSS,37.0°C
"Jeddah, SA",2026-09-04,37.28,37,modifisert,37.0,C,0.28,WIN,37.0°C
"Jeddah, SA",2026-09-04,37.5,35,p5,37.0,C,0.5,LOSS,37.0°C
"Jeddah, SA",2026-09-04,37.5,34,sigma,37.0,C,0.5,LOSS,37.0°C
"Jinan, CN",2026-09-04,31.6,32,mean,,C,,WIN,26°C or higher
"Jinan, CN",2026-09-04,31.6,31,modifisert,,C,,WIN,26°C or higher
"Jinan, CN",2026-09-04,31.6,30,p5,,C,,WIN,26°C or higher
"Jinan, CN",2026-09-04,31.6,30,sigma,,C,,WIN,26°C or higher
"Karachi, PK",2026-09-04,31.6,32,mean,31.0,C,0.6,LOSS,31.0°C
"Karachi, PK",2026-09-04,31.21,31,modifisert,31.0,C,0.21,WIN,31.0°C
"Karachi, PK",2026-09-04,31.6,30,p5,31.0,C,0.6,LOSS,31.0°C
"Karachi, PK",2026-09-04,31.6,29,sigma,31.0,C,0.6,LOSS,31.0°C
"Kuala Lumpur, MY",2026-09-04,32.4,32,mean,34.0,C,-1.6,LOSS,34.0°C
"Kuala Lumpur, MY",2026-09-04,34.14,34,modifisert,34.0,C,0.14,WIN,34.0°C
"Kuala Lumpur, MY",2026-09-04,32.4,30,p5,34.0,C,-1.6,LOSS,34.0°C
"Kuala Lumpur, MY",2026-09-04,32.4,30,sigma,34.0,C,-1.6,LOSS,34.0°C
"London, UK",2026-09-04,21.3,21,mean,22.0,C,-0.7,LOSS,22.0°C
"London, UK",2026-09-04,21.16,22,modifisert,22.0,C,-0.84,WIN,22.0°C
"London, UK",2026-09-04,21.3,20,p5,22.0,C,-0.7,LOSS,22.0°C
"London, UK",2026-09-04,21.3,20,sigma,22.0,C,-0.7,LOSS,22.0°C
"Los Angeles, US",2026-09-04,26.4,26,mean,24.72,F,1.68,LOSS,76-77°F
"Los Angeles, US",2026-09-04,25.3,25,modifisert,24.72,F,0.58,WIN,76-77°F
"Los Angeles, US",2026-09-04,26.4,24,p5,24.72,F,1.68,LOSS,76-77°F
"Los Angeles, US",2026-09-04,26.4,25,sigma,24.72,F,1.68,WIN,76-77°F
"Lucknow, IN",2026-09-04,30.8,31,mean,31.0,C,-0.2,WIN,31.0°C
"Lucknow, IN",2026-09-04,30.69,31,modifisert,31.0,C,-0.31,WIN,31.0°C
"Lucknow, IN",2026-09-04,30.8,30,p5,31.0,C,-0.2,LOSS,31.0°C
"Lucknow, IN",2026-09-04,30.8,30,sigma,31.0,C,-0.2,LOSS,31.0°C
"Madrid, ES",2026-09-04,38.3,38,mean,38.0,C,0.3,WIN,38.0°C
"Madrid, ES",2026-09-04,38.47,39,modifisert,38.0,C,0.47,LOSS,38.0°C
"Madrid, ES",2026-09-04,38.3,37,p5,38.0,C,0.3,LOSS,38.0°C
"Madrid, ES",2026-09-04,38.3,37,sigma,38.0,C,0.3,LOSS,38.0°C
"Manila, PH",2026-09-04,29.1,29,mean,29.0,C,0.1,WIN,29.0°C
"Manila, PH",2026-09-04,28.86,30,modifisert,29.0,C,-0.14,LOSS,29.0°C
"Manila, PH",2026-09-04,29.1,28,p5,29.0,C,0.1,LOSS,29.0°C
"Manila, PH",2026-09-04,29.1,28,sigma,29.0,C,0.1,LOSS,29.0°C
"Mexico City, MX",2026-09-04,25.9,26,mean,26.0,C,-0.1,WIN,26.0°C
"Mexico City, MX",2026-09-04,26.43,27,modifisert,26.0,C,0.43,LOSS,26.0°C
"Mexico City, MX",2026-09-04,25.9,24,p5,26.0,C,-0.1,LOSS,26.0°C
"Mexico City, MX",2026-09-04,25.9,25,sigma,26.0,C,-0.1,LOSS,26.0°C
"Miami, US",2026-09-04,30.8,31,mean,32.5,F,-1.7,LOSS,90-91°F
"Miami, US",2026-09-04,30.99,32,modifisert,32.5,F,-1.51,LOSS,90-91°F
"Miami, US",2026-09-04,30.8,30,p5,32.5,F,-1.7,LOSS,90-91°F
"Miami, US",2026-09-04,30.8,29,sigma,32.5,F,-1.7,LOSS,90-91°F
"Milan, IT",2026-09-04,31.8,32,mean,33.0,C,-1.2,LOSS,33.0°C
"Milan, IT",2026-09-04,32.0,33,modifisert,33.0,C,-1.0,WIN,33.0°C
"Milan, IT",2026-09-04,31.8,30,p5,33.0,C,-1.2,LOSS,33.0°C
"Milan, IT",2026-09-04,31.8,30,sigma,33.0,C,-1.2,LOSS,33.0°C
"Moscow, RU",2026-09-04,20.4,20,mean,21.0,C,-0.6,LOSS,21.0°C
"Moscow, RU",2026-09-04,20.98,21,modifisert,21.0,C,-0.02,WIN,21.0°C
"Moscow, RU",2026-09-04,20.4,19,p5,21.0,C,-0.6,LOSS,21.0°C
"Moscow, RU",2026-09-04,20.4,19,sigma,21.0,C,-0.6,LOSS,21.0°C
"Munich, DE",2026-09-04,28.2,28,mean,30.0,C,-1.8,LOSS,30.0°C
"Munich, DE",2026-09-04,29.6,32,modifisert,30.0,C,-0.4,LOSS,30.0°C
"Munich, DE",2026-09-04,28.2,27,p5,30.0,C,-1.8,LOSS,30.0°C
"Munich, DE",2026-09-04,28.2,27,sigma,30.0,C,-1.8,LOSS,30.0°C
"New York, US",2026-09-04,29.6,30,mean,29.17,F,0.43,LOSS,84-85°F
"New York, US",2026-09-04,29.86,30,modifisert,29.17,F,0.69,LOSS,84-85°F
"New York, US",2026-09-04,29.6,28,p5,29.17,F,0.43,LOSS,84-85°F
"New York, US",2026-09-04,29.6,28,sigma,29.17,F,0.43,LOSS,84-85°F
"Panama City, PA",2026-09-04,30.7,31,mean,32.0,C,-1.3,LOSS,32.0°C
"Panama City, PA",2026-09-04,31.58,33,modifisert,32.0,C,-0.42,LOSS,32.0°C
"Panama City, PA",2026-09-04,30.7,29,p5,32.0,C,-1.3,LOSS,32.0°C
"Panama City, PA",2026-09-04,30.7,29,sigma,32.0,C,-1.3,LOSS,32.0°C
"Paris, FR",2026-09-04,27.7,28,mean,28.0,C,-0.3,WIN,28.0°C
"Paris, FR",2026-09-04,28.59,29,modifisert,28.0,C,0.59,LOSS,28.0°C
"Paris, FR",2026-09-04,27.7,25,p5,28.0,C,-0.3,LOSS,28.0°C
"Paris, FR",2026-09-04,27.7,25,sigma,28.0,C,-0.3,LOSS,28.0°C
"Qingdao, CN",2026-09-04,31.0,31,mean,32.0,C,-1.0,LOSS,32.0°C
"Qingdao, CN",2026-09-04,31.18,32,modifisert,32.0,C,-0.82,WIN,32.0°C
"Qingdao, CN",2026-09-04,31.0,30,p5,32.0,C,-1.0,LOSS,32.0°C
"Qingdao, CN",2026-09-04,31.0,30,sigma,32.0,C,-1.0,LOSS,32.0°C
"San Francisco, US",2026-09-04,20.5,20,mean,21.39,F,-0.89,LOSS,70-71°F
"San Francisco, US",2026-09-04,21.05,22,modifisert,21.39,F,-0.34,LOSS,70-71°F
"San Francisco, US",2026-09-04,20.5,18,p5,21.39,F,-0.89,LOSS,70-71°F
"San Francisco, US",2026-09-04,20.5,18,sigma,21.39,F,-0.89,LOSS,70-71°F
"Sao Paulo, BR",2026-09-04,28.8,29,mean,31.0,C,-2.2,LOSS,31.0°C
"Sao Paulo, BR",2026-09-04,30.07,31,modifisert,31.0,C,-0.93,WIN,31.0°C
"Sao Paulo, BR",2026-09-04,28.8,27,p5,31.0,C,-2.2,LOSS,31.0°C
"Sao Paulo, BR",2026-09-04,28.8,27,sigma,31.0,C,-2.2,LOSS,31.0°C
"Seattle, US",2026-09-04,19.6,20,mean,20.28,F,-0.68,WIN,68-69°F
"Seattle, US",2026-09-04,20.67,21,modifisert,20.28,F,0.39,LOSS,68-69°F
"Seattle, US",2026-09-04,19.6,18,p5,20.28,F,-0.68,LOSS,68-69°F
"Seattle, US",2026-09-04,19.6,18,sigma,20.28,F,-0.68,LOSS,68-69°F
"Seoul (Incheon), KR",2026-09-04,28.4,28,mean,30.0,C,-1.6,LOSS,30.0°C
"Seoul (Incheon), KR",2026-09-04,29.31,31,modifisert,30.0,C,-0.69,LOSS,30.0°C
"Seoul (Incheon), KR",2026-09-04,28.4,26,p5,30.0,C,-1.6,LOSS,30.0°C
"Seoul (Incheon), KR",2026-09-04,28.4,26,sigma,30.0,C,-1.6,LOSS,30.0°C
"Shanghai, CN",2026-09-04,29.7,30,mean,31.0,C,-1.3,LOSS,31.0°C
"Shanghai, CN",2026-09-04,29.7,31,modifisert,31.0,C,-1.3,WIN,31.0°C
"Shanghai, CN",2026-09-04,29.7,28,p5,31.0,C,-1.3,LOSS,31.0°C
"Shanghai, CN",2026-09-04,29.7,28,sigma,31.0,C,-1.3,LOSS,31.0°C
"Shenzhen, CN",2026-09-04,29.4,29,mean,30.0,C,-0.6,LOSS,30.0°C
"Shenzhen, CN",2026-09-04,29.38,30,modifisert,30.0,C,-0.62,WIN,30.0°C
"Shenzhen, CN",2026-09-04,29.4,28,p5,30.0,C,-0.6,LOSS,30.0°C
"Shenzhen, CN",2026-09-04,29.4,27,sigma,30.0,C,-0.6,LOSS,30.0°C
"Singapore, SG",2026-09-04,31.7,32,mean,33.0,C,-1.3,LOSS,33.0°C
"Singapore, SG",2026-09-04,32.4,33,modifisert,33.0,C,-0.6,WIN,33.0°C
"Singapore, SG",2026-09-04,31.7,30,p5,33.0,C,-1.3,LOSS,33.0°C
"Singapore, SG",2026-09-04,31.7,30,sigma,33.0,C,-1.3,LOSS,33.0°C
"Taipei, TW",2026-09-04,27.2,27,mean,27.0,C,0.2,WIN,27.0°C
"Taipei, TW",2026-09-04,27.2,30,modifisert,27.0,C,0.2,LOSS,27.0°C
"Taipei, TW",2026-09-04,27.2,26,p5,27.0,C,0.2,LOSS,27.0°C
"Taipei, TW",2026-09-04,27.2,25,sigma,27.0,C,0.2,LOSS,27.0°C
"Tel Aviv, IL",2026-09-04,32.7,33,mean,32.0,C,0.7,LOSS,32.0°C
"Tel Aviv, IL",2026-09-04,32.27,31,modifisert,32.0,C,0.27,LOSS,32.0°C
"Tel Aviv, IL",2026-09-04,32.7,31,p5,32.0,C,0.7,LOSS,32.0°C
"Tel Aviv, IL",2026-09-04,32.7,32,sigma,32.0,C,0.7,WIN,32.0°C
"Tokyo, JP",2026-09-04,26.6,27,mean,27.0,C,-0.4,WIN,27.0°C
"Tokyo, JP",2026-09-04,26.82,27,modifisert,27.0,C,-0.18,WIN,27.0°C
"Tokyo, JP",2026-09-04,26.6,24,p5,27.0,C,-0.4,LOSS,27.0°C
"Tokyo, JP",2026-09-04,26.6,26,sigma,27.0,C,-0.4,LOSS,27.0°C
"Toronto, CA",2026-09-04,25.1,25,mean,25.0,C,0.1,WIN,25.0°C
"Toronto, CA",2026-09-04,25.65,26,modifisert,25.0,C,0.65,LOSS,25.0°C
"Toronto, CA",2026-09-04,25.1,23,p5,25.0,C,0.1,LOSS,25.0°C
"Toronto, CA",2026-09-04,25.1,23,sigma,25.0,C,0.1,LOSS,25.0°C
"Warsaw, PL",2026-09-04,22.2,22,mean,22.0,C,0.2,WIN,22.0°C
"Warsaw, PL",2026-09-04,22.8,23,modifisert,22.0,C,0.8,LOSS,22.0°C
"Warsaw, PL",2026-09-04,22.2,21,p5,22.0,C,0.2,LOSS,22.0°C
"Warsaw, PL",2026-09-04,22.2,20,sigma,22.0,C,0.2,LOSS,22.0°C
"Wellington, NZ",2026-09-04,16.1,16,mean,18.0,C,-1.9,LOSS,18.0°C
"Wellington, NZ",2026-09-04,16.58,18,modifisert,18.0,C,-1.42,WIN,18.0°C
"Wellington, NZ",2026-09-04,16.1,15,p5,18.0,C,-1.9,LOSS,18.0°C
"Wellington, NZ",2026-09-04,16.1,14,sigma,18.0,C,-1.9,LOSS,18.0°C
"Wuhan, CN",2026-09-04,29.3,29,mean,31.0,C,-1.7,LOSS,31.0°C
"Wuhan, CN",2026-09-04,29.59,30,modifisert,31.0,C,-1.41,LOSS,31.0°C
"Wuhan, CN",2026-09-04,29.3,26,p5,31.0,C,-1.7,LOSS,31.0°C
"Wuhan, CN",2026-09-04,29.3,26,sigma,31.0,C,-1.7,LOSS,31.0°C
"Zhengzhou, CN",2026-09-04,29.3,29,mean,30.0,C,-0.7,LOSS,30.0°C
"Zhengzhou, CN",2026-09-04,29.48,31,modifisert,30.0,C,-0.52,LOSS,30.0°C
"Zhengzhou, CN",2026-09-04,29.3,28,p5,30.0,C,-0.7,LOSS,30.0°C
"Zhengzhou, CN",2026-09-04,29.3,27,sigma,30.0,C,-0.7,LOSS,30.0°C
"Amsterdam, NL",2026-09-05,18.5,19,mean,20.0,C,-1.5,LOSS,20.0°C
"Amsterdam, NL",2026-09-05,18.5,19,modifisert,20.0,C,-1.5,LOSS,20.0°C
"Amsterdam, NL",2026-09-05,18.5,18,p5,20.0,C,-1.5,LOSS,20.0°C
"Amsterdam, NL",2026-09-05,18.5,19,sigma,20.0,C,-1.5,LOSS,20.0°C
"Ankara, TR",2026-09-05,27.8,28,mean,29.0,C,-1.2,LOSS,29.0°C
"Ankara, TR",2026-09-05,27.8,28,modifisert,29.0,C,-1.2,LOSS,29.0°C
"Ankara, TR",2026-09-05,27.8,27,p5,29.0,C,-1.2,LOSS,29.0°C
"Ankara, TR",2026-09-05,27.8,27,sigma,29.0,C,-1.2,LOSS,29.0°C
"Atlanta, US",2026-09-05,35.4,36,mean,35.83,F,-0.43,WIN,96-97°F
"Atlanta, US",2026-09-05,35.4,36,modifisert,35.83,F,-0.43,WIN,96-97°F
"Atlanta, US",2026-09-05,35.4,35,p5,35.83,F,-0.43,LOSS,96-97°F
"Atlanta, US",2026-09-05,35.4,35,sigma,35.83,F,-0.43,LOSS,96-97°F
"Austin, US",2026-09-05,35.0,36,mean,38.06,F,-3.06,LOSS,100-101°F
"Austin, US",2026-09-05,35.0,36,modifisert,38.06,F,-3.06,LOSS,100-101°F
"Austin, US",2026-09-05,35.0,34,p5,38.06,F,-3.06,LOSS,100-101°F
"Austin, US",2026-09-05,35.0,34,sigma,38.06,F,-3.06,LOSS,100-101°F
"Beijing, CN",2026-09-05,32.9,33,mean,33.0,C,-0.1,WIN,33.0°C
"Beijing, CN",2026-09-05,32.9,33,modifisert,33.0,C,-0.1,WIN,33.0°C
"Beijing, CN",2026-09-05,32.9,31,p5,33.0,C,-0.1,LOSS,33.0°C
"Beijing, CN",2026-09-05,32.9,31,sigma,33.0,C,-0.1,LOSS,33.0°C
"Buenos Aires, AR",2026-09-05,12.4,13,mean,13.0,C,-0.6,WIN,13.0°C
"Buenos Aires, AR",2026-09-05,12.4,13,modifisert,13.0,C,-0.6,WIN,13.0°C
"Buenos Aires, AR",2026-09-05,12.4,12,p5,13.0,C,-0.6,LOSS,13.0°C
"Buenos Aires, AR",2026-09-05,12.4,12,sigma,13.0,C,-0.6,LOSS,13.0°C
"Busan, KR",2026-09-05,28.1,28,mean,29.0,C,-0.9,LOSS,29.0°C
"Busan, KR",2026-09-05,28.1,30,modifisert,29.0,C,-0.9,LOSS,29.0°C
"Busan, KR",2026-09-05,28.1,27,p5,29.0,C,-0.9,LOSS,29.0°C
"Busan, KR",2026-09-05,28.1,27,sigma,29.0,C,-0.9,LOSS,29.0°C
"Cape Town, ZA",2026-09-05,23.3,23,mean,25.0,C,-1.7,LOSS,25.0°C
"Cape Town, ZA",2026-09-05,23.3,24,modifisert,25.0,C,-1.7,LOSS,25.0°C
"Cape Town, ZA",2026-09-05,23.3,21,p5,25.0,C,-1.7,LOSS,25.0°C
"Cape Town, ZA",2026-09-05,23.3,22,sigma,25.0,C,-1.7,LOSS,25.0°C
"Chengdu, CN",2026-09-05,32.8,33,mean,34.0,C,-1.2,LOSS,34.0°C
"Chengdu, CN",2026-09-05,32.8,34,modifisert,34.0,C,-1.2,WIN,34.0°C
"Chengdu, CN",2026-09-05,32.8,31,p5,34.0,C,-1.2,LOSS,34.0°C
"Chengdu, CN",2026-09-05,32.8,31,sigma,34.0,C,-1.2,LOSS,34.0°C
"Chicago, US",2026-09-05,26.4,27,mean,26.94,F,-0.54,WIN,80-81°F
"Chicago, US",2026-09-05,26.4,26,modifisert,26.94,F,-0.54,LOSS,80-81°F
"Chicago, US",2026-09-05,26.4,25,p5,26.94,F,-0.54,LOSS,80-81°F
"Chicago, US",2026-09-05,26.4,26,sigma,26.94,F,-0.54,LOSS,80-81°F
"Chongqing, CN",2026-09-05,33.8,34,mean,35.0,C,-1.2,LOSS,35.0°C
"Chongqing, CN",2026-09-05,33.8,36,modifisert,35.0,C,-1.2,LOSS,35.0°C
"Chongqing, CN",2026-09-05,33.8,32,p5,35.0,C,-1.2,LOSS,35.0°C
"Chongqing, CN",2026-09-05,33.8,32,sigma,35.0,C,-1.2,LOSS,35.0°C
"Dallas, US",2026-09-05,37.0,36,mean,36.94,F,0.06,LOSS,98-99°F
"Dallas, US",2026-09-05,37.0,36,modifisert,36.94,F,0.06,LOSS,98-99°F
"Dallas, US",2026-09-05,37.0,35,p5,36.94,F,0.06,LOSS,98-99°F
"Dallas, US",2026-09-05,37.0,36,sigma,36.94,F,0.06,LOSS,98-99°F
"Denver, US",2026-09-05,32.8,33,mean,34.72,F,-1.92,LOSS,94-95°F
"Denver, US",2026-09-05,32.8,34,modifisert,34.72,F,-1.92,LOSS,94-95°F
"Denver, US",2026-09-05,32.8,32,p5,34.72,F,-1.92,LOSS,94-95°F
"Denver, US",2026-09-05,32.8,32,sigma,34.72,F,-1.92,LOSS,94-95°F
"Guangzhou, CN",2026-09-05,31.8,32,mean,35.0,C,-3.2,LOSS,35.0°C
"Guangzhou, CN",2026-09-05,31.8,34,modifisert,35.0,C,-3.2,LOSS,35.0°C
"Guangzhou, CN",2026-09-05,31.8,30,p5,35.0,C,-3.2,LOSS,35.0°C
"Guangzhou, CN",2026-09-05,31.8,30,sigma,35.0,C,-3.2,LOSS,35.0°C
"Helsinki, FI",2026-09-05,17.6,18,mean,18.0,C,-0.4,WIN,18.0°C
"Helsinki, FI",2026-09-05,17.6,18,modifisert,18.0,C,-0.4,WIN,18.0°C
"Helsinki, FI",2026-09-05,17.6,16,p5,18.0,C,-0.4,LOSS,18.0°C
"Helsinki, FI",2026-09-05,17.6,17,sigma,18.0,C,-0.4,LOSS,18.0°C
"Hong Kong, HK",2026-09-05,30.1,30,mean,32.0,C,-1.9,LOSS,32.0°C
"Hong Kong, HK",2026-09-05,30.1,31,modifisert,32.0,C,-1.9,LOSS,32.0°C
"Hong Kong, HK",2026-09-05,30.1,29,p5,32.0,C,-1.9,LOSS,32.0°C
"Hong Kong, HK",2026-09-05,30.1,28,sigma,32.0,C,-1.9,LOSS,32.0°C
"Houston, US",2026-09-05,32.1,33,mean,32.5,F,-0.4,LOSS,90-91°F
"Houston, US",2026-09-05,32.1,32,modifisert,32.5,F,-0.4,LOSS,90-91°F
"Houston, US",2026-09-05,32.1,32,p5,32.5,F,-0.4,LOSS,90-91°F
"Houston, US",2026-09-05,32.1,32,sigma,32.5,F,-0.4,LOSS,90-91°F
"Istanbul, TR",2026-09-05,26.6,26,mean,26.0,C,0.6,WIN,26.0°C
"Istanbul, TR",2026-09-05,26.6,27,modifisert,26.0,C,0.6,LOSS,26.0°C
"Istanbul, TR",2026-09-05,26.6,23,p5,26.0,C,0.6,LOSS,26.0°C
"Istanbul, TR",2026-09-05,26.6,23,sigma,26.0,C,0.6,LOSS,26.0°C
"Jeddah, SA",2026-09-05,37.8,37,mean,37.0,C,0.8,WIN,37.0°C
"Jeddah, SA",2026-09-05,37.8,38,modifisert,37.0,C,0.8,LOSS,37.0°C
"Jeddah, SA",2026-09-05,37.8,34,p5,37.0,C,0.8,LOSS,37.0°C
"Jeddah, SA",2026-09-05,37.8,35,sigma,37.0,C,0.8,LOSS,37.0°C
"Jinan, CN",2026-09-05,31.6,32,mean,,C,,WIN,26°C or higher
"Jinan, CN",2026-09-05,31.6,31,modifisert,,C,,WIN,26°C or higher
"Jinan, CN",2026-09-05,31.6,29,p5,,C,,WIN,26°C or higher
"Jinan, CN",2026-09-05,31.6,30,sigma,,C,,WIN,26°C or higher
"Karachi, PK",2026-09-05,31.6,32,mean,33.0,C,-1.4,LOSS,33.0°C
"Karachi, PK",2026-09-05,31.6,31,modifisert,33.0,C,-1.4,LOSS,33.0°C
"Karachi, PK",2026-09-05,31.6,29,p5,33.0,C,-1.4,LOSS,33.0°C
"Karachi, PK",2026-09-05,31.6,29,sigma,33.0,C,-1.4,LOSS,33.0°C
"Kuala Lumpur, MY",2026-09-05,32.3,32,mean,32.0,C,0.3,WIN,32.0°C
"Kuala Lumpur, MY",2026-09-05,32.3,34,modifisert,32.0,C,0.3,LOSS,32.0°C
"Kuala Lumpur, MY",2026-09-05,32.3,30,p5,32.0,C,0.3,LOSS,32.0°C
"Kuala Lumpur, MY",2026-09-05,32.3,30,sigma,32.0,C,0.3,LOSS,32.0°C
"London, UK",2026-09-05,21.9,22,mean,23.0,C,-1.1,LOSS,23.0°C
"London, UK",2026-09-05,21.9,23,modifisert,23.0,C,-1.1,WIN,23.0°C
"London, UK",2026-09-05,21.9,21,p5,23.0,C,-1.1,LOSS,23.0°C
"London, UK",2026-09-05,21.9,21,sigma,23.0,C,-1.1,LOSS,23.0°C
"Los Angeles, US",2026-09-05,29.3,29,mean,26.94,F,2.36,LOSS,80-81°F
"Los Angeles, US",2026-09-05,29.3,26,modifisert,26.94,F,2.36,LOSS,80-81°F
"Los Angeles, US",2026-09-05,29.3,26,p5,26.94,F,2.36,LOSS,80-81°F
"Los Angeles, US",2026-09-05,29.3,29,sigma,26.94,F,2.36,LOSS,80-81°F
"Lucknow, IN",2026-09-05,31.1,32,mean,32.0,C,-0.9,WIN,32.0°C
"Lucknow, IN",2026-09-05,31.1,31,modifisert,32.0,C,-0.9,LOSS,32.0°C
"Lucknow, IN",2026-09-05,31.1,30,p5,32.0,C,-0.9,LOSS,32.0°C
"Lucknow, IN",2026-09-05,31.1,30,sigma,32.0,C,-0.9,LOSS,32.0°C
"Madrid, ES",2026-09-05,36.8,37,mean,36.0,C,0.8,LOSS,36.0°C
"Madrid, ES",2026-09-05,36.8,38,modifisert,36.0,C,0.8,LOSS,36.0°C
"Madrid, ES",2026-09-05,36.8,36,p5,36.0,C,0.8,WIN,36.0°C
"Madrid, ES",2026-09-05,36.8,36,sigma,36.0,C,0.8,WIN,36.0°C
"Manila, PH",2026-09-05,27.8,28,mean,29.0,C,-1.2,LOSS,29.0°C
"Manila, PH",2026-09-05,27.8,29,modifisert,29.0,C,-1.2,WIN,29.0°C
"Manila, PH",2026-09-05,27.8,26,p5,29.0,C,-1.2,LOSS,29.0°C
"Manila, PH",2026-09-05,27.8,26,sigma,29.0,C,-1.2,LOSS,29.0°C
"Mexico City, MX",2026-09-05,25.9,27,mean,26.0,C,-0.1,LOSS,26.0°C
"Mexico City, MX",2026-09-05,25.9,26,modifisert,26.0,C,-0.1,WIN,26.0°C
"Mexico City, MX",2026-09-05,25.9,24,p5,26.0,C,-0.1,LOSS,26.0°C
"Mexico City, MX",2026-09-05,25.9,26,sigma,26.0,C,-0.1,WIN,26.0°C
"Miami, US",2026-09-05,31.1,32,mean,32.5,F,-1.4,LOSS,90-91°F
"Miami, US",2026-09-05,31.1,32,modifisert,32.5,F,-1.4,LOSS,90-91°F
"Miami, US",2026-09-05,31.1,30,p5,32.5,F,-1.4,LOSS,90-91°F
"Miami, US",2026-09-05,31.1,30,sigma,32.5,F,-1.4,LOSS,90-91°F
"Milan, IT",2026-09-05,31.8,33,mean,32.0,C,-0.2,LOSS,32.0°C
"Milan, IT",2026-09-05,31.8,32,modifisert,32.0,C,-0.2,WIN,32.0°C
"Milan, IT",2026-09-05,31.8,31,p5,32.0,C,-0.2,LOSS,32.0°C
"Milan, IT",2026-09-05,31.8,31,sigma,32.0,C,-0.2,LOSS,32.0°C
"Moscow, RU",2026-09-05,17.7,18,mean,18.0,C,-0.3,WIN,18.0°C
"Moscow, RU",2026-09-05,17.7,18,modifisert,18.0,C,-0.3,WIN,18.0°C
"Moscow, RU",2026-09-05,17.7,17,p5,18.0,C,-0.3,LOSS,18.0°C
"Moscow, RU",2026-09-05,17.7,17,sigma,18.0,C,-0.3,LOSS,18.0°C
"Munich, DE",2026-09-05,23.9,25,mean,24.0,C,-0.1,LOSS,24.0°C
"Munich, DE",2026-09-05,23.9,26,modifisert,24.0,C,-0.1,LOSS,24.0°C
"Munich, DE",2026-09-05,23.9,25,p5,24.0,C,-0.1,LOSS,24.0°C
"Munich, DE",2026-09-05,23.9,25,sigma,24.0,C,-0.1,LOSS,24.0°C
"New York, US",2026-09-05,26.4,27,mean,25.83,F,0.57,LOSS,78-79°F
"New York, US",2026-09-05,26.4,26,modifisert,25.83,F,0.57,WIN,78-79°F
"New York, US",2026-09-05,26.4,25,p5,25.83,F,0.57,LOSS,78-79°F
"New York, US",2026-09-05,26.4,26,sigma,25.83,F,0.57,WIN,78-79°F
"Panama City, PA",2026-09-05,31.5,32,mean,33.0,C,-1.5,LOSS,33.0°C
"Panama City, PA",2026-09-05,31.5,33,modifisert,33.0,C,-1.5,WIN,33.0°C
"Panama City, PA",2026-09-05,31.5,30,p5,33.0,C,-1.5,LOSS,33.0°C
"Panama City, PA",2026-09-05,31.5,30,sigma,33.0,C,-1.5,LOSS,33.0°C
"Paris, FR",2026-09-05,23.5,24,mean,25.0,C,-1.5,LOSS,25.0°C
"Paris, FR",2026-09-05,23.5,24,modifisert,25.0,C,-1.5,LOSS,25.0°C
"Paris, FR",2026-09-05,23.5,22,p5,25.0,C,-1.5,LOSS,25.0°C
"Paris, FR",2026-09-05,23.5,23,sigma,25.0,C,-1.5,LOSS,25.0°C
"Qingdao, CN",2026-09-05,30.3,30,mean,31.0,C,-0.7,LOSS,31.0°C
"Qingdao, CN",2026-09-05,30.3,31,modifisert,31.0,C,-0.7,WIN,31.0°C
"Qingdao, CN",2026-09-05,30.3,29,p5,31.0,C,-0.7,LOSS,31.0°C
"Qingdao, CN",2026-09-05,30.3,29,sigma,31.0,C,-0.7,LOSS,31.0°C
"San Francisco, US",2026-09-05,21.3,21,mean,22.5,F,-1.2,LOSS,72-73°F
"San Francisco, US",2026-09-05,21.3,22,modifisert,22.5,F,-1.2,LOSS,72-73°F
"San Francisco, US",2026-09-05,21.3,18,p5,22.5,F,-1.2,LOSS,72-73°F
"San Francisco, US",2026-09-05,21.3,19,sigma,22.5,F,-1.2,LOSS,72-73°F
"Sao Paulo, BR",2026-09-05,22.3,23,mean,20.0,C,2.3,LOSS,20.0°C
"Sao Paulo, BR",2026-09-05,22.3,23,modifisert,20.0,C,2.3,LOSS,20.0°C
"Sao Paulo, BR",2026-09-05,22.3,20,p5,20.0,C,2.3,WIN,20.0°C
"Sao Paulo, BR",2026-09-05,22.3,20,sigma,20.0,C,2.3,WIN,20.0°C
"Seattle, US",2026-09-05,19.8,19,mean,20.28,F,-0.48,LOSS,68-69°F
"Seattle, US",2026-09-05,19.8,20,modifisert,20.28,F,-0.48,WIN,68-69°F
"Seattle, US",2026-09-05,19.8,18,p5,20.28,F,-0.48,LOSS,68-69°F
"Seattle, US",2026-09-05,19.8,18,sigma,20.28,F,-0.48,LOSS,68-69°F
"Seoul (Incheon), KR",2026-09-05,27.7,28,mean,29.0,C,-1.3,LOSS,29.0°C
"Seoul (Incheon), KR",2026-09-05,27.7,29,modifisert,29.0,C,-1.3,WIN,29.0°C
"Seoul (Incheon), KR",2026-09-05,27.7,26,p5,29.0,C,-1.3,LOSS,29.0°C
"Seoul (Incheon), KR",2026-09-05,27.7,26,sigma,29.0,C,-1.3,LOSS,29.0°C
"Shanghai, CN",2026-09-05,29.2,29,mean,30.0,C,-0.8,LOSS,30.0°C
"Shanghai, CN",2026-09-05,29.2,30,modifisert,30.0,C,-0.8,WIN,30.0°C
"Shanghai, CN",2026-09-05,29.2,28,p5,30.0,C,-0.8,LOSS,30.0°C
"Shanghai, CN",2026-09-05,29.2,28,sigma,30.0,C,-0.8,LOSS,30.0°C
"Shenzhen, CN",2026-09-05,30.9,31,mean,31.0,C,-0.1,WIN,31.0°C
"Shenzhen, CN",2026-09-05,30.9,31,modifisert,31.0,C,-0.1,WIN,31.0°C
"Shenzhen, CN",2026-09-05,30.9,29,p5,31.0,C,-0.1,LOSS,31.0°C
"Shenzhen, CN",2026-09-05,30.9,29,sigma,31.0,C,-0.1,LOSS,31.0°C
"Singapore, SG",2026-09-05,32.0,32,mean,33.0,C,-1.0,LOSS,33.0°C
"Singapore, SG",2026-09-05,32.0,33,modifisert,33.0,C,-1.0,WIN,33.0°C
"Singapore, SG",2026-09-05,32.0,31,p5,33.0,C,-1.0,LOSS,33.0°C
"Singapore, SG",2026-09-05,32.0,30,sigma,33.0,C,-1.0,LOSS,33.0°C
"Taipei, TW",2026-09-05,29.4,29,mean,31.0,C,-1.6,LOSS,31.0°C
"Taipei, TW",2026-09-05,29.4,32,modifisert,31.0,C,-1.6,LOSS,31.0°C
"Taipei, TW",2026-09-05,29.4,28,p5,31.0,C,-1.6,LOSS,31.0°C
"Taipei, TW",2026-09-05,29.4,27,sigma,31.0,C,-1.6,LOSS,31.0°C
"Tel Aviv, IL",2026-09-05,32.6,33,mean,32.0,C,0.6,LOSS,32.0°C
"Tel Aviv, IL",2026-09-05,32.6,32,modifisert,32.0,C,0.6,WIN,32.0°C
"Tel Aviv, IL",2026-09-05,32.6,31,p5,32.0,C,0.6,LOSS,32.0°C
"Tel Aviv, IL",2026-09-05,32.6,33,sigma,32.0,C,0.6,LOSS,32.0°C
"Tokyo, JP",2026-09-05,25.2,25,mean,25.0,C,0.2,WIN,25.0°C
"Tokyo, JP",2026-09-05,25.2,25,modifisert,25.0,C,0.2,WIN,25.0°C
"Tokyo, JP",2026-09-05,25.2,23,p5,25.0,C,0.2,LOSS,25.0°C
"Tokyo, JP",2026-09-05,25.2,25,sigma,25.0,C,0.2,WIN,25.0°C
"Toronto, CA",2026-09-05,24.0,24,mean,24.0,C,0.0,WIN,24.0°C
"Toronto, CA",2026-09-05,24.0,24,modifisert,24.0,C,0.0,WIN,24.0°C
"Toronto, CA",2026-09-05,24.0,22,p5,24.0,C,0.0,LOSS,24.0°C
"Toronto, CA",2026-09-05,24.0,22,sigma,24.0,C,0.0,LOSS,24.0°C
"Warsaw, PL",2026-09-05,20.8,22,mean,21.0,C,-0.2,LOSS,21.0°C
"Warsaw, PL",2026-09-05,20.8,21,modifisert,21.0,C,-0.2,WIN,21.0°C
"Warsaw, PL",2026-09-05,20.8,20,p5,21.0,C,-0.2,LOSS,21.0°C
"Warsaw, PL",2026-09-05,20.8,20,sigma,21.0,C,-0.2,LOSS,21.0°C
"Wellington, NZ",2026-09-05,14.4,14,mean,15.0,C,-0.6,LOSS,15.0°C
"Wellington, NZ",2026-09-05,14.76,16,modifisert,15.0,C,-0.24,LOSS,15.0°C
"Wellington, NZ",2026-09-05,14.4,13,p5,15.0,C,-0.6,LOSS,15.0°C
"Wellington, NZ",2026-09-05,14.4,13,sigma,15.0,C,-0.6,LOSS,15.0°C
"Wuhan, CN",2026-09-05,30.7,31,mean,31.0,C,-0.3,WIN,31.0°C
"Wuhan, CN",2026-09-05,30.7,31,modifisert,31.0,C,-0.3,WIN,31.0°C
"Wuhan, CN",2026-09-05,30.7,30,p5,31.0,C,-0.3,LOSS,31.0°C
"Wuhan, CN",2026-09-05,30.7,30,sigma,31.0,C,-0.3,LOSS,31.0°C
"Zhengzhou, CN",2026-09-05,30.2,30,mean,31.0,C,-0.8,LOSS,31.0°C
"Zhengzhou, CN",2026-09-05,30.2,31,modifisert,31.0,C,-0.8,WIN,31.0°C
"Zhengzhou, CN",2026-09-05,30.2,28,p5,31.0,C,-0.8,LOSS,31.0°C
"Zhengzhou, CN",2026-09-05,30.2,28,sigma,31.0,C,-0.8,LOSS,31.0°C
"Amsterdam, NL",2026-09-06,21.3,22,mean,22.0,C,-0.7,WIN,22.0°C
"Amsterdam, NL",2026-09-06,21.3,22,modifisert,22.0,C,-0.7,WIN,22.0°C
"Amsterdam, NL",2026-09-06,21.3,20,p5,22.0,C,-0.7,LOSS,22.0°C
"Amsterdam, NL",2026-09-06,21.3,20,sigma,22.0,C,-0.7,LOSS,22.0°C
"Ankara, TR",2026-09-06,31.1,31,mean,32.0,C,-0.9,LOSS,32.0°C
"Ankara, TR",2026-09-06,31.1,32,modifisert,32.0,C,-0.9,WIN,32.0°C
"Ankara, TR",2026-09-06,31.1,30,p5,32.0,C,-0.9,LOSS,32.0°C
"Ankara, TR",2026-09-06,31.1,31,sigma,32.0,C,-0.9,LOSS,32.0°C
"Atlanta, US",2026-09-06,34.6,35,mean,34.72,F,-0.12,WIN,94-95°F
"Atlanta, US",2026-09-06,34.6,35,modifisert,34.72,F,-0.12,WIN,94-95°F
"Atlanta, US",2026-09-06,34.6,34,p5,34.72,F,-0.12,LOSS,94-95°F
"Atlanta, US",2026-09-06,34.6,34,sigma,34.72,F,-0.12,LOSS,94-95°F
"Austin, US",2026-09-06,33.9,35,mean,35.83,F,-1.93,LOSS,96-97°F
"Austin, US",2026-09-06,33.9,35,modifisert,35.83,F,-1.93,LOSS,96-97°F
"Austin, US",2026-09-06,33.9,32,p5,35.83,F,-1.93,LOSS,96-97°F
"Austin, US",2026-09-06,33.9,33,sigma,35.83,F,-1.93,LOSS,96-97°F
"Beijing, CN",2026-09-06,31.4,33,mean,31.0,C,0.4,LOSS,31.0°C
"Beijing, CN",2026-09-06,31.4,32,modifisert,31.0,C,0.4,LOSS,31.0°C
"Beijing, CN",2026-09-06,31.4,31,p5,31.0,C,0.4,WIN,31.0°C
"Beijing, CN",2026-09-06,31.4,31,sigma,31.0,C,0.4,WIN,31.0°C
"Buenos Aires, AR",2026-09-06,9.9,10,mean,12.0,C,-2.1,LOSS,12.0°C
"Buenos Aires, AR",2026-09-06,9.9,10,modifisert,12.0,C,-2.1,LOSS,12.0°C
"Buenos Aires, AR",2026-09-06,9.9,9,p5,12.0,C,-2.1,LOSS,12.0°C
"Buenos Aires, AR",2026-09-06,9.9,9,sigma,12.0,C,-2.1,LOSS,12.0°C
"Busan, KR",2026-09-06,27.7,29,mean,29.0,C,-1.3,WIN,29.0°C
"Busan, KR",2026-09-06,27.7,29,modifisert,29.0,C,-1.3,WIN,29.0°C
"Busan, KR",2026-09-06,27.7,28,p5,29.0,C,-1.3,LOSS,29.0°C
"Busan, KR",2026-09-06,27.7,29,sigma,29.0,C,-1.3,WIN,29.0°C
"Cape Town, ZA",2026-09-06,26.3,26,mean,27.0,C,-0.7,LOSS,27.0°C
"Cape Town, ZA",2026-09-06,26.3,28,modifisert,27.0,C,-0.7,LOSS,27.0°C
"Cape Town, ZA",2026-09-06,26.3,23,p5,27.0,C,-0.7,LOSS,27.0°C
"Cape Town, ZA",2026-09-06,26.3,25,sigma,27.0,C,-0.7,LOSS,27.0°C
"Chengdu, CN",2026-09-06,33.5,35,mean,35.0,C,-1.5,WIN,35.0°C
"Chengdu, CN",2026-09-06,33.5,35,modifisert,35.0,C,-1.5,WIN,35.0°C
"Chengdu, CN",2026-09-06,33.5,34,p5,35.0,C,-1.5,LOSS,35.0°C
"Chengdu, CN",2026-09-06,33.5,34,sigma,35.0,C,-1.5,LOSS,35.0°C
"Chicago, US",2026-09-06,25.3,26,mean,25.83,F,-0.53,WIN,78-79°F
"Chicago, US",2026-09-06,25.3,25,modifisert,25.83,F,-0.53,LOSS,78-79°F
"Chicago, US",2026-09-06,25.3,24,p5,25.83,F,-0.53,LOSS,78-79°F
"Chicago, US",2026-09-06,25.3,24,sigma,25.83,F,-0.53,LOSS,78-79°F
"Chongqing, CN",2026-09-06,35.2,36,mean,36.0,C,-0.8,WIN,36.0°C
"Chongqing, CN",2026-09-06,35.2,37,modifisert,36.0,C,-0.8,LOSS,36.0°C
"Chongqing, CN",2026-09-06,35.2,34,p5,36.0,C,-0.8,LOSS,36.0°C
"Chongqing, CN",2026-09-06,35.2,35,sigma,36.0,C,-0.8,LOSS,36.0°C
"Dallas, US",2026-09-06,36.8,36,mean,36.94,F,-0.14,LOSS,98-99°F
"Dallas, US",2026-09-06,36.8,36,modifisert,36.94,F,-0.14,LOSS,98-99°F
"Dallas, US",2026-09-06,36.8,35,p5,36.94,F,-0.14,LOSS,98-99°F
"Dallas, US",2026-09-06,36.8,36,sigma,36.94,F,-0.14,LOSS,98-99°F
"Denver, US",2026-09-06,31.7,32,mean,33.61,F,-1.91,LOSS,92-93°F
"Denver, US",2026-09-06,31.7,33,modifisert,33.61,F,-1.91,LOSS,92-93°F
"Denver, US",2026-09-06,31.7,31,p5,33.61,F,-1.91,LOSS,92-93°F
"Denver, US",2026-09-06,31.7,31,sigma,33.61,F,-1.91,LOSS,92-93°F
"Guangzhou, CN",2026-09-06,30.6,32,mean,30.0,C,0.6,LOSS,30.0°C
"Guangzhou, CN",2026-09-06,30.6,33,modifisert,30.0,C,0.6,LOSS,30.0°C
"Guangzhou, CN",2026-09-06,30.6,30,p5,30.0,C,0.6,WIN,30.0°C
"Guangzhou, CN",2026-09-06,30.6,31,sigma,30.0,C,0.6,LOSS,30.0°C
"Helsinki, FI",2026-09-06,15.2,15,mean,15.0,C,0.2,WIN,15.0°C
"Helsinki, FI",2026-09-06,15.2,16,modifisert,15.0,C,0.2,LOSS,15.0°C
"Helsinki, FI",2026-09-06,15.2,14,p5,15.0,C,0.2,LOSS,15.0°C
"Helsinki, FI",2026-09-06,15.2,14,sigma,15.0,C,0.2,LOSS,15.0°C
"Hong Kong, HK",2026-09-06,29.8,30,mean,30.0,C,-0.2,WIN,30.0°C
"Hong Kong, HK",2026-09-06,29.8,31,modifisert,30.0,C,-0.2,LOSS,30.0°C
"Hong Kong, HK",2026-09-06,29.8,29,p5,30.0,C,-0.2,LOSS,30.0°C
"Hong Kong, HK",2026-09-06,29.8,30,sigma,30.0,C,-0.2,WIN,30.0°C
"Houston, US",2026-09-06,32.0,33,mean,31.39,F,0.61,LOSS,88-89°F
"Houston, US",2026-09-06,32.0,32,modifisert,31.39,F,0.61,LOSS,88-89°F
"Houston, US",2026-09-06,32.0,31,p5,31.39,F,0.61,LOSS,88-89°F
"Houston, US",2026-09-06,32.0,32,sigma,31.39,F,0.61,LOSS,88-89°F
"Istanbul, TR",2026-09-06,27.4,27,mean,29.0,C,-1.6,LOSS,29.0°C
"Istanbul, TR",2026-09-06,27.4,28,modifisert,29.0,C,-1.6,LOSS,29.0°C
"Istanbul, TR",2026-09-06,27.4,23,p5,29.0,C,-1.6,LOSS,29.0°C
"Istanbul, TR",2026-09-06,27.4,24,sigma,29.0,C,-1.6,LOSS,29.0°C
"Jeddah, SA",2026-09-06,37.2,37,mean,38.0,C,-0.8,LOSS,38.0°C
"Jeddah, SA",2026-09-06,37.2,37,modifisert,38.0,C,-0.8,LOSS,38.0°C
"Jeddah, SA",2026-09-06,37.2,34,p5,38.0,C,-0.8,LOSS,38.0°C
"Jeddah, SA",2026-09-06,37.2,34,sigma,38.0,C,-0.8,LOSS,38.0°C
"Jinan, CN",2026-09-06,32.0,32,mean,,C,,WIN,26°C or higher
"Jinan, CN",2026-09-06,32.0,31,modifisert,,C,,WIN,26°C or higher
"Jinan, CN",2026-09-06,32.0,30,p5,,C,,WIN,26°C or higher
"Jinan, CN",2026-09-06,32.0,32,sigma,,C,,WIN,26°C or higher
"Kuala Lumpur, MY",2026-09-06,33.0,33,mean,33.0,C,0.0,WIN,33.0°C
"Kuala Lumpur, MY",2026-09-06,33.0,34,modifisert,33.0,C,0.0,LOSS,33.0°C
"Kuala Lumpur, MY",2026-09-06,33.0,31,p5,33.0,C,0.0,LOSS,33.0°C
"Kuala Lumpur, MY",2026-09-06,33.0,31,sigma,33.0,C,0.0,LOSS,33.0°C
"London, UK",2026-09-06,25.6,26,mean,27.0,C,-1.4,LOSS,27.0°C
"London, UK",2026-09-06,25.6,26,modifisert,27.0,C,-1.4,LOSS,27.0°C
"London, UK",2026-09-06,25.6,24,p5,27.0,C,-1.4,LOSS,27.0°C
"London, UK",2026-09-06,25.6,25,sigma,27.0,C,-1.4,LOSS,27.0°C
"Los Angeles, US",2026-09-06,25.6,26,mean,24.72,F,0.88,LOSS,76-77°F
"Los Angeles, US",2026-09-06,25.6,25,modifisert,24.72,F,0.88,WIN,76-77°F
"Los Angeles, US",2026-09-06,25.6,23,p5,24.72,F,0.88,LOSS,76-77°F
"Los Angeles, US",2026-09-06,25.6,25,sigma,24.72,F,0.88,WIN,76-77°F
"Madrid, ES",2026-09-06,36.3,37,mean,37.0,C,-0.7,WIN,37.0°C
"Madrid, ES",2026-09-06,36.3,37,modifisert,37.0,C,-0.7,WIN,37.0°C
"Madrid, ES",2026-09-06,36.3,36,p5,37.0,C,-0.7,LOSS,37.0°C
"Madrid, ES",2026-09-06,36.3,36,sigma,37.0,C,-0.7,LOSS,37.0°C
"Manila, PH",2026-09-06,28.1,29,mean,30.0,C,-1.9,LOSS,30.0°C
"Manila, PH",2026-09-06,28.1,29,modifisert,30.0,C,-1.9,LOSS,30.0°C
"Manila, PH",2026-09-06,28.1,27,p5,30.0,C,-1.9,LOSS,30.0°C
"Manila, PH",2026-09-06,28.1,28,sigma,30.0,C,-1.9,LOSS,30.0°C
"Mexico City, MX",2026-09-06,23.4,24,mean,24.0,C,-0.6,WIN,24.0°C
"Mexico City, MX",2026-09-06,23.4,24,modifisert,24.0,C,-0.6,WIN,24.0°C
"Mexico City, MX",2026-09-06,23.4,23,p5,24.0,C,-0.6,LOSS,24.0°C
"Mexico City, MX",2026-09-06,23.4,24,sigma,24.0,C,-0.6,WIN,24.0°C
"Miami, US",2026-09-06,31.1,32,mean,32.5,F,-1.4,LOSS,90-91°F
"Miami, US",2026-09-06,31.1,32,modifisert,32.5,F,-1.4,LOSS,90-91°F
"Miami, US",2026-09-06,31.1,29,p5,32.5,F,-1.4,LOSS,90-91°F
"Miami, US",2026-09-06,31.1,30,sigma,32.5,F,-1.4,LOSS,90-91°F
"Milan, IT",2026-09-06,30.8,32,mean,32.0,C,-1.2,WIN,32.0°C
"Milan, IT",2026-09-06,30.8,32,modifisert,32.0,C,-1.2,WIN,32.0°C
"Milan, IT",2026-09-06,30.8,29,p5,32.0,C,-1.2,LOSS,32.0°C
"Milan, IT",2026-09-06,30.8,30,sigma,32.0,C,-1.2,LOSS,32.0°C
"Moscow, RU",2026-09-06,14.9,15,mean,16.0,C,-1.1,LOSS,16.0°C
"Moscow, RU",2026-09-06,14.9,15,modifisert,16.0,C,-1.1,LOSS,16.0°C
"Moscow, RU",2026-09-06,14.9,14,p5,16.0,C,-1.1,LOSS,16.0°C
"Moscow, RU",2026-09-06,14.9,15,sigma,16.0,C,-1.1,LOSS,16.0°C
"Munich, DE",2026-09-06,22.4,24,mean,24.0,C,-1.6,WIN,24.0°C
"Munich, DE",2026-09-06,22.4,24,modifisert,24.0,C,-1.6,WIN,24.0°C
"Munich, DE",2026-09-06,22.4,22,p5,24.0,C,-1.6,LOSS,24.0°C
"Munich, DE",2026-09-06,22.4,22,sigma,24.0,C,-1.6,LOSS,24.0°C
"New York, US",2026-09-06,23.9,24,mean,23.61,F,0.29,LOSS,74-75°F
"New York, US",2026-09-06,23.9,24,modifisert,23.61,F,0.29,LOSS,74-75°F
"New York, US",2026-09-06,23.9,23,p5,23.61,F,0.29,LOSS,74-75°F
"New York, US",2026-09-06,23.9,23,sigma,23.61,F,0.29,LOSS,74-75°F
"Panama City, PA",2026-09-06,29.3,30,mean,31.0,C,-1.7,LOSS,31.0°C
"Panama City, PA",2026-09-06,29.3,31,modifisert,31.0,C,-1.7,WIN,31.0°C
"Panama City, PA",2026-09-06,29.3,28,p5,31.0,C,-1.7,LOSS,31.0°C
"Panama City, PA",2026-09-06,29.3,28,sigma,31.0,C,-1.7,LOSS,31.0°C
"Paris, FR",2026-09-06,27.8,29,mean,28.0,C,-0.2,LOSS,28.0°C
"Paris, FR",2026-09-06,27.8,28,modifisert,28.0,C,-0.2,WIN,28.0°C
"Paris, FR",2026-09-06,27.8,27,p5,28.0,C,-0.2,LOSS,28.0°C
"Paris, FR",2026-09-06,27.8,27,sigma,28.0,C,-0.2,LOSS,28.0°C
"Qingdao, CN",2026-09-06,30.2,30,mean,30.0,C,0.2,WIN,30.0°C
"Qingdao, CN",2026-09-06,30.2,31,modifisert,30.0,C,0.2,LOSS,30.0°C
"Qingdao, CN",2026-09-06,30.2,29,p5,30.0,C,0.2,LOSS,30.0°C
"Qingdao, CN",2026-09-06,30.2,29,sigma,30.0,C,0.2,LOSS,30.0°C
"San Francisco, US",2026-09-06,20.5,21,mean,21.39,F,-0.89,LOSS,70-71°F
"San Francisco, US",2026-09-06,20.5,21,modifisert,21.39,F,-0.89,LOSS,70-71°F
"San Francisco, US",2026-09-06,20.5,18,p5,21.39,F,-0.89,LOSS,70-71°F
"San Francisco, US",2026-09-06,20.5,18,sigma,21.39,F,-0.89,LOSS,70-71°F
"Sao Paulo, BR",2026-09-06,15.2,16,mean,15.0,C,0.2,LOSS,15.0°C
"Sao Paulo, BR",2026-09-06,15.2,16,modifisert,15.0,C,0.2,LOSS,15.0°C
"Sao Paulo, BR",2026-09-06,15.2,15,p5,15.0,C,0.2,WIN,15.0°C
"Sao Paulo, BR",2026-09-06,15.2,15,sigma,15.0,C,0.2,WIN,15.0°C
"Seattle, US",2026-09-06,21.4,21,mean,22.5,F,-1.1,LOSS,72-73°F
"Seattle, US",2026-09-06,21.4,22,modifisert,22.5,F,-1.1,LOSS,72-73°F
"Seattle, US",2026-09-06,21.4,19,p5,22.5,F,-1.1,LOSS,72-73°F
"Seattle, US",2026-09-06,21.4,20,sigma,22.5,F,-1.1,LOSS,72-73°F
"Seoul (Incheon), KR",2026-09-06,27.8,29,mean,29.0,C,-1.2,WIN,29.0°C
"Seoul (Incheon), KR",2026-09-06,27.8,29,modifisert,29.0,C,-1.2,WIN,29.0°C
"Seoul (Incheon), KR",2026-09-06,27.8,27,p5,29.0,C,-1.2,LOSS,29.0°C
"Seoul (Incheon), KR",2026-09-06,27.8,27,sigma,29.0,C,-1.2,LOSS,29.0°C
"Shanghai, CN",2026-09-06,28.4,29,mean,30.0,C,-1.6,LOSS,30.0°C
"Shanghai, CN",2026-09-06,28.4,29,modifisert,30.0,C,-1.6,LOSS,30.0°C
"Shanghai, CN",2026-09-06,28.4,28,p5,30.0,C,-1.6,LOSS,30.0°C
"Shanghai, CN",2026-09-06,28.4,28,sigma,30.0,C,-1.6,LOSS,30.0°C
"Shenzhen, CN",2026-09-06,30.3,31,mean,28.0,C,2.3,LOSS,28.0°C
"Shenzhen, CN",2026-09-06,30.3,31,modifisert,28.0,C,2.3,LOSS,28.0°C
"Shenzhen, CN",2026-09-06,30.3,29,p5,28.0,C,2.3,LOSS,28.0°C
"Shenzhen, CN",2026-09-06,30.3,30,sigma,28.0,C,2.3,LOSS,28.0°C
"Singapore, SG",2026-09-06,32.1,32,mean,33.0,C,-0.9,LOSS,33.0°C
"Singapore, SG",2026-09-06,32.1,33,modifisert,33.0,C,-0.9,WIN,33.0°C
"Singapore, SG",2026-09-06,32.1,30,p5,33.0,C,-0.9,LOSS,33.0°C
"Singapore, SG",2026-09-06,32.1,31,sigma,33.0,C,-0.9,LOSS,33.0°C
"Taipei, TW",2026-09-06,26.2,28,mean,25.0,C,1.2,LOSS,25.0°C
"Taipei, TW",2026-09-06,26.2,29,modifisert,25.0,C,1.2,LOSS,25.0°C
"Taipei, TW",2026-09-06,26.2,26,p5,25.0,C,1.2,LOSS,25.0°C
"Taipei, TW",2026-09-06,26.2,26,sigma,25.0,C,1.2,LOSS,25.0°C
"Tel Aviv, IL",2026-09-06,32.0,32,mean,32.0,C,0.0,WIN,32.0°C
"Tel Aviv, IL",2026-09-06,32.0,31,modifisert,32.0,C,0.0,LOSS,32.0°C
"Tel Aviv, IL",2026-09-06,32.0,31,p5,32.0,C,0.0,LOSS,32.0°C
"Tel Aviv, IL",2026-09-06,32.0,32,sigma,32.0,C,0.0,WIN,32.0°C
"Tokyo, JP",2026-09-06,23.9,25,mean,23.0,C,0.9,LOSS,23.0°C
"Tokyo, JP",2026-09-06,23.9,24,modifisert,23.0,C,0.9,LOSS,23.0°C
"Tokyo, JP",2026-09-06,23.9,23,p5,23.0,C,0.9,WIN,23.0°C
"Tokyo, JP",2026-09-06,23.9,24,sigma,23.0,C,0.9,LOSS,23.0°C
"Toronto, CA",2026-09-06,21.6,21,mean,22.0,C,-0.4,LOSS,22.0°C
"Toronto, CA",2026-09-06,21.6,22,modifisert,22.0,C,-0.4,WIN,22.0°C
"Toronto, CA",2026-09-06,21.6,20,p5,22.0,C,-0.4,LOSS,22.0°C
"Toronto, CA",2026-09-06,21.6,20,sigma,22.0,C,-0.4,LOSS,22.0°C
"Warsaw, PL",2026-09-06,18.1,19,mean,18.0,C,0.1,LOSS,18.0°C
"Warsaw, PL",2026-09-06,18.1,18,modifisert,18.0,C,0.1,WIN,18.0°C
"Warsaw, PL",2026-09-06,18.1,18,p5,18.0,C,0.1,WIN,18.0°C
"Warsaw, PL",2026-09-06,18.1,18,sigma,18.0,C,0.1,WIN,18.0°C
"Wellington, NZ",2026-09-06,14.4,15,mean,15.0,C,-0.6,WIN,15.0°C
"Wellington, NZ",2026-09-06,14.4,15,modifisert,15.0,C,-0.6,WIN,15.0°C
"Wellington, NZ",2026-09-06,14.4,14,p5,15.0,C,-0.6,LOSS,15.0°C
"Wellington, NZ",2026-09-06,14.4,15,sigma,15.0,C,-0.6,WIN,15.0°C
"Wuhan, CN",2026-09-06,32.0,33,mean,32.0,C,0.0,LOSS,32.0°C
"Wuhan, CN",2026-09-06,32.0,33,modifisert,32.0,C,0.0,LOSS,32.0°C
"Wuhan, CN",2026-09-06,32.0,31,p5,32.0,C,0.0,LOSS,32.0°C
"Wuhan, CN",2026-09-06,32.0,32,sigma,32.0,C,0.0,WIN,32.0°C
"Zhengzhou, CN",2026-09-06,30.5,32,mean,,C,,WIN,32°C or higher
"Zhengzhou, CN",2026-09-06,30.5,32,modifisert,,C,,WIN,32°C or higher
"Zhengzhou, CN",2026-09-06,30.5,30,p5,,C,,LOSS,32°C or higher
"Zhengzhou, CN",2026-09-06,30.5,31,sigma,,C,,LOSS,32°C or higher
"Amsterdam, NL",2026-09-07,24.4,25,mean,26.0,C,-1.6,LOSS,26.0°C
"Amsterdam, NL",2026-09-07,24.4,25,modifisert,26.0,C,-1.6,LOSS,26.0°C
"Amsterdam, NL",2026-09-07,24.4,23,p5,26.0,C,-1.6,LOSS,26.0°C
"Amsterdam, NL",2026-09-07,24.4,24,sigma,26.0,C,-1.6,LOSS,26.0°C
"Ankara, TR",2026-09-07,24.1,24,mean,24.0,C,0.1,WIN,24.0°C
"Ankara, TR",2026-09-07,24.1,25,modifisert,24.0,C,0.1,LOSS,24.0°C
"Ankara, TR",2026-09-07,24.1,23,p5,24.0,C,0.1,LOSS,24.0°C
"Ankara, TR",2026-09-07,24.1,24,sigma,24.0,C,0.1,WIN,24.0°C
"Atlanta, US",2026-09-07,27.4,28,mean,28.06,F,-0.66,WIN,82-83°F
"Atlanta, US",2026-09-07,27.4,32,modifisert,28.06,F,-0.66,LOSS,82-83°F
"Atlanta, US",2026-09-07,27.4,27,p5,28.06,F,-0.66,LOSS,82-83°F
"Atlanta, US",2026-09-07,27.4,27,sigma,28.06,F,-0.66,LOSS,82-83°F
"Austin, US",2026-09-07,35.7,37,mean,38.06,F,-2.36,LOSS,100-101°F
"Austin, US",2026-09-07,35.7,37,modifisert,38.06,F,-2.36,LOSS,100-101°F
"Austin, US",2026-09-07,35.7,35,p5,38.06,F,-2.36,LOSS,100-101°F
"Austin, US",2026-09-07,35.7,35,sigma,38.06,F,-2.36,LOSS,100-101°F
"Beijing, CN",2026-09-07,29.8,31,mean,29.0,C,0.8,LOSS,29.0°C
"Beijing, CN",2026-09-07,29.8,30,modifisert,29.0,C,0.8,LOSS,29.0°C
"Beijing, CN",2026-09-07,29.8,29,p5,29.0,C,0.8,WIN,29.0°C
"Beijing, CN",2026-09-07,29.8,30,sigma,29.0,C,0.8,LOSS,29.0°C
"Buenos Aires, AR",2026-09-07,12.5,13,mean,13.0,C,-0.5,WIN,13.0°C
"Buenos Aires, AR",2026-09-07,12.5,13,modifisert,13.0,C,-0.5,WIN,13.0°C
"Buenos Aires, AR",2026-09-07,12.5,12,p5,13.0,C,-0.5,LOSS,13.0°C
"Buenos Aires, AR",2026-09-07,12.5,12,sigma,13.0,C,-0.5,LOSS,13.0°C
"Busan, KR",2026-09-07,28.2,30,mean,29.0,C,-0.8,LOSS,29.0°C
"Busan, KR",2026-09-07,28.2,30,modifisert,29.0,C,-0.8,LOSS,29.0°C
"Busan, KR",2026-09-07,28.2,29,p5,29.0,C,-0.8,WIN,29.0°C
"Busan, KR",2026-09-07,28.2,29,sigma,29.0,C,-0.8,WIN,29.0°C
"Cape Town, ZA",2026-09-07,28.2,28,mean,29.0,C,-0.8,LOSS,29.0°C
"Cape Town, ZA",2026-09-07,28.2,30,modifisert,29.0,C,-0.8,LOSS,29.0°C
"Cape Town, ZA",2026-09-07,28.2,24,p5,29.0,C,-0.8,LOSS,29.0°C
"Cape Town, ZA",2026-09-07,28.2,26,sigma,29.0,C,-0.8,LOSS,29.0°C
"Chengdu, CN",2026-09-07,31.9,33,mean,32.0,C,-0.1,LOSS,32.0°C
"Chengdu, CN",2026-09-07,31.9,33,modifisert,32.0,C,-0.1,LOSS,32.0°C
"Chengdu, CN",2026-09-07,31.9,32,p5,32.0,C,-0.1,WIN,32.0°C
"Chengdu, CN",2026-09-07,31.9,32,sigma,32.0,C,-0.1,WIN,32.0°C
"Chicago, US",2026-09-07,25.9,26,mean,26.94,F,-1.04,LOSS,80-81°F
"Chicago, US",2026-09-07,25.9,25,modifisert,26.94,F,-1.04,LOSS,80-81°F
"Chicago, US",2026-09-07,25.9,25,p5,26.94,F,-1.04,LOSS,80-81°F
"Chicago, US",2026-09-07,25.9,25,sigma,26.94,F,-1.04,LOSS,80-81°F
"Chongqing, CN",2026-09-07,35.6,36,mean,37.0,C,-1.4,LOSS,37.0°C
"Chongqing, CN",2026-09-07,35.6,37,modifisert,37.0,C,-1.4,WIN,37.0°C
"Chongqing, CN",2026-09-07,35.6,34,p5,37.0,C,-1.4,LOSS,37.0°C
"Chongqing, CN",2026-09-07,35.6,34,sigma,37.0,C,-1.4,LOSS,37.0°C
"Dallas, US",2026-09-07,38.0,37,mean,38.06,F,-0.06,LOSS,100-101°F
"Dallas, US",2026-09-07,38.0,37,modifisert,38.06,F,-0.06,LOSS,100-101°F
"Dallas, US",2026-09-07,38.0,36,p5,38.06,F,-0.06,LOSS,100-101°F
"Dallas, US",2026-09-07,38.0,37,sigma,38.06,F,-0.06,LOSS,100-101°F
"Denver, US",2026-09-07,31.1,32,mean,32.5,F,-1.4,LOSS,90-91°F
"Denver, US",2026-09-07,31.1,32,modifisert,32.5,F,-1.4,LOSS,90-91°F
"Denver, US",2026-09-07,31.1,30,p5,32.5,F,-1.4,LOSS,90-91°F
"Denver, US",2026-09-07,31.1,30,sigma,32.5,F,-1.4,LOSS,90-91°F
"Guangzhou, CN",2026-09-07,33.3,35,mean,35.0,C,-1.7,WIN,35.0°C
"Guangzhou, CN",2026-09-07,33.3,35,modifisert,35.0,C,-1.7,WIN,35.0°C
"Guangzhou, CN",2026-09-07,33.3,34,p5,35.0,C,-1.7,LOSS,35.0°C
"Guangzhou, CN",2026-09-07,33.3,34,sigma,35.0,C,-1.7,LOSS,35.0°C
"Helsinki, FI",2026-09-07,16.4,16,mean,17.0,C,-0.6,LOSS,17.0°C
"Helsinki, FI",2026-09-07,16.4,17,modifisert,17.0,C,-0.6,WIN,17.0°C
"Helsinki, FI",2026-09-07,16.4,15,p5,17.0,C,-0.6,LOSS,17.0°C
"Helsinki, FI",2026-09-07,16.4,16,sigma,17.0,C,-0.6,LOSS,17.0°C
"Hong Kong, HK",2026-09-07,30.6,31,mean,30.0,C,0.6,LOSS,30.0°C
"Hong Kong, HK",2026-09-07,30.6,31,modifisert,30.0,C,0.6,LOSS,30.0°C
"Hong Kong, HK",2026-09-07,30.6,30,p5,30.0,C,0.6,WIN,30.0°C
"Hong Kong, HK",2026-09-07,30.6,30,sigma,30.0,C,0.6,WIN,30.0°C
"Houston, US",2026-09-07,34.1,35,mean,34.72,F,-0.62,WIN,94-95°F
"Houston, US",2026-09-07,34.1,34,modifisert,34.72,F,-0.62,LOSS,94-95°F
"Houston, US",2026-09-07,34.1,32,p5,34.72,F,-0.62,LOSS,94-95°F
"Houston, US",2026-09-07,34.1,34,sigma,34.72,F,-0.62,LOSS,94-95°F
"Istanbul, TR",2026-09-07,25.0,24,mean,26.0,C,-1.0,LOSS,26.0°C
"Istanbul, TR",2026-09-07,25.0,26,modifisert,26.0,C,-1.0,WIN,26.0°C
"Istanbul, TR",2026-09-07,25.0,22,p5,26.0,C,-1.0,LOSS,26.0°C
"Istanbul, TR",2026-09-07,25.0,23,sigma,26.0,C,-1.0,LOSS,26.0°C
"Jeddah, SA",2026-09-07,37.2,37,mean,36.0,C,1.2,LOSS,36.0°C
"Jeddah, SA",2026-09-07,37.2,37,modifisert,36.0,C,1.2,LOSS,36.0°C
"Jeddah, SA",2026-09-07,37.2,33,p5,36.0,C,1.2,LOSS,36.0°C
"Jeddah, SA",2026-09-07,37.2,34,sigma,36.0,C,1.2,LOSS,36.0°C
"Jinan, CN",2026-09-07,32.1,32,mean,,C,,WIN,26°C or higher
"Jinan, CN",2026-09-07,32.1,31,modifisert,,C,,WIN,26°C or higher
"Jinan, CN",2026-09-07,32.1,30,p5,,C,,WIN,26°C or higher
"Jinan, CN",2026-09-07,32.1,32,sigma,,C,,WIN,26°C or higher
"Karachi, PK",2026-09-07,31.8,32,mean,32.0,C,-0.2,WIN,32.0°C
"Karachi, PK",2026-09-07,31.8,32,modifisert,32.0,C,-0.2,WIN,32.0°C
"Karachi, PK",2026-09-07,31.8,30,p5,32.0,C,-0.2,LOSS,32.0°C
"Karachi, PK",2026-09-07,31.8,30,sigma,32.0,C,-0.2,LOSS,32.0°C
"Kuala Lumpur, MY",2026-09-07,32.9,33,mean,34.0,C,-1.1,LOSS,34.0°C
"Kuala Lumpur, MY",2026-09-07,32.9,34,modifisert,34.0,C,-1.1,WIN,34.0°C
"Kuala Lumpur, MY",2026-09-07,32.9,30,p5,34.0,C,-1.1,LOSS,34.0°C
"Kuala Lumpur, MY",2026-09-07,32.9,31,sigma,34.0,C,-1.1,LOSS,34.0°C
"London, UK",2026-09-07,24.3,25,mean,25.0,C,-0.7,WIN,25.0°C
"London, UK",2026-09-07,24.3,25,modifisert,25.0,C,-0.7,WIN,25.0°C
"London, UK",2026-09-07,24.3,23,p5,25.0,C,-0.7,LOSS,25.0°C
"London, UK",2026-09-07,24.3,24,sigma,25.0,C,-0.7,LOSS,25.0°C
"Los Angeles, US",2026-09-07,30.2,30,mean,29.17,F,1.03,LOSS,84-85°F
"Los Angeles, US",2026-09-07,30.2,27,modifisert,29.17,F,1.03,LOSS,84-85°F
"Los Angeles, US",2026-09-07,30.2,29,p5,29.17,F,1.03,WIN,84-85°F
"Los Angeles, US",2026-09-07,30.2,30,sigma,29.17,F,1.03,LOSS,84-85°F
"Lucknow, IN",2026-09-07,29.5,30,mean,31.0,C,-1.5,LOSS,31.0°C
"Lucknow, IN",2026-09-07,29.5,30,modifisert,31.0,C,-1.5,LOSS,31.0°C
"Lucknow, IN",2026-09-07,29.5,28,p5,31.0,C,-1.5,LOSS,31.0°C
"Lucknow, IN",2026-09-07,29.5,28,sigma,31.0,C,-1.5,LOSS,31.0°C
"Madrid, ES",2026-09-07,36.9,37,mean,38.0,C,-1.1,LOSS,38.0°C
"Madrid, ES",2026-09-07,36.9,38,modifisert,38.0,C,-1.1,WIN,38.0°C
"Madrid, ES",2026-09-07,36.9,36,p5,38.0,C,-1.1,LOSS,38.0°C
"Madrid, ES",2026-09-07,36.9,37,sigma,38.0,C,-1.1,LOSS,38.0°C
"Manila, PH",2026-09-07,28.6,30,mean,27.0,C,1.6,LOSS,27.0°C
"Manila, PH",2026-09-07,28.6,29,modifisert,27.0,C,1.6,LOSS,27.0°C
"Manila, PH",2026-09-07,28.6,28,p5,27.0,C,1.6,LOSS,27.0°C
"Manila, PH",2026-09-07,28.6,28,sigma,27.0,C,1.6,LOSS,27.0°C
"Mexico City, MX",2026-09-07,21.8,23,mean,22.0,C,-0.2,LOSS,22.0°C
"Mexico City, MX",2026-09-07,21.8,22,modifisert,22.0,C,-0.2,WIN,22.0°C
"Mexico City, MX",2026-09-07,21.8,21,p5,22.0,C,-0.2,LOSS,22.0°C
"Mexico City, MX",2026-09-07,21.8,22,sigma,22.0,C,-0.2,WIN,22.0°C
"Miami, US",2026-09-07,30.8,31,mean,32.5,F,-1.7,LOSS,90-91°F
"Miami, US",2026-09-07,30.8,31,modifisert,32.5,F,-1.7,LOSS,90-91°F
"Miami, US",2026-09-07,30.8,29,p5,32.5,F,-1.7,LOSS,90-91°F
"Miami, US",2026-09-07,30.8,30,sigma,32.5,F,-1.7,LOSS,90-91°F
"Milan, IT",2026-09-07,30.5,31,mean,31.0,C,-0.5,WIN,31.0°C
"Milan, IT",2026-09-07,30.5,31,modifisert,31.0,C,-0.5,WIN,31.0°C
"Milan, IT",2026-09-07,30.5,29,p5,31.0,C,-0.5,LOSS,31.0°C
"Milan, IT",2026-09-07,30.5,30,sigma,31.0,C,-0.5,LOSS,31.0°C
"Moscow, RU",2026-09-07,13.0,13,mean,13.0,C,0.0,WIN,13.0°C
"Moscow, RU",2026-09-07,13.0,13,modifisert,13.0,C,0.0,WIN,13.0°C
"Moscow, RU",2026-09-07,13.0,12,p5,13.0,C,0.0,LOSS,13.0°C
"Moscow, RU",2026-09-07,13.0,13,sigma,13.0,C,0.0,WIN,13.0°C
"Munich, DE",2026-09-07,25.4,27,mean,28.0,C,-2.6,LOSS,28.0°C
"Munich, DE",2026-09-07,25.4,27,modifisert,28.0,C,-2.6,LOSS,28.0°C
"Munich, DE",2026-09-07,25.4,25,p5,28.0,C,-2.6,LOSS,28.0°C
"Munich, DE",2026-09-07,25.4,25,sigma,28.0,C,-2.6,LOSS,28.0°C
"New York, US",2026-09-07,26.4,27,mean,25.83,F,0.57,LOSS,78-79°F
"New York, US",2026-09-07,26.4,26,modifisert,25.83,F,0.57,WIN,78-79°F
"New York, US",2026-09-07,26.4,25,p5,25.83,F,0.57,LOSS,78-79°F
"New York, US",2026-09-07,26.4,26,sigma,25.83,F,0.57,WIN,78-79°F
"Panama City, PA",2026-09-07,30.5,31,mean,32.0,C,-1.5,LOSS,32.0°C
"Panama City, PA",2026-09-07,30.5,32,modifisert,32.0,C,-1.5,WIN,32.0°C
"Panama City, PA",2026-09-07,30.5,30,p5,32.0,C,-1.5,LOSS,32.0°C
"Panama City, PA",2026-09-07,30.5,30,sigma,32.0,C,-1.5,LOSS,32.0°C
"Paris, FR",2026-09-07,27.7,29,mean,29.0,C,-1.3,WIN,29.0°C
"Paris, FR",2026-09-07,27.7,28,modifisert,29.0,C,-1.3,LOSS,29.0°C
"Paris, FR",2026-09-07,27.7,26,p5,29.0,C,-1.3,LOSS,29.0°C
"Paris, FR",2026-09-07,27.7,27,sigma,29.0,C,-1.3,LOSS,29.0°C
"Qingdao, CN",2026-09-07,30.1,30,mean,30.0,C,0.1,WIN,30.0°C
"Qingdao, CN",2026-09-07,30.1,31,modifisert,30.0,C,0.1,LOSS,30.0°C
"Qingdao, CN",2026-09-07,30.1,29,p5,30.0,C,0.1,LOSS,30.0°C
"Qingdao, CN",2026-09-07,30.1,29,sigma,30.0,C,0.1,LOSS,30.0°C
"San Francisco, US",2026-09-07,26.0,26,mean,26.94,F,-0.94,LOSS,80-81°F
"San Francisco, US",2026-09-07,26.0,27,modifisert,26.94,F,-0.94,WIN,80-81°F
"San Francisco, US",2026-09-07,26.0,22,p5,26.94,F,-0.94,LOSS,80-81°F
"San Francisco, US",2026-09-07,26.0,23,sigma,26.94,F,-0.94,LOSS,80-81°F
"Sao Paulo, BR",2026-09-07,13.7,14,mean,14.0,C,-0.3,WIN,14.0°C
"Sao Paulo, BR",2026-09-07,13.7,14,modifisert,14.0,C,-0.3,WIN,14.0°C
"Sao Paulo, BR",2026-09-07,13.7,13,p5,14.0,C,-0.3,LOSS,14.0°C
"Sao Paulo, BR",2026-09-07,13.7,13,sigma,14.0,C,-0.3,LOSS,14.0°C
"Seattle, US",2026-09-07,19.9,20,mean,21.39,F,-1.49,LOSS,70-71°F
"Seattle, US",2026-09-07,19.9,20,modifisert,21.39,F,-1.49,LOSS,70-71°F
"Seattle, US",2026-09-07,19.9,18,p5,21.39,F,-1.49,LOSS,70-71°F
"Seattle, US",2026-09-07,19.9,19,sigma,21.39,F,-1.49,LOSS,70-71°F
"Seoul (Incheon), KR",2026-09-07,27.1,28,mean,28.0,C,-0.9,WIN,28.0°C
"Seoul (Incheon), KR",2026-09-07,27.1,28,modifisert,28.0,C,-0.9,WIN,28.0°C
"Seoul (Incheon), KR",2026-09-07,27.1,26,p5,28.0,C,-0.9,LOSS,28.0°C
"Seoul (Incheon), KR",2026-09-07,27.1,26,sigma,28.0,C,-0.9,LOSS,28.0°C
"Shanghai, CN",2026-09-07,28.8,29,mean,30.0,C,-1.2,LOSS,30.0°C
"Shanghai, CN",2026-09-07,28.8,30,modifisert,30.0,C,-1.2,WIN,30.0°C
"Shanghai, CN",2026-09-07,28.8,28,p5,30.0,C,-1.2,LOSS,30.0°C
"Shanghai, CN",2026-09-07,28.8,29,sigma,30.0,C,-1.2,LOSS,30.0°C
"Shenzhen, CN",2026-09-07,31.8,32,mean,31.0,C,0.8,LOSS,31.0°C
"Shenzhen, CN",2026-09-07,31.8,32,modifisert,31.0,C,0.8,LOSS,31.0°C
"Shenzhen, CN",2026-09-07,31.8,31,p5,31.0,C,0.8,WIN,31.0°C
"Shenzhen, CN",2026-09-07,31.8,31,sigma,31.0,C,0.8,WIN,31.0°C
"Singapore, SG",2026-09-07,31.9,32,mean,33.0,C,-1.1,LOSS,33.0°C
"Singapore, SG",2026-09-07,31.9,33,modifisert,33.0,C,-1.1,WIN,33.0°C
"Singapore, SG",2026-09-07,31.9,30,p5,33.0,C,-1.1,LOSS,33.0°C
"Singapore, SG",2026-09-07,31.9,31,sigma,33.0,C,-1.1,LOSS,33.0°C
"Taipei, TW",2026-09-07,29.5,31,mean,31.0,C,-1.5,WIN,31.0°C
"Taipei, TW",2026-09-07,29.5,32,modifisert,31.0,C,-1.5,LOSS,31.0°C
"Taipei, TW",2026-09-07,29.5,29,p5,31.0,C,-1.5,LOSS,31.0°C
"Taipei, TW",2026-09-07,29.5,29,sigma,31.0,C,-1.5,LOSS,31.0°C
"Tel Aviv, IL",2026-09-07,33.2,33,mean,32.0,C,1.2,LOSS,32.0°C
"Tel Aviv, IL",2026-09-07,33.2,32,modifisert,32.0,C,1.2,WIN,32.0°C
"Tel Aviv, IL",2026-09-07,33.2,32,p5,32.0,C,1.2,WIN,32.0°C
"Tel Aviv, IL",2026-09-07,33.2,33,sigma,32.0,C,1.2,LOSS,32.0°C
"Tokyo, JP",2026-09-07,26.1,27,mean,24.0,C,2.1,LOSS,24.0°C
"Tokyo, JP",2026-09-07,26.1,26,modifisert,24.0,C,2.1,LOSS,24.0°C
"Tokyo, JP",2026-09-07,26.1,26,p5,24.0,C,2.1,LOSS,24.0°C
"Tokyo, JP",2026-09-07,26.1,26,sigma,24.0,C,2.1,LOSS,24.0°C
"Toronto, CA",2026-09-07,24.4,24,mean,25.0,C,-0.6,LOSS,25.0°C
"Toronto, CA",2026-09-07,24.4,24,modifisert,25.0,C,-0.6,LOSS,25.0°C
"Toronto, CA",2026-09-07,24.4,22,p5,25.0,C,-0.6,LOSS,25.0°C
"Toronto, CA",2026-09-07,24.4,22,sigma,25.0,C,-0.6,LOSS,25.0°C
"Warsaw, PL",2026-09-07,20.2,21,mean,21.0,C,-0.8,WIN,21.0°C
"Warsaw, PL",2026-09-07,20.2,20,modifisert,21.0,C,-0.8,LOSS,21.0°C
"Warsaw, PL",2026-09-07,20.2,20,p5,21.0,C,-0.8,LOSS,21.0°C
"Warsaw, PL",2026-09-07,20.2,20,sigma,21.0,C,-0.8,LOSS,21.0°C
"Wellington, NZ",2026-09-07,10.3,11,mean,10.0,C,0.3,LOSS,10.0°C
"Wellington, NZ",2026-09-07,10.3,11,modifisert,10.0,C,0.3,LOSS,10.0°C
"Wellington, NZ",2026-09-07,10.3,10,p5,10.0,C,0.3,WIN,10.0°C
"Wellington, NZ",2026-09-07,10.3,10,sigma,10.0,C,0.3,WIN,10.0°C
"Wuhan, CN",2026-09-07,32.4,34,mean,33.0,C,-0.6,LOSS,33.0°C
"Wuhan, CN",2026-09-07,32.4,33,modifisert,33.0,C,-0.6,WIN,33.0°C
"Wuhan, CN",2026-09-07,32.4,32,p5,33.0,C,-0.6,LOSS,33.0°C
"Wuhan, CN",2026-09-07,32.4,33,sigma,33.0,C,-0.6,WIN,33.0°C
"Zhengzhou, CN",2026-09-07,30.9,32,mean,,C,,WIN,32°C or higher
"Zhengzhou, CN",2026-09-07,30.9,32,modifisert,,C,,WIN,32°C or higher
"Zhengzhou, CN",2026-09-07,30.9,30,p5,,C,,LOSS,32°C or higher
"Zhengzhou, CN",2026-09-07,30.9,31,sigma,,C,,LOSS,32°C or higher
"Amsterdam, NL",2026-09-08,19.3,20,mean,19.0,C,0.3,LOSS,19.0°C
"Amsterdam, NL",2026-09-08,19.3,20,modifisert,19.0,C,0.3,LOSS,19.0°C
"Amsterdam, NL",2026-09-08,19.3,19,p5,19.0,C,0.3,WIN,19.0°C
"Amsterdam, NL",2026-09-08,19.3,20,sigma,19.0,C,0.3,LOSS,19.0°C
"Ankara, TR",2026-09-08,22.6,23,mean,23.0,C,-0.4,WIN,23.0°C
"Ankara, TR",2026-09-08,22.6,23,modifisert,23.0,C,-0.4,WIN,23.0°C
"Ankara, TR",2026-09-08,22.6,22,p5,23.0,C,-0.4,LOSS,23.0°C
"Ankara, TR",2026-09-08,22.6,22,sigma,23.0,C,-0.4,LOSS,23.0°C
"Atlanta, US",2026-09-08,30.7,31,mean,31.39,F,-0.69,LOSS,88-89°F
"Atlanta, US",2026-09-08,30.7,33,modifisert,31.39,F,-0.69,LOSS,88-89°F
"Atlanta, US",2026-09-08,30.7,30,p5,31.39,F,-0.69,LOSS,88-89°F
"Atlanta, US",2026-09-08,30.7,30,sigma,31.39,F,-0.69,LOSS,88-89°F
"Austin, US",2026-09-08,36.8,38,mean,38.06,F,-1.26,WIN,100-101°F
"Austin, US",2026-09-08,36.8,38,modifisert,38.06,F,-1.26,WIN,100-101°F
"Austin, US",2026-09-08,36.8,35,p5,38.06,F,-1.26,LOSS,100-101°F
"Austin, US",2026-09-08,36.8,35,sigma,38.06,F,-1.26,LOSS,100-101°F
"Beijing, CN",2026-09-08,23.4,25,mean,25.0,C,-1.6,WIN,25.0°C
"Beijing, CN",2026-09-08,23.4,25,modifisert,25.0,C,-1.6,WIN,25.0°C
"Beijing, CN",2026-09-08,23.4,23,p5,25.0,C,-1.6,LOSS,25.0°C
"Beijing, CN",2026-09-08,23.4,24,sigma,25.0,C,-1.6,LOSS,25.0°C
"Buenos Aires, AR",2026-09-08,18.0,18,mean,19.0,C,-1.0,LOSS,19.0°C
"Buenos Aires, AR",2026-09-08,18.0,19,modifisert,19.0,C,-1.0,WIN,19.0°C
"Buenos Aires, AR",2026-09-08,18.0,17,p5,19.0,C,-1.0,LOSS,19.0°C
"Buenos Aires, AR",2026-09-08,18.0,17,sigma,19.0,C,-1.0,LOSS,19.0°C
"Busan, KR",2026-09-08,28.9,30,mean,30.0,C,-1.1,WIN,30.0°C
"Busan, KR",2026-09-08,28.9,30,modifisert,30.0,C,-1.1,WIN,30.0°C
"Busan, KR",2026-09-08,28.9,29,p5,30.0,C,-1.1,LOSS,30.0°C
"Busan, KR",2026-09-08,28.9,30,sigma,30.0,C,-1.1,WIN,30.0°C
"Cape Town, ZA",2026-09-08,27.8,28,mean,29.0,C,-1.2,LOSS,29.0°C
"Cape Town, ZA",2026-09-08,27.8,29,modifisert,29.0,C,-1.2,WIN,29.0°C
"Cape Town, ZA",2026-09-08,27.8,23,p5,29.0,C,-1.2,LOSS,29.0°C
"Cape Town, ZA",2026-09-08,27.8,26,sigma,29.0,C,-1.2,LOSS,29.0°C
"Chengdu, CN",2026-09-08,29.1,31,mean,29.0,C,0.1,LOSS,29.0°C
"Chengdu, CN",2026-09-08,29.1,30,modifisert,29.0,C,0.1,LOSS,29.0°C
"Chengdu, CN",2026-09-08,29.1,29,p5,29.0,C,0.1,WIN,29.0°C
"Chengdu, CN",2026-09-08,29.1,29,sigma,29.0,C,0.1,WIN,29.0°C
"Chicago, US",2026-09-08,28.6,29,mean,29.17,F,-0.57,WIN,84-85°F
"Chicago, US",2026-09-08,28.6,28,modifisert,29.17,F,-0.57,LOSS,84-85°F
"Chicago, US",2026-09-08,28.6,27,p5,29.17,F,-0.57,LOSS,84-85°F
"Chicago, US",2026-09-08,28.6,28,sigma,29.17,F,-0.57,LOSS,84-85°F
"Chongqing, CN",2026-09-08,35.8,36,mean,37.0,C,-1.2,LOSS,37.0°C
"Chongqing, CN",2026-09-08,35.8,38,modifisert,37.0,C,-1.2,LOSS,37.0°C
"Chongqing, CN",2026-09-08,35.8,35,p5,37.0,C,-1.2,LOSS,37.0°C
"Chongqing, CN",2026-09-08,35.8,35,sigma,37.0,C,-1.2,LOSS,37.0°C
"Dallas, US",2026-09-08,38.0,37,mean,38.06,F,-0.06,LOSS,100-101°F
"Dallas, US",2026-09-08,38.0,37,modifisert,38.06,F,-0.06,LOSS,100-101°F
"Dallas, US",2026-09-08,38.0,36,p5,38.06,F,-0.06,LOSS,100-101°F
"Dallas, US",2026-09-08,38.0,37,sigma,38.06,F,-0.06,LOSS,100-101°F
"Denver, US",2026-09-08,28.5,29,mean,30.28,F,-1.78,LOSS,86-87°F
"Denver, US",2026-09-08,28.5,30,modifisert,30.28,F,-1.78,WIN,86-87°F
"Denver, US",2026-09-08,28.5,28,p5,30.28,F,-1.78,LOSS,86-87°F
"Denver, US",2026-09-08,28.5,28,sigma,30.28,F,-1.78,LOSS,86-87°F
"Guangzhou, CN",2026-09-08,34.0,36,mean,35.0,C,-1.0,LOSS,35.0°C
"Guangzhou, CN",2026-09-08,34.0,36,modifisert,35.0,C,-1.0,LOSS,35.0°C
"Guangzhou, CN",2026-09-08,34.0,34,p5,35.0,C,-1.0,LOSS,35.0°C
"Guangzhou, CN",2026-09-08,34.0,35,sigma,35.0,C,-1.0,WIN,35.0°C
"Helsinki, FI",2026-09-08,16.6,17,mean,17.0,C,-0.4,WIN,17.0°C
"Helsinki, FI",2026-09-08,16.6,17,modifisert,17.0,C,-0.4,WIN,17.0°C
"Helsinki, FI",2026-09-08,16.6,16,p5,17.0,C,-0.4,LOSS,17.0°C
"Helsinki, FI",2026-09-08,16.6,16,sigma,17.0,C,-0.4,LOSS,17.0°C
"Hong Kong, HK",2026-09-08,32.1,33,mean,32.0,C,0.1,LOSS,32.0°C
"Hong Kong, HK",2026-09-08,32.1,33,modifisert,32.0,C,0.1,LOSS,32.0°C
"Hong Kong, HK",2026-09-08,32.1,31,p5,32.0,C,0.1,LOSS,32.0°C
"Hong Kong, HK",2026-09-08,32.1,32,sigma,32.0,C,0.1,WIN,32.0°C
"Houston, US",2026-09-08,33.5,34,mean,33.61,F,-0.11,LOSS,92-93°F
"Houston, US",2026-09-08,33.5,33,modifisert,33.61,F,-0.11,LOSS,92-93°F
"Houston, US",2026-09-08,33.5,32,p5,33.61,F,-0.11,LOSS,92-93°F
"Houston, US",2026-09-08,33.5,34,sigma,33.61,F,-0.11,LOSS,92-93°F
"Istanbul, TR",2026-09-08,23.5,23,mean,24.0,C,-0.5,LOSS,24.0°C
"Istanbul, TR",2026-09-08,23.5,24,modifisert,24.0,C,-0.5,WIN,24.0°C
"Istanbul, TR",2026-09-08,23.5,21,p5,24.0,C,-0.5,LOSS,24.0°C
"Istanbul, TR",2026-09-08,23.5,22,sigma,24.0,C,-0.5,LOSS,24.0°C
"Jeddah, SA",2026-09-08,37.6,37,mean,38.0,C,-0.4,LOSS,38.0°C
"Jeddah, SA",2026-09-08,37.6,38,modifisert,38.0,C,-0.4,WIN,38.0°C
"Jeddah, SA",2026-09-08,37.6,33,p5,38.0,C,-0.4,LOSS,38.0°C
"Jeddah, SA",2026-09-08,37.6,34,sigma,38.0,C,-0.4,LOSS,38.0°C
"Jinan, CN",2026-09-08,24.1,24,mean,23.0,C,1.1,LOSS,23.0°C
"Jinan, CN",2026-09-08,24.1,23,modifisert,23.0,C,1.1,WIN,23.0°C
"Jinan, CN",2026-09-08,24.1,22,p5,23.0,C,1.1,LOSS,23.0°C
"Jinan, CN",2026-09-08,24.1,24,sigma,23.0,C,1.1,LOSS,23.0°C
"Karachi, PK",2026-09-08,31.4,31,mean,32.0,C,-0.6,LOSS,32.0°C
"Karachi, PK",2026-09-08,31.7,31,modifisert,32.0,C,-0.3,LOSS,32.0°C
"Karachi, PK",2026-09-08,31.4,30,p5,32.0,C,-0.6,LOSS,32.0°C
"Karachi, PK",2026-09-08,31.4,30,sigma,32.0,C,-0.6,LOSS,32.0°C
"Kuala Lumpur, MY",2026-09-08,32.4,32,mean,33.0,C,-0.6,LOSS,33.0°C
"Kuala Lumpur, MY",2026-09-08,32.4,34,modifisert,33.0,C,-0.6,LOSS,33.0°C
"Kuala Lumpur, MY",2026-09-08,32.4,30,p5,33.0,C,-0.6,LOSS,33.0°C
"Kuala Lumpur, MY",2026-09-08,32.4,31,sigma,33.0,C,-0.6,LOSS,33.0°C
"London, UK",2026-09-08,18.2,19,mean,19.0,C,-0.8,WIN,19.0°C
"London, UK",2026-09-08,18.2,19,modifisert,19.0,C,-0.8,WIN,19.0°C
"London, UK",2026-09-08,18.2,18,p5,19.0,C,-0.8,LOSS,19.0°C
"London, UK",2026-09-08,18.2,18,sigma,19.0,C,-0.8,LOSS,19.0°C
"Los Angeles, US",2026-09-08,32.0,32,mean,32.5,F,-0.5,LOSS,90-91°F
"Los Angeles, US",2026-09-08,32.0,28,modifisert,32.5,F,-0.5,LOSS,90-91°F
"Los Angeles, US",2026-09-08,32.0,29,p5,32.5,F,-0.5,LOSS,90-91°F
"Los Angeles, US",2026-09-08,32.0,32,sigma,32.5,F,-0.5,LOSS,90-91°F
"Lucknow, IN",2026-09-08,31.0,32,mean,32.0,C,-1.0,WIN,32.0°C
"Lucknow, IN",2026-09-08,31.4,32,modifisert,32.0,C,-0.6,WIN,32.0°C
"Lucknow, IN",2026-09-08,31.0,30,p5,32.0,C,-1.0,LOSS,32.0°C
"Lucknow, IN",2026-09-08,31.0,30,sigma,32.0,C,-1.0,LOSS,32.0°C
"Madrid, ES",2026-09-08,34.9,35,mean,36.0,C,-1.1,LOSS,36.0°C
"Madrid, ES",2026-09-08,34.9,36,modifisert,36.0,C,-1.1,WIN,36.0°C
"Madrid, ES",2026-09-08,34.9,34,p5,36.0,C,-1.1,LOSS,36.0°C
"Madrid, ES",2026-09-08,34.9,34,sigma,36.0,C,-1.1,LOSS,36.0°C
"Manila, PH",2026-09-08,27.8,29,mean,28.0,C,-0.2,LOSS,28.0°C
"Manila, PH",2026-09-08,27.8,29,modifisert,28.0,C,-0.2,LOSS,28.0°C
"Manila, PH",2026-09-08,27.8,27,p5,28.0,C,-0.2,LOSS,28.0°C
"Manila, PH",2026-09-08,27.8,27,sigma,28.0,C,-0.2,LOSS,28.0°C
"Mexico City, MX",2026-09-08,23.9,25,mean,,C,,WIN,25°C or higher
"Mexico City, MX",2026-09-08,23.9,24,modifisert,,C,,LOSS,25°C or higher
"Mexico City, MX",2026-09-08,23.9,24,p5,,C,,LOSS,25°C or higher
"Mexico City, MX",2026-09-08,23.9,25,sigma,,C,,WIN,25°C or higher
"Miami, US",2026-09-08,31.6,32,mean,32.5,F,-0.9,LOSS,90-91°F
"Miami, US",2026-09-08,31.6,32,modifisert,32.5,F,-0.9,LOSS,90-91°F
"Miami, US",2026-09-08,31.6,30,p5,32.5,F,-0.9,LOSS,90-91°F
"Miami, US",2026-09-08,31.6,30,sigma,32.5,F,-0.9,LOSS,90-91°F
"Milan, IT",2026-09-08,30.2,31,mean,32.0,C,-1.8,LOSS,32.0°C
"Milan, IT",2026-09-08,30.2,31,modifisert,32.0,C,-1.8,LOSS,32.0°C
"Milan, IT",2026-09-08,30.2,28,p5,32.0,C,-1.8,LOSS,32.0°C
"Milan, IT",2026-09-08,30.2,29,sigma,32.0,C,-1.8,LOSS,32.0°C
"Moscow, RU",2026-09-08,14.1,14,mean,15.0,C,-0.9,LOSS,15.0°C
"Moscow, RU",2026-09-08,14.1,14,modifisert,15.0,C,-0.9,LOSS,15.0°C
"Moscow, RU",2026-09-08,14.1,13,p5,15.0,C,-0.9,LOSS,15.0°C
"Moscow, RU",2026-09-08,14.1,13,sigma,15.0,C,-0.9,LOSS,15.0°C
"Munich, DE",2026-09-08,30.2,32,mean,32.0,C,-1.8,WIN,32.0°C
"Munich, DE",2026-09-08,30.2,33,modifisert,32.0,C,-1.8,LOSS,32.0°C
"Munich, DE",2026-09-08,30.2,30,p5,32.0,C,-1.8,LOSS,32.0°C
"Munich, DE",2026-09-08,30.2,30,sigma,32.0,C,-1.8,LOSS,32.0°C
"New York, US",2026-09-08,27.5,28,mean,26.94,F,0.56,LOSS,80-81°F
"New York, US",2026-09-08,27.5,28,modifisert,26.94,F,0.56,LOSS,80-81°F
"New York, US",2026-09-08,27.5,26,p5,26.94,F,0.56,LOSS,80-81°F
"New York, US",2026-09-08,27.5,27,sigma,26.94,F,0.56,WIN,80-81°F
"Panama City, PA",2026-09-08,32.6,33,mean,34.0,C,-1.4,LOSS,34.0°C
"Panama City, PA",2026-09-08,32.6,34,modifisert,34.0,C,-1.4,WIN,34.0°C
"Panama City, PA",2026-09-08,32.6,31,p5,34.0,C,-1.4,LOSS,34.0°C
"Panama City, PA",2026-09-08,32.6,31,sigma,34.0,C,-1.4,LOSS,34.0°C
"Paris, FR",2026-09-08,25.5,26,mean,27.0,C,-1.5,LOSS,27.0°C
"Paris, FR",2026-09-08,25.5,26,modifisert,27.0,C,-1.5,LOSS,27.0°C
"Paris, FR",2026-09-08,25.5,24,p5,27.0,C,-1.5,LOSS,27.0°C
"Paris, FR",2026-09-08,25.5,25,sigma,27.0,C,-1.5,LOSS,27.0°C
"Qingdao, CN",2026-09-08,27.6,28,mean,27.0,C,0.6,LOSS,27.0°C
"Qingdao, CN",2026-09-08,27.6,29,modifisert,27.0,C,0.6,LOSS,27.0°C
"Qingdao, CN",2026-09-08,27.6,25,p5,27.0,C,0.6,LOSS,27.0°C
"Qingdao, CN",2026-09-08,27.6,26,sigma,27.0,C,0.6,LOSS,27.0°C
"San Francisco, US",2026-09-08,28.6,29,mean,30.28,F,-1.68,LOSS,86-87°F
"San Francisco, US",2026-09-08,28.6,30,modifisert,30.28,F,-1.68,WIN,86-87°F
"San Francisco, US",2026-09-08,28.6,23,p5,30.28,F,-1.68,LOSS,86-87°F
"San Francisco, US",2026-09-08,28.6,24,sigma,30.28,F,-1.68,LOSS,86-87°F
"Sao Paulo, BR",2026-09-08,20.0,20,mean,19.0,C,1.0,LOSS,19.0°C
"Sao Paulo, BR",2026-09-08,20.0,21,modifisert,19.0,C,1.0,LOSS,19.0°C
"Sao Paulo, BR",2026-09-08,20.0,18,p5,19.0,C,1.0,LOSS,19.0°C
"Sao Paulo, BR",2026-09-08,20.0,19,sigma,19.0,C,1.0,WIN,19.0°C
"Seattle, US",2026-09-08,21.5,21,mean,23.61,F,-2.11,LOSS,74-75°F
"Seattle, US",2026-09-08,21.5,22,modifisert,23.61,F,-2.11,LOSS,74-75°F
"Seattle, US",2026-09-08,21.5,20,p5,23.61,F,-2.11,LOSS,74-75°F
"Seattle, US",2026-09-08,21.5,20,sigma,23.61,F,-2.11,LOSS,74-75°F
"Seoul (Incheon), KR",2026-09-08,27.0,28,mean,27.0,C,0.0,LOSS,27.0°C
"Seoul (Incheon), KR",2026-09-08,27.0,28,modifisert,27.0,C,0.0,LOSS,27.0°C
"Seoul (Incheon), KR",2026-09-08,27.0,26,p5,27.0,C,0.0,LOSS,27.0°C
"Seoul (Incheon), KR",2026-09-08,27.0,26,sigma,27.0,C,0.0,LOSS,27.0°C
"Shanghai, CN",2026-09-08,28.1,29,mean,30.0,C,-1.9,LOSS,30.0°C
"Shanghai, CN",2026-09-08,28.1,29,modifisert,30.0,C,-1.9,LOSS,30.0°C
"Shanghai, CN",2026-09-08,28.1,28,p5,30.0,C,-1.9,LOSS,30.0°C
"Shanghai, CN",2026-09-08,28.1,28,sigma,30.0,C,-1.9,LOSS,30.0°C
"Shenzhen, CN",2026-09-08,33.1,33,mean,32.0,C,1.1,LOSS,32.0°C
"Shenzhen, CN",2026-09-08,33.1,33,modifisert,32.0,C,1.1,LOSS,32.0°C
"Shenzhen, CN",2026-09-08,33.1,32,p5,32.0,C,1.1,WIN,32.0°C
"Shenzhen, CN",2026-09-08,33.1,32,sigma,32.0,C,1.1,WIN,32.0°C
"Singapore, SG",2026-09-08,32.1,32,mean,33.0,C,-0.9,LOSS,33.0°C
"Singapore, SG",2026-09-08,32.1,33,modifisert,33.0,C,-0.9,WIN,33.0°C
"Singapore, SG",2026-09-08,32.1,30,p5,33.0,C,-0.9,LOSS,33.0°C
"Singapore, SG",2026-09-08,32.1,31,sigma,33.0,C,-0.9,LOSS,33.0°C
"Taipei, TW",2026-09-08,29.4,31,mean,32.0,C,-2.6,LOSS,32.0°C
"Taipei, TW",2026-09-08,29.4,32,modifisert,32.0,C,-2.6,WIN,32.0°C
"Taipei, TW",2026-09-08,29.4,29,p5,32.0,C,-2.6,LOSS,32.0°C
"Taipei, TW",2026-09-08,29.4,29,sigma,32.0,C,-2.6,LOSS,32.0°C
"Tel Aviv, IL",2026-09-08,34.5,35,mean,34.0,C,0.5,LOSS,34.0°C
"Tel Aviv, IL",2026-09-08,34.5,34,modifisert,34.0,C,0.5,WIN,34.0°C
"Tel Aviv, IL",2026-09-08,34.5,33,p5,34.0,C,0.5,LOSS,34.0°C
"Tel Aviv, IL",2026-09-08,34.5,34,sigma,34.0,C,0.5,WIN,34.0°C
"Tokyo, JP",2026-09-08,29.5,30,mean,29.0,C,0.5,LOSS,29.0°C
"Tokyo, JP",2026-09-08,29.5,30,modifisert,29.0,C,0.5,LOSS,29.0°C
"Tokyo, JP",2026-09-08,29.5,28,p5,29.0,C,0.5,LOSS,29.0°C
"Tokyo, JP",2026-09-08,29.5,29,sigma,29.0,C,0.5,WIN,29.0°C
"Toronto, CA",2026-09-08,24.4,24,mean,25.0,C,-0.6,LOSS,25.0°C
"Toronto, CA",2026-09-08,24.4,24,modifisert,25.0,C,-0.6,LOSS,25.0°C
"Toronto, CA",2026-09-08,24.4,22,p5,25.0,C,-0.6,LOSS,25.0°C
"Toronto, CA",2026-09-08,24.4,22,sigma,25.0,C,-0.6,LOSS,25.0°C
"Warsaw, PL",2026-09-08,26.8,28,mean,27.0,C,-0.2,LOSS,27.0°C
"Warsaw, PL",2026-09-08,26.8,27,modifisert,27.0,C,-0.2,WIN,27.0°C
"Warsaw, PL",2026-09-08,26.8,25,p5,27.0,C,-0.2,LOSS,27.0°C
"Warsaw, PL",2026-09-08,26.8,26,sigma,27.0,C,-0.2,LOSS,27.0°C
"Wellington, NZ",2026-09-08,12.2,13,mean,13.0,C,-0.8,WIN,13.0°C
"Wellington, NZ",2026-09-08,12.2,13,modifisert,13.0,C,-0.8,WIN,13.0°C
"Wellington, NZ",2026-09-08,12.2,12,p5,13.0,C,-0.8,LOSS,13.0°C
"Wellington, NZ",2026-09-08,12.2,12,sigma,13.0,C,-0.8,LOSS,13.0°C
"Wuhan, CN",2026-09-08,33.2,34,mean,35.0,C,-1.8,LOSS,35.0°C
"Wuhan, CN",2026-09-08,33.2,34,modifisert,35.0,C,-1.8,LOSS,35.0°C
"Wuhan, CN",2026-09-08,33.2,33,p5,35.0,C,-1.8,LOSS,35.0°C
"Wuhan, CN",2026-09-08,33.2,33,sigma,35.0,C,-1.8,LOSS,35.0°C
"Zhengzhou, CN",2026-09-08,25.1,27,mean,25.0,C,0.1,LOSS,25.0°C
"Zhengzhou, CN",2026-09-08,25.1,26,modifisert,25.0,C,0.1,LOSS,25.0°C
"Zhengzhou, CN",2026-09-08,25.1,24,p5,25.0,C,0.1,LOSS,25.0°C
"Zhengzhou, CN",2026-09-08,25.1,25,sigma,25.0,C,0.1,WIN,25.0°C
"Amsterdam, NL",2026-09-09,17.5,18,mean,18.0,C,-0.5,WIN,18.0°C
"Amsterdam, NL",2026-09-09,17.5,18,modifisert,18.0,C,-0.5,WIN,18.0°C
"Amsterdam, NL",2026-09-09,17.5,17,p5,18.0,C,-0.5,LOSS,18.0°C
"Amsterdam, NL",2026-09-09,17.5,18,sigma,18.0,C,-0.5,WIN,18.0°C
"Ankara, TR",2026-09-09,25.9,26,mean,27.0,C,-1.1,LOSS,27.0°C
"Ankara, TR",2026-09-09,25.9,27,modifisert,27.0,C,-1.1,WIN,27.0°C
"Ankara, TR",2026-09-09,25.9,25,p5,27.0,C,-1.1,LOSS,27.0°C
"Ankara, TR",2026-09-09,25.9,25,sigma,27.0,C,-1.1,LOSS,27.0°C
"Atlanta, US",2026-09-09,31.9,32,mean,31.39,F,0.51,LOSS,88-89°F
"Atlanta, US",2026-09-09,31.9,34,modifisert,31.39,F,0.51,LOSS,88-89°F
"Atlanta, US",2026-09-09,31.9,31,p5,31.39,F,0.51,LOSS,88-89°F
"Atlanta, US",2026-09-09,31.9,31,sigma,31.39,F,0.51,LOSS,88-89°F
"Austin, US",2026-09-09,35.4,36,mean,36.94,F,-1.54,LOSS,98-99°F
"Austin, US",2026-09-09,35.4,36,modifisert,36.94,F,-1.54,LOSS,98-99°F
"Austin, US",2026-09-09,35.4,34,p5,36.94,F,-1.54,LOSS,98-99°F
"Austin, US",2026-09-09,35.4,34,sigma,36.94,F,-1.54,LOSS,98-99°F
"Beijing, CN",2026-09-09,25.4,27,mean,27.0,C,-1.6,WIN,27.0°C
"Beijing, CN",2026-09-09,25.4,27,modifisert,27.0,C,-1.6,WIN,27.0°C
"Beijing, CN",2026-09-09,25.4,26,p5,27.0,C,-1.6,LOSS,27.0°C
"Beijing, CN",2026-09-09,25.4,26,sigma,27.0,C,-1.6,LOSS,27.0°C
"Buenos Aires, AR",2026-09-09,19.0,20,mean,20.0,C,-1.0,WIN,20.0°C
"Buenos Aires, AR",2026-09-09,19.0,20,modifisert,20.0,C,-1.0,WIN,20.0°C
"Buenos Aires, AR",2026-09-09,19.0,18,p5,20.0,C,-1.0,LOSS,20.0°C
"Buenos Aires, AR",2026-09-09,19.0,19,sigma,20.0,C,-1.0,LOSS,20.0°C
"Busan, KR",2026-09-09,25.5,27,mean,26.0,C,-0.5,LOSS,26.0°C
"Busan, KR",2026-09-09,25.5,27,modifisert,26.0,C,-0.5,LOSS,26.0°C
"Busan, KR",2026-09-09,25.5,26,p5,26.0,C,-0.5,WIN,26.0°C
"Busan, KR",2026-09-09,25.5,26,sigma,26.0,C,-0.5,WIN,26.0°C
"Cape Town, ZA",2026-09-09,20.7,21,mean,,C,,LOSS,17°C or below
"Cape Town, ZA",2026-09-09,20.7,21,modifisert,,C,,LOSS,17°C or below
"Cape Town, ZA",2026-09-09,20.7,18,p5,,C,,LOSS,17°C or below
"Cape Town, ZA",2026-09-09,20.7,19,sigma,,C,,LOSS,17°C or below
"Chengdu, CN",2026-09-09,25.0,26,mean,27.0,C,-2.0,LOSS,27.0°C
"Chengdu, CN",2026-09-09,25.0,26,modifisert,27.0,C,-2.0,LOSS,27.0°C
"Chengdu, CN",2026-09-09,25.0,25,p5,27.0,C,-2.0,LOSS,27.0°C
"Chengdu, CN",2026-09-09,25.0,25,sigma,27.0,C,-2.0,LOSS,27.0°C
"Chicago, US",2026-09-09,25.5,26,mean,25.83,F,-0.33,WIN,78-79°F
"Chicago, US",2026-09-09,25.5,25,modifisert,25.83,F,-0.33,LOSS,78-79°F
"Chicago, US",2026-09-09,25.5,24,p5,25.83,F,-0.33,LOSS,78-79°F
"Chicago, US",2026-09-09,25.5,25,sigma,25.83,F,-0.33,LOSS,78-79°F
"Chongqing, CN",2026-09-09,34.0,35,mean,36.0,C,-2.0,LOSS,36.0°C
"Chongqing, CN",2026-09-09,34.0,36,modifisert,36.0,C,-2.0,WIN,36.0°C
"Chongqing, CN",2026-09-09,34.0,32,p5,36.0,C,-2.0,LOSS,36.0°C
"Chongqing, CN",2026-09-09,34.0,33,sigma,36.0,C,-2.0,LOSS,36.0°C
"Dallas, US",2026-09-09,37.5,37,mean,38.06,F,-0.56,LOSS,100-101°F
"Dallas, US",2026-09-09,37.5,37,modifisert,38.06,F,-0.56,LOSS,100-101°F
"Dallas, US",2026-09-09,37.5,36,p5,38.06,F,-0.56,LOSS,100-101°F
"Dallas, US",2026-09-09,37.5,37,sigma,38.06,F,-0.56,LOSS,100-101°F
"Denver, US",2026-09-09,26.9,28,mean,28.06,F,-1.16,WIN,82-83°F
"Denver, US",2026-09-09,26.9,28,modifisert,28.06,F,-1.16,WIN,82-83°F
"Denver, US",2026-09-09,26.9,26,p5,28.06,F,-1.16,LOSS,82-83°F
"Denver, US",2026-09-09,26.9,27,sigma,28.06,F,-1.16,LOSS,82-83°F
"Guangzhou, CN",2026-09-09,32.9,34,mean,35.0,C,-2.1,LOSS,35.0°C
"Guangzhou, CN",2026-09-09,32.9,35,modifisert,35.0,C,-2.1,WIN,35.0°C
"Guangzhou, CN",2026-09-09,32.9,33,p5,35.0,C,-2.1,LOSS,35.0°C
"Guangzhou, CN",2026-09-09,32.9,34,sigma,35.0,C,-2.1,LOSS,35.0°C
"Helsinki, FI",2026-09-09,16.6,17,mean,18.0,C,-1.4,LOSS,18.0°C
"Helsinki, FI",2026-09-09,16.6,17,modifisert,18.0,C,-1.4,LOSS,18.0°C
"Helsinki, FI",2026-09-09,16.6,16,p5,18.0,C,-1.4,LOSS,18.0°C
"Helsinki, FI",2026-09-09,16.6,16,sigma,18.0,C,-1.4,LOSS,18.0°C
"Hong Kong, HK",2026-09-09,29.7,30,mean,32.0,C,-2.3,LOSS,32.0°C
"Hong Kong, HK",2026-09-09,29.7,30,modifisert,32.0,C,-2.3,LOSS,32.0°C
"Hong Kong, HK",2026-09-09,29.7,29,p5,32.0,C,-2.3,LOSS,32.0°C
"Hong Kong, HK",2026-09-09,29.7,29,sigma,32.0,C,-2.3,LOSS,32.0°C
"Houston, US",2026-09-09,31.9,33,mean,32.5,F,-0.6,LOSS,90-91°F
"Houston, US",2026-09-09,31.9,32,modifisert,32.5,F,-0.6,LOSS,90-91°F
"Houston, US",2026-09-09,31.9,31,p5,32.5,F,-0.6,LOSS,90-91°F
"Houston, US",2026-09-09,31.9,32,sigma,32.5,F,-0.6,LOSS,90-91°F
"Istanbul, TR",2026-09-09,24.3,24,mean,25.0,C,-0.7,LOSS,25.0°C
"Istanbul, TR",2026-09-09,24.3,25,modifisert,25.0,C,-0.7,WIN,25.0°C
"Istanbul, TR",2026-09-09,24.3,22,p5,25.0,C,-0.7,LOSS,25.0°C
"Istanbul, TR",2026-09-09,24.3,22,sigma,25.0,C,-0.7,LOSS,25.0°C
"Jeddah, SA",2026-09-09,37.5,37,mean,38.0,C,-0.5,LOSS,38.0°C
"Jeddah, SA",2026-09-09,37.5,38,modifisert,38.0,C,-0.5,WIN,38.0°C
"Jeddah, SA",2026-09-09,37.5,34,p5,38.0,C,-0.5,LOSS,38.0°C
"Jeddah, SA",2026-09-09,37.5,34,sigma,38.0,C,-0.5,LOSS,38.0°C
"Jinan, CN",2026-09-09,24.9,25,mean,24.0,C,0.9,LOSS,24.0°C
"Jinan, CN",2026-09-09,24.9,24,modifisert,24.0,C,0.9,WIN,24.0°C
"Jinan, CN",2026-09-09,24.9,23,p5,24.0,C,0.9,LOSS,24.0°C
"Jinan, CN",2026-09-09,24.9,25,sigma,24.0,C,0.9,LOSS,24.0°C
"Karachi, PK",2026-09-09,32.4,32,mean,33.0,C,-0.6,LOSS,33.0°C
"Karachi, PK",2026-09-09,32.4,33,modifisert,33.0,C,-0.6,WIN,33.0°C
"Karachi, PK",2026-09-09,32.4,30,p5,33.0,C,-0.6,LOSS,33.0°C
"Karachi, PK",2026-09-09,32.4,30,sigma,33.0,C,-0.6,LOSS,33.0°C
"Kuala Lumpur, MY",2026-09-09,31.6,31,mean,33.0,C,-1.4,LOSS,33.0°C
"Kuala Lumpur, MY",2026-09-09,31.6,33,modifisert,33.0,C,-1.4,WIN,33.0°C
"Kuala Lumpur, MY",2026-09-09,31.6,29,p5,33.0,C,-1.4,LOSS,33.0°C
"Kuala Lumpur, MY",2026-09-09,31.6,29,sigma,33.0,C,-1.4,LOSS,33.0°C
"London, UK",2026-09-09,18.9,19,mean,19.0,C,-0.1,WIN,19.0°C
"London, UK",2026-09-09,18.9,20,modifisert,19.0,C,-0.1,LOSS,19.0°C
"London, UK",2026-09-09,18.9,18,p5,19.0,C,-0.1,LOSS,19.0°C
"London, UK",2026-09-09,18.9,19,sigma,19.0,C,-0.1,WIN,19.0°C
"Los Angeles, US",2026-09-09,36.0,36,mean,,F,,WIN,96°F or higher
"Los Angeles, US",2026-09-09,36.0,30,modifisert,,F,,LOSS,96°F or higher
"Los Angeles, US",2026-09-09,36.0,33,p5,,F,,LOSS,96°F or higher
"Los Angeles, US",2026-09-09,36.0,36,sigma,,F,,WIN,96°F or higher
"Lucknow, IN",2026-09-09,33.5,34,mean,34.0,C,-0.5,WIN,34.0°C
"Lucknow, IN",2026-09-09,33.5,33,modifisert,34.0,C,-0.5,LOSS,34.0°C
"Lucknow, IN",2026-09-09,33.5,33,p5,34.0,C,-0.5,LOSS,34.0°C
"Lucknow, IN",2026-09-09,33.5,33,sigma,34.0,C,-0.5,LOSS,34.0°C
"Madrid, ES",2026-09-09,26.6,27,mean,27.0,C,-0.4,WIN,27.0°C
"Madrid, ES",2026-09-09,26.6,28,modifisert,27.0,C,-0.4,LOSS,27.0°C
"Madrid, ES",2026-09-09,26.6,26,p5,27.0,C,-0.4,LOSS,27.0°C
"Madrid, ES",2026-09-09,26.6,26,sigma,27.0,C,-0.4,LOSS,27.0°C
"Manila, PH",2026-09-09,27.7,29,mean,30.0,C,-2.3,LOSS,30.0°C
"Manila, PH",2026-09-09,27.7,29,modifisert,30.0,C,-2.3,LOSS,30.0°C
"Manila, PH",2026-09-09,27.7,27,p5,30.0,C,-2.3,LOSS,30.0°C
"Manila, PH",2026-09-09,27.7,27,sigma,30.0,C,-2.3,LOSS,30.0°C
"Mexico City, MX",2026-09-09,24.2,25,mean,24.0,C,0.2,LOSS,24.0°C
"Mexico City, MX",2026-09-09,24.2,24,modifisert,24.0,C,0.2,WIN,24.0°C
"Mexico City, MX",2026-09-09,24.2,24,p5,24.0,C,0.2,WIN,24.0°C
"Mexico City, MX",2026-09-09,24.2,25,sigma,24.0,C,0.2,LOSS,24.0°C
"Miami, US",2026-09-09,30.7,31,mean,32.5,F,-1.8,LOSS,90-91°F
"Miami, US",2026-09-09,30.7,31,modifisert,32.5,F,-1.8,LOSS,90-91°F
"Miami, US",2026-09-09,30.7,30,p5,32.5,F,-1.8,LOSS,90-91°F
"Miami, US",2026-09-09,30.7,30,sigma,32.5,F,-1.8,LOSS,90-91°F
"Milan, IT",2026-09-09,23.5,24,mean,24.0,C,-0.5,WIN,24.0°C
"Milan, IT",2026-09-09,23.5,25,modifisert,24.0,C,-0.5,LOSS,24.0°C
"Milan, IT",2026-09-09,23.5,23,p5,24.0,C,-0.5,LOSS,24.0°C
"Milan, IT",2026-09-09,23.5,23,sigma,24.0,C,-0.5,LOSS,24.0°C
"Moscow, RU",2026-09-09,20.4,21,mean,21.0,C,-0.6,WIN,21.0°C
"Moscow, RU",2026-09-09,20.4,21,modifisert,21.0,C,-0.6,WIN,21.0°C
"Moscow, RU",2026-09-09,20.4,20,p5,21.0,C,-0.6,LOSS,21.0°C
"Moscow, RU",2026-09-09,20.4,20,sigma,21.0,C,-0.6,LOSS,21.0°C
"Munich, DE",2026-09-09,20.8,22,mean,22.0,C,-1.2,WIN,22.0°C
"Munich, DE",2026-09-09,20.8,22,modifisert,22.0,C,-1.2,WIN,22.0°C
"Munich, DE",2026-09-09,20.8,20,p5,22.0,C,-1.2,LOSS,22.0°C
"Munich, DE",2026-09-09,20.8,21,sigma,22.0,C,-1.2,LOSS,22.0°C
"New York, US",2026-09-09,28.4,29,mean,28.06,F,0.34,LOSS,82-83°F
"New York, US",2026-09-09,28.4,28,modifisert,28.06,F,0.34,WIN,82-83°F
"New York, US",2026-09-09,28.4,27,p5,28.06,F,0.34,LOSS,82-83°F
"New York, US",2026-09-09,28.4,28,sigma,28.06,F,0.34,WIN,82-83°F
"Panama City, PA",2026-09-09,30.3,31,mean,31.0,C,-0.7,WIN,31.0°C
"Panama City, PA",2026-09-09,30.3,32,modifisert,31.0,C,-0.7,LOSS,31.0°C
"Panama City, PA",2026-09-09,30.3,29,p5,31.0,C,-0.7,LOSS,31.0°C
"Panama City, PA",2026-09-09,30.3,29,sigma,31.0,C,-0.7,LOSS,31.0°C
"Paris, FR",2026-09-09,20.6,21,mean,22.0,C,-1.4,LOSS,22.0°C
"Paris, FR",2026-09-09,20.6,21,modifisert,22.0,C,-1.4,LOSS,22.0°C
"Paris, FR",2026-09-09,20.6,20,p5,22.0,C,-1.4,LOSS,22.0°C
"Paris, FR",2026-09-09,20.6,21,sigma,22.0,C,-1.4,LOSS,22.0°C
"Qingdao, CN",2026-09-09,25.5,25,mean,26.0,C,-0.5,LOSS,26.0°C
"Qingdao, CN",2026-09-09,25.5,27,modifisert,26.0,C,-0.5,LOSS,26.0°C
"Qingdao, CN",2026-09-09,25.5,23,p5,26.0,C,-0.5,LOSS,26.0°C
"Qingdao, CN",2026-09-09,25.5,24,sigma,26.0,C,-0.5,LOSS,26.0°C
"San Francisco, US",2026-09-09,31.9,32,mean,33.61,F,-1.71,LOSS,92-93°F
"San Francisco, US",2026-09-09,31.9,33,modifisert,33.61,F,-1.71,LOSS,92-93°F
"San Francisco, US",2026-09-09,31.9,26,p5,33.61,F,-1.71,LOSS,92-93°F
"San Francisco, US",2026-09-09,31.9,27,sigma,33.61,F,-1.71,LOSS,92-93°F
"Sao Paulo, BR",2026-09-09,22.1,22,mean,22.0,C,0.1,WIN,22.0°C
"Sao Paulo, BR",2026-09-09,22.1,23,modifisert,22.0,C,0.1,LOSS,22.0°C
"Sao Paulo, BR",2026-09-09,22.1,21,p5,22.0,C,0.1,LOSS,22.0°C
"Sao Paulo, BR",2026-09-09,22.1,21,sigma,22.0,C,0.1,LOSS,22.0°C
"Seattle, US",2026-09-09,23.9,24,mean,24.72,F,-0.82,LOSS,76-77°F
"Seattle, US",2026-09-09,23.9,24,modifisert,24.72,F,-0.82,LOSS,76-77°F
"Seattle, US",2026-09-09,23.9,22,p5,24.72,F,-0.82,LOSS,76-77°F
"Seattle, US",2026-09-09,23.9,22,sigma,24.72,F,-0.82,LOSS,76-77°F
"Seoul (Incheon), KR",2026-09-09,25.3,26,mean,26.0,C,-0.7,WIN,26.0°C
"Seoul (Incheon), KR",2026-09-09,25.3,26,modifisert,26.0,C,-0.7,WIN,26.0°C
"Seoul (Incheon), KR",2026-09-09,25.3,25,p5,26.0,C,-0.7,LOSS,26.0°C
"Seoul (Incheon), KR",2026-09-09,25.3,25,sigma,26.0,C,-0.7,LOSS,26.0°C
"Shanghai, CN",2026-09-09,27.4,28,mean,28.0,C,-0.6,WIN,28.0°C
"Shanghai, CN",2026-09-09,27.4,27,modifisert,28.0,C,-0.6,LOSS,28.0°C
"Shanghai, CN",2026-09-09,27.4,26,p5,28.0,C,-0.6,LOSS,28.0°C
"Shanghai, CN",2026-09-09,27.4,27,sigma,28.0,C,-0.6,LOSS,28.0°C
"Shenzhen, CN",2026-09-09,31.8,32,mean,32.0,C,-0.2,WIN,32.0°C
"Shenzhen, CN",2026-09-09,31.8,32,modifisert,32.0,C,-0.2,WIN,32.0°C
"Shenzhen, CN",2026-09-09,31.8,29,p5,32.0,C,-0.2,LOSS,32.0°C
"Shenzhen, CN",2026-09-09,31.8,30,sigma,32.0,C,-0.2,LOSS,32.0°C
"Singapore, SG",2026-09-09,31.7,31,mean,33.0,C,-1.3,LOSS,33.0°C
"Singapore, SG",2026-09-09,31.7,33,modifisert,33.0,C,-1.3,WIN,33.0°C
"Singapore, SG",2026-09-09,31.7,30,p5,33.0,C,-1.3,LOSS,33.0°C
"Singapore, SG",2026-09-09,31.7,30,sigma,33.0,C,-1.3,LOSS,33.0°C
"Taipei, TW",2026-09-09,29.4,31,mean,31.0,C,-1.6,WIN,31.0°C
"Taipei, TW",2026-09-09,29.4,32,modifisert,31.0,C,-1.6,LOSS,31.0°C
"Taipei, TW",2026-09-09,29.4,29,p5,31.0,C,-1.6,LOSS,31.0°C
"Taipei, TW",2026-09-09,29.4,29,sigma,31.0,C,-1.6,LOSS,31.0°C
"Tel Aviv, IL",2026-09-09,34.3,34,mean,34.0,C,0.3,WIN,34.0°C
"Tel Aviv, IL",2026-09-09,34.3,34,modifisert,34.0,C,0.3,WIN,34.0°C
"Tel Aviv, IL",2026-09-09,34.3,32,p5,34.0,C,0.3,LOSS,34.0°C
"Tel Aviv, IL",2026-09-09,34.3,34,sigma,34.0,C,0.3,WIN,34.0°C
"Tokyo, JP",2026-09-09,30.6,32,mean,31.0,C,-0.4,LOSS,31.0°C
"Tokyo, JP",2026-09-09,30.6,31,modifisert,31.0,C,-0.4,WIN,31.0°C
"Tokyo, JP",2026-09-09,30.6,30,p5,31.0,C,-0.4,LOSS,31.0°C
"Tokyo, JP",2026-09-09,30.6,31,sigma,31.0,C,-0.4,WIN,31.0°C
"Toronto, CA",2026-09-09,24.1,24,mean,24.0,C,0.1,WIN,24.0°C
"Toronto, CA",2026-09-09,24.1,24,modifisert,24.0,C,0.1,WIN,24.0°C
"Toronto, CA",2026-09-09,24.1,23,p5,24.0,C,0.1,LOSS,24.0°C
"Toronto, CA",2026-09-09,24.1,23,sigma,24.0,C,0.1,LOSS,24.0°C
"Warsaw, PL",2026-09-09,29.2,30,mean,30.0,C,-0.8,WIN,30.0°C
"Warsaw, PL",2026-09-09,29.2,29,modifisert,30.0,C,-0.8,LOSS,30.0°C
"Warsaw, PL",2026-09-09,29.2,28,p5,30.0,C,-0.8,LOSS,30.0°C
"Warsaw, PL",2026-09-09,29.2,28,sigma,30.0,C,-0.8,LOSS,30.0°C
"Wellington, NZ",2026-09-09,12.9,14,mean,14.0,C,-1.1,WIN,14.0°C
"Wellington, NZ",2026-09-09,12.9,14,modifisert,14.0,C,-1.1,WIN,14.0°C
"Wellington, NZ",2026-09-09,12.9,13,p5,14.0,C,-1.1,LOSS,14.0°C
"Wellington, NZ",2026-09-09,12.9,14,sigma,14.0,C,-1.1,WIN,14.0°C
"Wuhan, CN",2026-09-09,26.3,27,mean,,C,,LOSS,26°C or below
"Wuhan, CN",2026-09-09,26.3,27,modifisert,,C,,LOSS,26°C or below
"Wuhan, CN",2026-09-09,26.3,25,p5,,C,,WIN,26°C or below
"Wuhan, CN",2026-09-09,26.3,26,sigma,,C,,LOSS,26°C or below
"Zhengzhou, CN",2026-09-09,18.9,20,mean,,C,,WIN,22°C or below
"Zhengzhou, CN",2026-09-09,18.9,20,modifisert,,C,,WIN,22°C or below
"Zhengzhou, CN",2026-09-09,18.9,16,p5,,C,,WIN,22°C or below
"Zhengzhou, CN",2026-09-09,18.9,18,sigma,,C,,WIN,22°C or below
"Amsterdam, NL",2026-09-10,18.7,19,mean,20.0,C,-1.3,LOSS,20.0°C
"Amsterdam, NL",2026-09-10,18.7,19,modifisert,20.0,C,-1.3,LOSS,20.0°C
"Amsterdam, NL",2026-09-10,18.7,18,p5,20.0,C,-1.3,LOSS,20.0°C
"Amsterdam, NL",2026-09-10,18.7,19,sigma,20.0,C,-1.3,LOSS,20.0°C
"Ankara, TR",2026-09-10,28.9,29,mean,30.0,C,-1.1,LOSS,30.0°C
"Ankara, TR",2026-09-10,28.9,30,modifisert,30.0,C,-1.1,WIN,30.0°C
"Ankara, TR",2026-09-10,28.9,28,p5,30.0,C,-1.1,LOSS,30.0°C
"Ankara, TR",2026-09-10,28.9,28,sigma,30.0,C,-1.1,LOSS,30.0°C
"Atlanta, US",2026-09-10,31.6,32,mean,32.5,F,-0.9,LOSS,90-91°F
"Atlanta, US",2026-09-10,31.6,34,modifisert,32.5,F,-0.9,LOSS,90-91°F
"Atlanta, US",2026-09-10,31.6,31,p5,32.5,F,-0.9,LOSS,90-91°F
"Atlanta, US",2026-09-10,31.6,31,sigma,32.5,F,-0.9,LOSS,90-91°F
"Austin, US",2026-09-10,35.8,37,mean,38.06,F,-2.26,LOSS,100-101°F
"Austin, US",2026-09-10,35.8,37,modifisert,38.06,F,-2.26,LOSS,100-101°F
"Austin, US",2026-09-10,35.8,34,p5,38.06,F,-2.26,LOSS,100-101°F
"Austin, US",2026-09-10,35.8,35,sigma,38.06,F,-2.26,LOSS,100-101°F
"Beijing, CN",2026-09-10,29.0,30,mean,31.0,C,-2.0,LOSS,31.0°C
"Beijing, CN",2026-09-10,29.0,30,modifisert,31.0,C,-2.0,LOSS,31.0°C
"Beijing, CN",2026-09-10,29.0,29,p5,31.0,C,-2.0,LOSS,31.0°C
"Beijing, CN",2026-09-10,29.0,29,sigma,31.0,C,-2.0,LOSS,31.0°C
"Buenos Aires, AR",2026-09-10,20.5,21,mean,21.0,C,-0.5,WIN,21.0°C
"Buenos Aires, AR",2026-09-10,20.5,22,modifisert,21.0,C,-0.5,LOSS,21.0°C
"Buenos Aires, AR",2026-09-10,20.5,20,p5,21.0,C,-0.5,LOSS,21.0°C
"Buenos Aires, AR",2026-09-10,20.5,20,sigma,21.0,C,-0.5,LOSS,21.0°C
"Busan, KR",2026-09-10,25.4,27,mean,27.0,C,-1.6,WIN,27.0°C
"Busan, KR",2026-09-10,25.4,27,modifisert,27.0,C,-1.6,WIN,27.0°C
"Busan, KR",2026-09-10,25.4,26,p5,27.0,C,-1.6,LOSS,27.0°C
"Busan, KR",2026-09-10,25.4,26,sigma,27.0,C,-1.6,LOSS,27.0°C
"Cape Town, ZA",2026-09-10,18.7,19,mean,19.0,C,-0.3,WIN,19.0°C
"Cape Town, ZA",2026-09-10,18.7,19,modifisert,19.0,C,-0.3,WIN,19.0°C
"Cape Town, ZA",2026-09-10,18.7,17,p5,19.0,C,-0.3,LOSS,19.0°C
"Cape Town, ZA",2026-09-10,18.7,17,sigma,19.0,C,-0.3,LOSS,19.0°C
"Chengdu, CN",2026-09-10,21.9,23,mean,23.0,C,-1.1,WIN,23.0°C
"Chengdu, CN",2026-09-10,21.9,23,modifisert,23.0,C,-1.1,WIN,23.0°C
"Chengdu, CN",2026-09-10,21.9,21,p5,23.0,C,-1.1,LOSS,23.0°C
"Chengdu, CN",2026-09-10,21.9,22,sigma,23.0,C,-1.1,LOSS,23.0°C
"Chicago, US",2026-09-10,24.7,25,mean,24.72,F,-0.02,WIN,76-77°F
"Chicago, US",2026-09-10,24.7,24,modifisert,24.72,F,-0.02,LOSS,76-77°F
"Chicago, US",2026-09-10,24.7,24,p5,24.72,F,-0.02,LOSS,76-77°F
"Chicago, US",2026-09-10,24.7,24,sigma,24.72,F,-0.02,LOSS,76-77°F
"Chongqing, CN",2026-09-10,28.0,29,mean,30.0,C,-2.0,LOSS,30.0°C
"Chongqing, CN",2026-09-10,28.0,30,modifisert,30.0,C,-2.0,WIN,30.0°C
"Chongqing, CN",2026-09-10,28.0,27,p5,30.0,C,-2.0,LOSS,30.0°C
"Chongqing, CN",2026-09-10,28.0,28,sigma,30.0,C,-2.0,LOSS,30.0°C
"Dallas, US",2026-09-10,37.1,37,mean,36.94,F,0.16,WIN,98-99°F
"Dallas, US",2026-09-10,37.1,36,modifisert,36.94,F,0.16,LOSS,98-99°F
"Dallas, US",2026-09-10,37.1,34,p5,36.94,F,0.16,LOSS,98-99°F
"Dallas, US",2026-09-10,37.1,36,sigma,36.94,F,0.16,LOSS,98-99°F
"Denver, US",2026-09-10,30.3,31,mean,31.39,F,-1.09,LOSS,88-89°F
"Denver, US",2026-09-10,30.3,32,modifisert,31.39,F,-1.09,LOSS,88-89°F
"Denver, US",2026-09-10,30.3,30,p5,31.39,F,-1.09,LOSS,88-89°F
"Denver, US",2026-09-10,30.3,30,sigma,31.39,F,-1.09,LOSS,88-89°F
"Guangzhou, CN",2026-09-10,31.1,33,mean,32.0,C,-0.9,LOSS,32.0°C
"Guangzhou, CN",2026-09-10,31.1,33,modifisert,32.0,C,-0.9,LOSS,32.0°C
"Guangzhou, CN",2026-09-10,31.1,31,p5,32.0,C,-0.9,LOSS,32.0°C
"Guangzhou, CN",2026-09-10,31.1,31,sigma,32.0,C,-0.9,LOSS,32.0°C
"Helsinki, FI",2026-09-10,17.1,17,mean,17.0,C,0.1,WIN,17.0°C
"Helsinki, FI",2026-09-10,17.1,18,modifisert,17.0,C,0.1,LOSS,17.0°C
"Helsinki, FI",2026-09-10,17.1,16,p5,17.0,C,0.1,LOSS,17.0°C
"Helsinki, FI",2026-09-10,17.1,17,sigma,17.0,C,0.1,WIN,17.0°C
"Hong Kong, HK",2026-09-10,30.2,31,mean,31.0,C,-0.8,WIN,31.0°C
"Hong Kong, HK",2026-09-10,30.2,31,modifisert,31.0,C,-0.8,WIN,31.0°C
"Hong Kong, HK",2026-09-10,30.2,30,p5,31.0,C,-0.8,LOSS,31.0°C
"Hong Kong, HK",2026-09-10,30.2,30,sigma,31.0,C,-0.8,LOSS,31.0°C
"Houston, US",2026-09-10,31.8,32,mean,31.39,F,0.41,LOSS,88-89°F
"Houston, US",2026-09-10,31.8,32,modifisert,31.39,F,0.41,LOSS,88-89°F
"Houston, US",2026-09-10,31.8,31,p5,31.39,F,0.41,LOSS,88-89°F
"Houston, US",2026-09-10,31.8,32,sigma,31.39,F,0.41,LOSS,88-89°F
"Istanbul, TR",2026-09-10,24.9,24,mean,25.0,C,-0.1,LOSS,25.0°C
"Istanbul, TR",2026-09-10,24.9,25,modifisert,25.0,C,-0.1,WIN,25.0°C
"Istanbul, TR",2026-09-10,24.9,22,p5,25.0,C,-0.1,LOSS,25.0°C
"Istanbul, TR",2026-09-10,24.9,22,sigma,25.0,C,-0.1,LOSS,25.0°C
"Jeddah, SA",2026-09-10,37.8,37,mean,37.0,C,0.8,WIN,37.0°C
"Jeddah, SA",2026-09-10,37.8,38,modifisert,37.0,C,0.8,LOSS,37.0°C
"Jeddah, SA",2026-09-10,37.8,34,p5,37.0,C,0.8,LOSS,37.0°C
"Jeddah, SA",2026-09-10,37.8,35,sigma,37.0,C,0.8,LOSS,37.0°C
"Jinan, CN",2026-09-10,27.1,27,mean,,C,,WIN,26°C or higher
"Jinan, CN",2026-09-10,27.1,26,modifisert,,C,,WIN,26°C or higher
"Jinan, CN",2026-09-10,27.1,25,p5,,C,,LOSS,26°C or higher
"Jinan, CN",2026-09-10,27.1,27,sigma,,C,,WIN,26°C or higher
"Kuala Lumpur, MY",2026-09-10,30.7,30,mean,33.0,C,-2.3,LOSS,33.0°C
"Kuala Lumpur, MY",2026-09-10,30.7,33,modifisert,33.0,C,-2.3,WIN,33.0°C
"Kuala Lumpur, MY",2026-09-10,30.7,29,p5,33.0,C,-2.3,LOSS,33.0°C
"Kuala Lumpur, MY",2026-09-10,30.7,30,sigma,33.0,C,-2.3,LOSS,33.0°C
"London, UK",2026-09-10,19.8,20,mean,21.0,C,-1.2,LOSS,21.0°C
"London, UK",2026-09-10,19.8,20,modifisert,21.0,C,-1.2,LOSS,21.0°C
"London, UK",2026-09-10,19.8,19,p5,21.0,C,-1.2,LOSS,21.0°C
"London, UK",2026-09-10,19.8,19,sigma,21.0,C,-1.2,LOSS,21.0°C
"Los Angeles, US",2026-09-10,34.2,35,mean,32.5,F,1.7,LOSS,90-91°F
"Los Angeles, US",2026-09-10,34.2,29,modifisert,32.5,F,1.7,LOSS,90-91°F
"Los Angeles, US",2026-09-10,34.2,31,p5,32.5,F,1.7,LOSS,90-91°F
"Los Angeles, US",2026-09-10,34.2,34,sigma,32.5,F,1.7,LOSS,90-91°F
"Madrid, ES",2026-09-10,26.6,27,mean,28.0,C,-1.4,LOSS,28.0°C
"Madrid, ES",2026-09-10,26.6,28,modifisert,28.0,C,-1.4,WIN,28.0°C
"Madrid, ES",2026-09-10,26.6,26,p5,28.0,C,-1.4,LOSS,28.0°C
"Madrid, ES",2026-09-10,26.6,26,sigma,28.0,C,-1.4,LOSS,28.0°C
"Manila, PH",2026-09-10,28.1,29,mean,30.0,C,-1.9,LOSS,30.0°C
"Manila, PH",2026-09-10,28.1,29,modifisert,30.0,C,-1.9,LOSS,30.0°C
"Manila, PH",2026-09-10,28.1,27,p5,30.0,C,-1.9,LOSS,30.0°C
"Manila, PH",2026-09-10,28.1,27,sigma,30.0,C,-1.9,LOSS,30.0°C
"Mexico City, MX",2026-09-10,24.8,26,mean,25.0,C,-0.2,LOSS,25.0°C
"Mexico City, MX",2026-09-10,24.8,25,modifisert,25.0,C,-0.2,WIN,25.0°C
"Mexico City, MX",2026-09-10,24.8,24,p5,25.0,C,-0.2,LOSS,25.0°C
"Mexico City, MX",2026-09-10,24.8,25,sigma,25.0,C,-0.2,WIN,25.0°C
"Miami, US",2026-09-10,30.5,31,mean,32.5,F,-2.0,LOSS,90-91°F
"Miami, US",2026-09-10,30.5,31,modifisert,32.5,F,-2.0,LOSS,90-91°F
"Miami, US",2026-09-10,30.5,29,p5,32.5,F,-2.0,LOSS,90-91°F
"Miami, US",2026-09-10,30.5,30,sigma,32.5,F,-2.0,LOSS,90-91°F
"Milan, IT",2026-09-10,21.1,22,mean,22.0,C,-0.9,WIN,22.0°C
"Milan, IT",2026-09-10,21.1,23,modifisert,22.0,C,-0.9,LOSS,22.0°C
"Milan, IT",2026-09-10,21.1,20,p5,22.0,C,-0.9,LOSS,22.0°C
"Milan, IT",2026-09-10,21.1,20,sigma,22.0,C,-0.9,LOSS,22.0°C
"Moscow, RU",2026-09-10,24.2,24,mean,25.0,C,-0.8,LOSS,25.0°C
"Moscow, RU",2026-09-10,24.2,25,modifisert,25.0,C,-0.8,WIN,25.0°C
"Moscow, RU",2026-09-10,24.2,23,p5,25.0,C,-0.8,LOSS,25.0°C
"Moscow, RU",2026-09-10,24.2,23,sigma,25.0,C,-0.8,LOSS,25.0°C
"Munich, DE",2026-09-10,18.1,20,mean,18.0,C,0.1,LOSS,18.0°C
"Munich, DE",2026-09-10,18.1,20,modifisert,18.0,C,0.1,LOSS,18.0°C
"Munich, DE",2026-09-10,18.1,18,p5,18.0,C,0.1,WIN,18.0°C
"Munich, DE",2026-09-10,18.1,18,sigma,18.0,C,0.1,WIN,18.0°C
"New York, US",2026-09-10,31.0,31,mean,30.28,F,0.72,LOSS,86-87°F
"New York, US",2026-09-10,31.0,31,modifisert,30.28,F,0.72,LOSS,86-87°F
"New York, US",2026-09-10,31.0,30,p5,30.28,F,0.72,WIN,86-87°F
"New York, US",2026-09-10,31.0,31,sigma,30.28,F,0.72,LOSS,86-87°F
"Panama City, PA",2026-09-10,29.4,30,mean,31.0,C,-1.6,LOSS,31.0°C
"Panama City, PA",2026-09-10,29.4,31,modifisert,31.0,C,-1.6,WIN,31.0°C
"Panama City, PA",2026-09-10,29.4,29,p5,31.0,C,-1.6,LOSS,31.0°C
"Panama City, PA",2026-09-10,29.4,29,sigma,31.0,C,-1.6,LOSS,31.0°C
"Paris, FR",2026-09-10,20.4,21,mean,21.0,C,-0.6,WIN,21.0°C
"Paris, FR",2026-09-10,20.4,20,modifisert,21.0,C,-0.6,LOSS,21.0°C
"Paris, FR",2026-09-10,20.4,19,p5,21.0,C,-0.6,LOSS,21.0°C
"Paris, FR",2026-09-10,20.4,20,sigma,21.0,C,-0.6,LOSS,21.0°C
"Qingdao, CN",2026-09-10,27.4,27,mean,27.0,C,0.4,WIN,27.0°C
"Qingdao, CN",2026-09-10,27.4,28,modifisert,27.0,C,0.4,LOSS,27.0°C
"Qingdao, CN",2026-09-10,27.4,26,p5,27.0,C,0.4,LOSS,27.0°C
"Qingdao, CN",2026-09-10,27.4,26,sigma,27.0,C,0.4,LOSS,27.0°C
"San Francisco, US",2026-09-10,26.7,27,mean,29.17,F,-2.47,LOSS,84-85°F
"San Francisco, US",2026-09-10,26.7,28,modifisert,29.17,F,-2.47,LOSS,84-85°F
"San Francisco, US",2026-09-10,26.7,22,p5,29.17,F,-2.47,LOSS,84-85°F
"San Francisco, US",2026-09-10,26.7,22,sigma,29.17,F,-2.47,LOSS,84-85°F
"Sao Paulo, BR",2026-09-10,22.5,23,mean,22.0,C,0.5,LOSS,22.0°C
"Sao Paulo, BR",2026-09-10,22.5,23,modifisert,22.0,C,0.5,LOSS,22.0°C
"Sao Paulo, BR",2026-09-10,22.5,21,p5,22.0,C,0.5,LOSS,22.0°C
"Sao Paulo, BR",2026-09-10,22.5,21,sigma,22.0,C,0.5,LOSS,22.0°C
"Seattle, US",2026-09-10,20.6,20,mean,21.39,F,-0.79,LOSS,70-71°F
"Seattle, US",2026-09-10,20.6,21,modifisert,21.39,F,-0.79,LOSS,70-71°F
"Seattle, US",2026-09-10,20.6,19,p5,21.39,F,-0.79,LOSS,70-71°F
"Seattle, US",2026-09-10,20.6,19,sigma,21.39,F,-0.79,LOSS,70-71°F
"Seoul (Incheon), KR",2026-09-10,22.6,23,mean,22.0,C,0.6,LOSS,22.0°C
"Seoul (Incheon), KR",2026-09-10,22.6,22,modifisert,22.0,C,0.6,WIN,22.0°C
"Seoul (Incheon), KR",2026-09-10,22.6,22,p5,22.0,C,0.6,WIN,22.0°C
"Seoul (Incheon), KR",2026-09-10,22.6,23,sigma,22.0,C,0.6,LOSS,22.0°C
"Shanghai, CN",2026-09-10,27.6,28,mean,30.0,C,-2.4,LOSS,30.0°C
"Shanghai, CN",2026-09-10,27.6,28,modifisert,30.0,C,-2.4,LOSS,30.0°C
"Shanghai, CN",2026-09-10,27.6,27,p5,30.0,C,-2.4,LOSS,30.0°C
"Shanghai, CN",2026-09-10,27.6,27,sigma,30.0,C,-2.4,LOSS,30.0°C
"Shenzhen, CN",2026-09-10,31.4,32,mean,33.0,C,-1.6,LOSS,33.0°C
"Shenzhen, CN",2026-09-10,31.4,32,modifisert,33.0,C,-1.6,LOSS,33.0°C
"Shenzhen, CN",2026-09-10,31.4,30,p5,33.0,C,-1.6,LOSS,33.0°C
"Shenzhen, CN",2026-09-10,31.4,30,sigma,33.0,C,-1.6,LOSS,33.0°C
"Singapore, SG",2026-09-10,30.7,30,mean,32.0,C,-1.3,LOSS,32.0°C
"Singapore, SG",2026-09-10,30.7,33,modifisert,32.0,C,-1.3,LOSS,32.0°C
"Singapore, SG",2026-09-10,30.7,29,p5,32.0,C,-1.3,LOSS,32.0°C
"Singapore, SG",2026-09-10,30.7,29,sigma,32.0,C,-1.3,LOSS,32.0°C
"Taipei, TW",2026-09-10,28.6,30,mean,31.0,C,-2.4,LOSS,31.0°C
"Taipei, TW",2026-09-10,28.6,31,modifisert,31.0,C,-2.4,WIN,31.0°C
"Taipei, TW",2026-09-10,28.6,29,p5,31.0,C,-2.4,LOSS,31.0°C
"Taipei, TW",2026-09-10,28.6,29,sigma,31.0,C,-2.4,LOSS,31.0°C
"Tel Aviv, IL",2026-09-10,32.8,33,mean,33.0,C,-0.2,WIN,33.0°C
"Tel Aviv, IL",2026-09-10,32.8,32,modifisert,33.0,C,-0.2,LOSS,33.0°C
"Tel Aviv, IL",2026-09-10,32.8,31,p5,33.0,C,-0.2,LOSS,33.0°C
"Tel Aviv, IL",2026-09-10,32.8,33,sigma,33.0,C,-0.2,WIN,33.0°C
"Tokyo, JP",2026-09-10,21.8,23,mean,22.0,C,-0.2,LOSS,22.0°C
"Tokyo, JP",2026-09-10,21.8,22,modifisert,22.0,C,-0.2,WIN,22.0°C
"Tokyo, JP",2026-09-10,21.8,22,p5,22.0,C,-0.2,WIN,22.0°C
"Tokyo, JP",2026-09-10,21.8,22,sigma,22.0,C,-0.2,WIN,22.0°C
"Toronto, CA",2026-09-10,24.8,24,mean,25.0,C,-0.2,LOSS,25.0°C
"Toronto, CA",2026-09-10,24.8,25,modifisert,25.0,C,-0.2,WIN,25.0°C
"Toronto, CA",2026-09-10,24.8,22,p5,25.0,C,-0.2,LOSS,25.0°C
"Toronto, CA",2026-09-10,24.8,23,sigma,25.0,C,-0.2,LOSS,25.0°C
"Warsaw, PL",2026-09-10,19.0,20,mean,20.0,C,-1.0,WIN,20.0°C
"Warsaw, PL",2026-09-10,19.0,19,modifisert,20.0,C,-1.0,LOSS,20.0°C
"Warsaw, PL",2026-09-10,19.0,18,p5,20.0,C,-1.0,LOSS,20.0°C
"Warsaw, PL",2026-09-10,19.0,18,sigma,20.0,C,-1.0,LOSS,20.0°C
"Wellington, NZ",2026-09-10,12.8,14,mean,13.0,C,-0.2,LOSS,13.0°C
"Wellington, NZ",2026-09-10,12.8,14,modifisert,13.0,C,-0.2,LOSS,13.0°C
"Wellington, NZ",2026-09-10,12.8,13,p5,13.0,C,-0.2,WIN,13.0°C
"Wellington, NZ",2026-09-10,12.8,13,sigma,13.0,C,-0.2,WIN,13.0°C
"Wuhan, CN",2026-09-10,24.9,26,mean,25.0,C,-0.1,LOSS,25.0°C
"Wuhan, CN",2026-09-10,24.9,26,modifisert,25.0,C,-0.1,LOSS,25.0°C
"Wuhan, CN",2026-09-10,24.9,24,p5,25.0,C,-0.1,LOSS,25.0°C
"Wuhan, CN",2026-09-10,24.9,25,sigma,25.0,C,-0.1,WIN,25.0°C
"Zhengzhou, CN",2026-09-10,25.1,26,mean,27.0,C,-1.9,LOSS,27.0°C
"Zhengzhou, CN",2026-09-10,25.1,26,modifisert,27.0,C,-1.9,LOSS,27.0°C
"Zhengzhou, CN",2026-09-10,25.1,24,p5,27.0,C,-1.9,LOSS,27.0°C
"Zhengzhou, CN",2026-09-10,25.1,25,sigma,27.0,C,-1.9,LOSS,27.0°C
"Amsterdam, NL",2026-09-11,19.7,20,mean,21.0,C,-1.3,LOSS,21.0°C
"Amsterdam, NL",2026-09-11,19.7,20,modifisert,21.0,C,-1.3,LOSS,21.0°C
"Amsterdam, NL",2026-09-11,19.7,19,p5,21.0,C,-1.3,LOSS,21.0°C
"Amsterdam, NL",2026-09-11,19.7,19,sigma,21.0,C,-1.3,LOSS,21.0°C
"Ankara, TR",2026-09-11,29.8,30,mean,31.0,C,-1.2,LOSS,31.0°C
"Ankara, TR",2026-09-11,29.8,30,modifisert,31.0,C,-1.2,LOSS,31.0°C
"Ankara, TR",2026-09-11,29.8,29,p5,31.0,C,-1.2,LOSS,31.0°C
"Ankara, TR",2026-09-11,29.8,29,sigma,31.0,C,-1.2,LOSS,31.0°C
"Atlanta, US",2026-09-11,31.3,32,mean,31.39,F,-0.09,LOSS,88-89°F
"Atlanta, US",2026-09-11,31.3,34,modifisert,31.39,F,-0.09,LOSS,88-89°F
"Atlanta, US",2026-09-11,31.3,30,p5,31.39,F,-0.09,LOSS,88-89°F
"Atlanta, US",2026-09-11,31.3,30,sigma,31.39,F,-0.09,LOSS,88-89°F
"Austin, US",2026-09-11,37.2,38,mean,39.17,F,-1.97,LOSS,102-103°F
"Austin, US",2026-09-11,37.2,38,modifisert,39.17,F,-1.97,LOSS,102-103°F
"Austin, US",2026-09-11,37.2,36,p5,39.17,F,-1.97,LOSS,102-103°F
"Austin, US",2026-09-11,37.2,36,sigma,39.17,F,-1.97,LOSS,102-103°F
"Beijing, CN",2026-09-11,31.1,33,mean,32.0,C,-0.9,LOSS,32.0°C
"Beijing, CN",2026-09-11,31.1,32,modifisert,32.0,C,-0.9,WIN,32.0°C
"Beijing, CN",2026-09-11,31.1,31,p5,32.0,C,-0.9,LOSS,32.0°C
"Beijing, CN",2026-09-11,31.1,32,sigma,32.0,C,-0.9,WIN,32.0°C
"Buenos Aires, AR",2026-09-11,18.5,19,mean,19.0,C,-0.5,WIN,19.0°C
"Buenos Aires, AR",2026-09-11,18.5,20,modifisert,19.0,C,-0.5,LOSS,19.0°C
"Buenos Aires, AR",2026-09-11,18.5,17,p5,19.0,C,-0.5,LOSS,19.0°C
"Buenos Aires, AR",2026-09-11,18.5,18,sigma,19.0,C,-0.5,LOSS,19.0°C
"Busan, KR",2026-09-11,28.2,30,mean,29.0,C,-0.8,LOSS,29.0°C
"Busan, KR",2026-09-11,28.2,30,modifisert,29.0,C,-0.8,LOSS,29.0°C
"Busan, KR",2026-09-11,28.2,28,p5,29.0,C,-0.8,LOSS,29.0°C
"Busan, KR",2026-09-11,28.2,28,sigma,29.0,C,-0.8,LOSS,29.0°C
"Cape Town, ZA",2026-09-11,22.4,22,mean,24.0,C,-1.6,LOSS,24.0°C
"Cape Town, ZA",2026-09-11,22.4,23,modifisert,24.0,C,-1.6,LOSS,24.0°C
"Cape Town, ZA",2026-09-11,22.4,19,p5,24.0,C,-1.6,LOSS,24.0°C
"Cape Town, ZA",2026-09-11,22.4,20,sigma,24.0,C,-1.6,LOSS,24.0°C
"Chengdu, CN",2026-09-11,23.3,25,mean,23.0,C,0.3,LOSS,23.0°C
"Chengdu, CN",2026-09-11,23.3,24,modifisert,23.0,C,0.3,LOSS,23.0°C
"Chengdu, CN",2026-09-11,23.3,22,p5,23.0,C,0.3,LOSS,23.0°C
"Chengdu, CN",2026-09-11,23.3,23,sigma,23.0,C,0.3,WIN,23.0°C
"Chicago, US",2026-09-11,26.3,27,mean,28.06,F,-1.76,LOSS,82-83°F
"Chicago, US",2026-09-11,26.3,26,modifisert,28.06,F,-1.76,LOSS,82-83°F
"Chicago, US",2026-09-11,26.3,25,p5,28.06,F,-1.76,LOSS,82-83°F
"Chicago, US",2026-09-11,26.3,25,sigma,28.06,F,-1.76,LOSS,82-83°F
"Chongqing, CN",2026-09-11,24.1,25,mean,24.0,C,0.1,LOSS,24.0°C
"Chongqing, CN",2026-09-11,24.1,26,modifisert,24.0,C,0.1,LOSS,24.0°C
"Chongqing, CN",2026-09-11,24.1,22,p5,24.0,C,0.1,LOSS,24.0°C
"Chongqing, CN",2026-09-11,24.1,22,sigma,24.0,C,0.1,LOSS,24.0°C
"Dallas, US",2026-09-11,35.4,35,mean,36.94,F,-1.54,LOSS,98-99°F
"Dallas, US",2026-09-11,35.4,34,modifisert,36.94,F,-1.54,LOSS,98-99°F
"Dallas, US",2026-09-11,35.4,32,p5,36.94,F,-1.54,LOSS,98-99°F
"Dallas, US",2026-09-11,35.4,35,sigma,36.94,F,-1.54,LOSS,98-99°F
"Denver, US",2026-09-11,31.4,32,mean,31.39,F,0.01,LOSS,88-89°F
"Denver, US",2026-09-11,31.4,33,modifisert,31.39,F,0.01,LOSS,88-89°F
"Denver, US",2026-09-11,31.4,31,p5,31.39,F,0.01,LOSS,88-89°F
"Denver, US",2026-09-11,31.4,31,sigma,31.39,F,0.01,LOSS,88-89°F
"Guangzhou, CN",2026-09-11,30.7,32,mean,32.0,C,-1.3,WIN,32.0°C
"Guangzhou, CN",2026-09-11,30.7,33,modifisert,32.0,C,-1.3,LOSS,32.0°C
"Guangzhou, CN",2026-09-11,30.7,31,p5,32.0,C,-1.3,LOSS,32.0°C
"Guangzhou, CN",2026-09-11,30.7,32,sigma,32.0,C,-1.3,WIN,32.0°C
"Helsinki, FI",2026-09-11,16.6,17,mean,17.0,C,-0.4,WIN,17.0°C
"Helsinki, FI",2026-09-11,16.6,17,modifisert,17.0,C,-0.4,WIN,17.0°C
"Helsinki, FI",2026-09-11,16.6,16,p5,17.0,C,-0.4,LOSS,17.0°C
"Helsinki, FI",2026-09-11,16.6,16,sigma,17.0,C,-0.4,LOSS,17.0°C
"Hong Kong, HK",2026-09-11,30.7,31,mean,32.0,C,-1.3,LOSS,32.0°C
"Hong Kong, HK",2026-09-11,30.7,32,modifisert,32.0,C,-1.3,WIN,32.0°C
"Hong Kong, HK",2026-09-11,30.7,30,p5,32.0,C,-1.3,LOSS,32.0°C
"Hong Kong, HK",2026-09-11,30.7,31,sigma,32.0,C,-1.3,LOSS,32.0°C
"Houston, US",2026-09-11,32.0,33,mean,34.72,F,-2.72,LOSS,94-95°F
"Houston, US",2026-09-11,32.0,32,modifisert,34.72,F,-2.72,LOSS,94-95°F
"Houston, US",2026-09-11,32.0,30,p5,34.72,F,-2.72,LOSS,94-95°F
"Houston, US",2026-09-11,32.0,33,sigma,34.72,F,-2.72,LOSS,94-95°F
"Istanbul, TR",2026-09-11,25.1,24,mean,25.0,C,0.1,LOSS,25.0°C
"Istanbul, TR",2026-09-11,25.1,26,modifisert,25.0,C,0.1,LOSS,25.0°C
"Istanbul, TR",2026-09-11,25.1,22,p5,25.0,C,0.1,LOSS,25.0°C
"Istanbul, TR",2026-09-11,25.1,23,sigma,25.0,C,0.1,LOSS,25.0°C
"Jeddah, SA",2026-09-11,37.0,37,mean,37.0,C,0.0,WIN,37.0°C
"Jeddah, SA",2026-09-11,37.0,37,modifisert,37.0,C,0.0,WIN,37.0°C
"Jeddah, SA",2026-09-11,37.0,33,p5,37.0,C,0.0,LOSS,37.0°C
"Jeddah, SA",2026-09-11,37.0,34,sigma,37.0,C,0.0,LOSS,37.0°C
"Jinan, CN",2026-09-11,27.8,28,mean,,C,,WIN,26°C or higher
"Jinan, CN",2026-09-11,27.8,27,modifisert,,C,,WIN,26°C or higher
"Jinan, CN",2026-09-11,27.8,25,p5,,C,,LOSS,26°C or higher
"Jinan, CN",2026-09-11,27.8,28,sigma,,C,,WIN,26°C or higher
"Karachi, PK",2026-09-11,33.2,33,mean,33.0,C,0.2,WIN,33.0°C
"Karachi, PK",2026-09-11,33.2,34,modifisert,33.0,C,0.2,LOSS,33.0°C
"Karachi, PK",2026-09-11,33.2,30,p5,33.0,C,0.2,LOSS,33.0°C
"Karachi, PK",2026-09-11,33.2,31,sigma,33.0,C,0.2,LOSS,33.0°C
"Kuala Lumpur, MY",2026-09-11,29.5,29,mean,29.0,C,0.5,WIN,29.0°C
"Kuala Lumpur, MY",2026-09-11,29.5,33,modifisert,29.0,C,0.5,LOSS,29.0°C
"Kuala Lumpur, MY",2026-09-11,29.5,28,p5,29.0,C,0.5,LOSS,29.0°C
"Kuala Lumpur, MY",2026-09-11,29.5,28,sigma,29.0,C,0.5,LOSS,29.0°C
"London, UK",2026-09-11,21.4,22,mean,21.0,C,0.4,LOSS,21.0°C
"London, UK",2026-09-11,21.4,22,modifisert,21.0,C,0.4,LOSS,21.0°C
"London, UK",2026-09-11,21.4,21,p5,21.0,C,0.4,WIN,21.0°C
"London, UK",2026-09-11,21.4,22,sigma,21.0,C,0.4,LOSS,21.0°C
"Los Angeles, US",2026-09-11,30.2,31,mean,29.17,F,1.03,LOSS,84-85°F
"Los Angeles, US",2026-09-11,30.2,27,modifisert,29.17,F,1.03,LOSS,84-85°F
"Los Angeles, US",2026-09-11,30.2,28,p5,29.17,F,1.03,LOSS,84-85°F
"Los Angeles, US",2026-09-11,30.2,30,sigma,29.17,F,1.03,LOSS,84-85°F
"Lucknow, IN",2026-09-11,32.2,33,mean,31.0,C,1.2,LOSS,31.0°C
"Lucknow, IN",2026-09-11,32.2,32,modifisert,31.0,C,1.2,LOSS,31.0°C
"Lucknow, IN",2026-09-11,32.2,31,p5,31.0,C,1.2,WIN,31.0°C
"Lucknow, IN",2026-09-11,32.2,32,sigma,31.0,C,1.2,LOSS,31.0°C
"Madrid, ES",2026-09-11,30.2,31,mean,32.0,C,-1.8,LOSS,32.0°C
"Madrid, ES",2026-09-11,30.2,31,modifisert,32.0,C,-1.8,LOSS,32.0°C
"Madrid, ES",2026-09-11,30.2,30,p5,32.0,C,-1.8,LOSS,32.0°C
"Madrid, ES",2026-09-11,30.2,30,sigma,32.0,C,-1.8,LOSS,32.0°C
"Manila, PH",2026-09-11,29.4,30,mean,30.0,C,-0.6,WIN,30.0°C
"Manila, PH",2026-09-11,29.4,30,modifisert,30.0,C,-0.6,WIN,30.0°C
"Manila, PH",2026-09-11,29.4,28,p5,30.0,C,-0.6,LOSS,30.0°C
"Manila, PH",2026-09-11,29.4,29,sigma,30.0,C,-0.6,LOSS,30.0°C
"Mexico City, MX",2026-09-11,24.9,26,mean,25.0,C,-0.1,LOSS,25.0°C
"Mexico City, MX",2026-09-11,24.9,25,modifisert,25.0,C,-0.1,WIN,25.0°C
"Mexico City, MX",2026-09-11,24.9,25,p5,25.0,C,-0.1,WIN,25.0°C
"Mexico City, MX",2026-09-11,24.9,26,sigma,25.0,C,-0.1,LOSS,25.0°C
"Miami, US",2026-09-11,30.2,31,mean,31.39,F,-1.19,LOSS,88-89°F
"Miami, US",2026-09-11,30.2,31,modifisert,31.39,F,-1.19,LOSS,88-89°F
"Miami, US",2026-09-11,30.2,29,p5,31.39,F,-1.19,LOSS,88-89°F
"Miami, US",2026-09-11,30.2,29,sigma,31.39,F,-1.19,LOSS,88-89°F
"Milan, IT",2026-09-11,24.2,25,mean,25.0,C,-0.8,WIN,25.0°C
"Milan, IT",2026-09-11,24.2,26,modifisert,25.0,C,-0.8,LOSS,25.0°C
"Milan, IT",2026-09-11,24.2,24,p5,25.0,C,-0.8,LOSS,25.0°C
"Milan, IT",2026-09-11,24.2,24,sigma,25.0,C,-0.8,LOSS,25.0°C
"Moscow, RU",2026-09-11,17.0,17,mean,18.0,C,-1.0,LOSS,18.0°C
"Moscow, RU",2026-09-11,17.0,17,modifisert,18.0,C,-1.0,LOSS,18.0°C
"Moscow, RU",2026-09-11,17.0,16,p5,18.0,C,-1.0,LOSS,18.0°C
"Moscow, RU",2026-09-11,17.0,16,sigma,18.0,C,-1.0,LOSS,18.0°C
"Munich, DE",2026-09-11,19.2,21,mean,20.0,C,-0.8,LOSS,20.0°C
"Munich, DE",2026-09-11,19.2,21,modifisert,20.0,C,-0.8,LOSS,20.0°C
"Munich, DE",2026-09-11,19.2,19,p5,20.0,C,-0.8,LOSS,20.0°C
"Munich, DE",2026-09-11,19.2,19,sigma,20.0,C,-0.8,LOSS,20.0°C
"New York, US",2026-09-11,27.2,27,mean,26.94,F,0.26,WIN,80-81°F
"New York, US",2026-09-11,27.2,27,modifisert,26.94,F,0.26,WIN,80-81°F
"New York, US",2026-09-11,27.2,26,p5,26.94,F,0.26,LOSS,80-81°F
"New York, US",2026-09-11,27.2,27,sigma,26.94,F,0.26,WIN,80-81°F
"Panama City, PA",2026-09-11,30.4,31,mean,32.0,C,-1.6,LOSS,32.0°C
"Panama City, PA",2026-09-11,30.4,32,modifisert,32.0,C,-1.6,WIN,32.0°C
"Panama City, PA",2026-09-11,30.4,28,p5,32.0,C,-1.6,LOSS,32.0°C
"Panama City, PA",2026-09-11,30.4,29,sigma,32.0,C,-1.6,LOSS,32.0°C
"Paris, FR",2026-09-11,23.9,25,mean,25.0,C,-1.1,WIN,25.0°C
"Paris, FR",2026-09-11,23.9,24,modifisert,25.0,C,-1.1,LOSS,25.0°C
"Paris, FR",2026-09-11,23.9,23,p5,25.0,C,-1.1,LOSS,25.0°C
"Paris, FR",2026-09-11,23.9,23,sigma,25.0,C,-1.1,LOSS,25.0°C
"Qingdao, CN",2026-09-11,26.7,27,mean,28.0,C,-1.3,LOSS,28.0°C
"Qingdao, CN",2026-09-11,26.7,28,modifisert,28.0,C,-1.3,WIN,28.0°C
"Qingdao, CN",2026-09-11,26.7,25,p5,28.0,C,-1.3,LOSS,28.0°C
"Qingdao, CN",2026-09-11,26.7,25,sigma,28.0,C,-1.3,LOSS,28.0°C
"San Francisco, US",2026-09-11,20.8,21,mean,22.5,F,-1.7,LOSS,72-73°F
"San Francisco, US",2026-09-11,20.8,22,modifisert,22.5,F,-1.7,LOSS,72-73°F
"San Francisco, US",2026-09-11,20.8,18,p5,22.5,F,-1.7,LOSS,72-73°F
"San Francisco, US",2026-09-11,20.8,18,sigma,22.5,F,-1.7,LOSS,72-73°F
"Sao Paulo, BR",2026-09-11,28.1,28,mean,28.0,C,0.1,WIN,28.0°C
"Sao Paulo, BR",2026-09-11,28.1,29,modifisert,28.0,C,0.1,LOSS,28.0°C
"Sao Paulo, BR",2026-09-11,28.1,26,p5,28.0,C,0.1,LOSS,28.0°C
"Sao Paulo, BR",2026-09-11,28.1,27,sigma,28.0,C,0.1,LOSS,28.0°C
"Seattle, US",2026-09-11,19.2,19,mean,19.17,F,0.03,WIN,66-67°F
"Seattle, US",2026-09-11,19.2,20,modifisert,19.17,F,0.03,LOSS,66-67°F
"Seattle, US",2026-09-11,19.2,18,p5,19.17,F,0.03,LOSS,66-67°F
"Seattle, US",2026-09-11,19.2,18,sigma,19.17,F,0.03,LOSS,66-67°F
"Seoul (Incheon), KR",2026-09-11,24.3,25,mean,25.0,C,-0.7,WIN,25.0°C
"Seoul (Incheon), KR",2026-09-11,24.3,24,modifisert,25.0,C,-0.7,LOSS,25.0°C
"Seoul (Incheon), KR",2026-09-11,24.3,24,p5,25.0,C,-0.7,LOSS,25.0°C
"Seoul (Incheon), KR",2026-09-11,24.3,24,sigma,25.0,C,-0.7,LOSS,25.0°C
"Shanghai, CN",2026-09-11,27.1,28,mean,27.0,C,0.1,LOSS,27.0°C
"Shanghai, CN",2026-09-11,27.1,27,modifisert,27.0,C,0.1,WIN,27.0°C
"Shanghai, CN",2026-09-11,27.1,26,p5,27.0,C,0.1,LOSS,27.0°C
"Shanghai, CN",2026-09-11,27.1,26,sigma,27.0,C,0.1,LOSS,27.0°C
"Shenzhen, CN",2026-09-11,31.5,32,mean,33.0,C,-1.5,LOSS,33.0°C
"Shenzhen, CN",2026-09-11,31.5,32,modifisert,33.0,C,-1.5,LOSS,33.0°C
"Shenzhen, CN",2026-09-11,31.5,30,p5,33.0,C,-1.5,LOSS,33.0°C
"Shenzhen, CN",2026-09-11,31.5,31,sigma,33.0,C,-1.5,LOSS,33.0°C
"Singapore, SG",2026-09-11,30.1,30,mean,32.0,C,-1.9,LOSS,32.0°C
"Singapore, SG",2026-09-11,30.1,33,modifisert,32.0,C,-1.9,LOSS,32.0°C
"Singapore, SG",2026-09-11,30.1,27,p5,32.0,C,-1.9,LOSS,32.0°C
"Singapore, SG",2026-09-11,30.1,28,sigma,32.0,C,-1.9,LOSS,32.0°C
"Taipei, TW",2026-09-11,27.8,29,mean,29.0,C,-1.2,WIN,29.0°C
"Taipei, TW",2026-09-11,27.8,30,modifisert,29.0,C,-1.2,LOSS,29.0°C
"Taipei, TW",2026-09-11,27.8,27,p5,29.0,C,-1.2,LOSS,29.0°C
"Taipei, TW",2026-09-11,27.8,28,sigma,29.0,C,-1.2,LOSS,29.0°C
"Tel Aviv, IL",2026-09-11,32.5,33,mean,31.0,C,1.5,LOSS,31.0°C
"Tel Aviv, IL",2026-09-11,32.5,32,modifisert,31.0,C,1.5,LOSS,31.0°C
"Tel Aviv, IL",2026-09-11,32.5,31,p5,31.0,C,1.5,WIN,31.0°C
"Tel Aviv, IL",2026-09-11,32.5,33,sigma,31.0,C,1.5,LOSS,31.0°C
"Tokyo, JP",2026-09-11,20.7,22,mean,21.0,C,-0.3,LOSS,21.0°C
"Tokyo, JP",2026-09-11,20.7,21,modifisert,21.0,C,-0.3,WIN,21.0°C
"Tokyo, JP",2026-09-11,20.7,21,p5,21.0,C,-0.3,WIN,21.0°C
"Tokyo, JP",2026-09-11,20.7,21,sigma,21.0,C,-0.3,WIN,21.0°C
"Toronto, CA",2026-09-11,22.5,22,mean,23.0,C,-0.5,LOSS,23.0°C
"Toronto, CA",2026-09-11,22.5,22,modifisert,23.0,C,-0.5,LOSS,23.0°C
"Toronto, CA",2026-09-11,22.5,20,p5,23.0,C,-0.5,LOSS,23.0°C
"Toronto, CA",2026-09-11,22.5,20,sigma,23.0,C,-0.5,LOSS,23.0°C
"Warsaw, PL",2026-09-11,16.9,18,mean,17.0,C,-0.1,LOSS,17.0°C
"Warsaw, PL",2026-09-11,16.9,17,modifisert,17.0,C,-0.1,WIN,17.0°C
"Warsaw, PL",2026-09-11,16.9,16,p5,17.0,C,-0.1,LOSS,17.0°C
"Warsaw, PL",2026-09-11,16.9,16,sigma,17.0,C,-0.1,LOSS,17.0°C
"Wellington, NZ",2026-09-11,13.6,15,mean,14.0,C,-0.4,LOSS,14.0°C
"Wellington, NZ",2026-09-11,13.6,14,modifisert,14.0,C,-0.4,WIN,14.0°C
"Wellington, NZ",2026-09-11,13.6,13,p5,14.0,C,-0.4,LOSS,14.0°C
"Wellington, NZ",2026-09-11,13.6,14,sigma,14.0,C,-0.4,WIN,14.0°C
"Wuhan, CN",2026-09-11,28.2,29,mean,28.0,C,0.2,LOSS,28.0°C
"Wuhan, CN",2026-09-11,28.2,29,modifisert,28.0,C,0.2,LOSS,28.0°C
"Wuhan, CN",2026-09-11,28.2,27,p5,28.0,C,0.2,LOSS,28.0°C
"Wuhan, CN",2026-09-11,28.2,28,sigma,28.0,C,0.2,WIN,28.0°C
"Zhengzhou, CN",2026-09-11,25.2,27,mean,25.0,C,0.2,LOSS,25.0°C
"Zhengzhou, CN",2026-09-11,25.2,26,modifisert,25.0,C,0.2,LOSS,25.0°C
"Zhengzhou, CN",2026-09-11,25.2,25,p5,25.0,C,0.2,WIN,25.0°C
"Zhengzhou, CN",2026-09-11,25.2,25,sigma,25.0,C,0.2,WIN,25.0°C
"Amsterdam, NL",2026-09-12,20.2,21,mean,22.0,C,-1.8,LOSS,22.0°C
"Amsterdam, NL",2026-09-12,20.2,21,modifisert,22.0,C,-1.8,LOSS,22.0°C
"Amsterdam, NL",2026-09-12,20.2,20,p5,22.0,C,-1.8,LOSS,22.0°C
"Amsterdam, NL",2026-09-12,20.2,20,sigma,22.0,C,-1.8,LOSS,22.0°C
"Ankara, TR",2026-09-12,30.8,31,mean,32.0,C,-1.2,LOSS,32.0°C
"Ankara, TR",2026-09-12,30.8,31,modifisert,32.0,C,-1.2,LOSS,32.0°C
"Ankara, TR",2026-09-12,30.8,30,p5,32.0,C,-1.2,LOSS,32.0°C
"Ankara, TR",2026-09-12,30.8,30,sigma,32.0,C,-1.2,LOSS,32.0°C
"Atlanta, US",2026-09-12,28.2,29,mean,29.17,F,-0.97,WIN,84-85°F
"Atlanta, US",2026-09-12,28.2,32,modifisert,29.17,F,-0.97,LOSS,84-85°F
"Atlanta, US",2026-09-12,28.2,27,p5,29.17,F,-0.97,LOSS,84-85°F
"Atlanta, US",2026-09-12,28.2,27,sigma,29.17,F,-0.97,LOSS,84-85°F
"Austin, US",2026-09-12,36.0,37,mean,38.06,F,-2.06,LOSS,100-101°F
"Austin, US",2026-09-12,36.0,37,modifisert,38.06,F,-2.06,LOSS,100-101°F
"Austin, US",2026-09-12,36.0,34,p5,38.06,F,-2.06,LOSS,100-101°F
"Austin, US",2026-09-12,36.0,35,sigma,38.06,F,-2.06,LOSS,100-101°F
"Beijing, CN",2026-09-12,28.6,30,mean,28.0,C,0.6,LOSS,28.0°C
"Beijing, CN",2026-09-12,28.6,29,modifisert,28.0,C,0.6,LOSS,28.0°C
"Beijing, CN",2026-09-12,28.6,29,p5,28.0,C,0.6,LOSS,28.0°C
"Beijing, CN",2026-09-12,28.6,30,sigma,28.0,C,0.6,LOSS,28.0°C
"Buenos Aires, AR",2026-09-12,11.7,12,mean,12.0,C,-0.3,WIN,12.0°C
"Buenos Aires, AR",2026-09-12,11.7,12,modifisert,12.0,C,-0.3,WIN,12.0°C
"Buenos Aires, AR",2026-09-12,11.7,11,p5,12.0,C,-0.3,LOSS,12.0°C
"Buenos Aires, AR",2026-09-12,11.7,11,sigma,12.0,C,-0.3,LOSS,12.0°C
"Busan, KR",2026-09-12,28.6,30,mean,30.0,C,-1.4,WIN,30.0°C
"Busan, KR",2026-09-12,28.6,30,modifisert,30.0,C,-1.4,WIN,30.0°C
"Busan, KR",2026-09-12,28.6,28,p5,30.0,C,-1.4,LOSS,30.0°C
"Busan, KR",2026-09-12,28.6,29,sigma,30.0,C,-1.4,LOSS,30.0°C
"Cape Town, ZA",2026-09-12,20.2,20,mean,19.0,C,1.2,LOSS,19.0°C
"Cape Town, ZA",2026-09-12,20.2,21,modifisert,19.0,C,1.2,LOSS,19.0°C
"Cape Town, ZA",2026-09-12,20.2,17,p5,19.0,C,1.2,LOSS,19.0°C
"Cape Town, ZA",2026-09-12,20.2,18,sigma,19.0,C,1.2,LOSS,19.0°C
"Chengdu, CN",2026-09-12,23.5,25,mean,22.0,C,1.5,LOSS,22.0°C
"Chengdu, CN",2026-09-12,23.5,25,modifisert,22.0,C,1.5,LOSS,22.0°C
"Chengdu, CN",2026-09-12,23.5,23,p5,22.0,C,1.5,LOSS,22.0°C
"Chengdu, CN",2026-09-12,23.5,24,sigma,22.0,C,1.5,LOSS,22.0°C
"Chicago, US",2026-09-12,29.6,30,mean,30.28,F,-0.68,WIN,86-87°F
"Chicago, US",2026-09-12,29.6,29,modifisert,30.28,F,-0.68,LOSS,86-87°F
"Chicago, US",2026-09-12,29.6,29,p5,30.28,F,-0.68,LOSS,86-87°F
"Chicago, US",2026-09-12,29.6,29,sigma,30.28,F,-0.68,LOSS,86-87°F
"Chongqing, CN",2026-09-12,26.8,27,mean,29.0,C,-2.2,LOSS,29.0°C
"Chongqing, CN",2026-09-12,26.8,29,modifisert,29.0,C,-2.2,WIN,29.0°C
"Chongqing, CN",2026-09-12,26.8,26,p5,29.0,C,-2.2,LOSS,29.0°C
"Chongqing, CN",2026-09-12,26.8,27,sigma,29.0,C,-2.2,LOSS,29.0°C
"Dallas, US",2026-09-12,37.9,37,mean,38.06,F,-0.16,LOSS,100-101°F
"Dallas, US",2026-09-12,37.9,37,modifisert,38.06,F,-0.16,LOSS,100-101°F
"Dallas, US",2026-09-12,37.9,35,p5,38.06,F,-0.16,LOSS,100-101°F
"Dallas, US",2026-09-12,37.9,37,sigma,38.06,F,-0.16,LOSS,100-101°F
"Denver, US",2026-09-12,27.9,29,mean,26.94,F,0.96,LOSS,80-81°F
"Denver, US",2026-09-12,27.9,29,modifisert,26.94,F,0.96,LOSS,80-81°F
"Denver, US",2026-09-12,27.9,26,p5,26.94,F,0.96,LOSS,80-81°F
"Denver, US",2026-09-12,27.9,26,sigma,26.94,F,0.96,LOSS,80-81°F
"Guangzhou, CN",2026-09-12,32.0,34,mean,32.0,C,0.0,LOSS,32.0°C
"Guangzhou, CN",2026-09-12,32.0,34,modifisert,32.0,C,0.0,LOSS,32.0°C
"Guangzhou, CN",2026-09-12,32.0,32,p5,32.0,C,0.0,WIN,32.0°C
"Guangzhou, CN",2026-09-12,32.0,33,sigma,32.0,C,0.0,LOSS,32.0°C
"Helsinki, FI",2026-09-12,16.3,16,mean,17.0,C,-0.7,LOSS,17.0°C
"Helsinki, FI",2026-09-12,16.3,17,modifisert,17.0,C,-0.7,WIN,17.0°C
"Helsinki, FI",2026-09-12,16.3,15,p5,17.0,C,-0.7,LOSS,17.0°C
"Helsinki, FI",2026-09-12,16.3,16,sigma,17.0,C,-0.7,LOSS,17.0°C
"Hong Kong, HK",2026-09-12,30.7,31,mean,33.0,C,-2.3,LOSS,33.0°C
"Hong Kong, HK",2026-09-12,30.7,32,modifisert,33.0,C,-2.3,LOSS,33.0°C
"Hong Kong, HK",2026-09-12,30.7,30,p5,33.0,C,-2.3,LOSS,33.0°C
"Hong Kong, HK",2026-09-12,30.7,31,sigma,33.0,C,-2.3,LOSS,33.0°C
"Houston, US",2026-09-12,34.3,35,mean,35.83,F,-1.53,LOSS,96-97°F
"Houston, US",2026-09-12,34.3,34,modifisert,35.83,F,-1.53,LOSS,96-97°F
"Houston, US",2026-09-12,34.3,32,p5,35.83,F,-1.53,LOSS,96-97°F
"Houston, US",2026-09-12,34.3,35,sigma,35.83,F,-1.53,LOSS,96-97°F
"Istanbul, TR",2026-09-12,25.2,25,mean,25.0,C,0.2,WIN,25.0°C
"Istanbul, TR",2026-09-12,25.2,26,modifisert,25.0,C,0.2,LOSS,25.0°C
"Istanbul, TR",2026-09-12,25.2,22,p5,25.0,C,0.2,LOSS,25.0°C
"Istanbul, TR",2026-09-12,25.2,22,sigma,25.0,C,0.2,LOSS,25.0°C
"Jeddah, SA",2026-09-12,36.8,36,mean,37.0,C,-0.2,LOSS,37.0°C
"Jeddah, SA",2026-09-12,36.8,37,modifisert,37.0,C,-0.2,WIN,37.0°C
"Jeddah, SA",2026-09-12,36.8,32,p5,37.0,C,-0.2,LOSS,37.0°C
"Jeddah, SA",2026-09-12,36.8,33,sigma,37.0,C,-0.2,LOSS,37.0°C
"Jinan, CN",2026-09-12,29.2,29,mean,,C,,WIN,26°C or higher
"Jinan, CN",2026-09-12,29.2,28,modifisert,,C,,WIN,26°C or higher
"Jinan, CN",2026-09-12,29.2,27,p5,,C,,WIN,26°C or higher
"Jinan, CN",2026-09-12,29.2,29,sigma,,C,,WIN,26°C or higher
"Karachi, PK",2026-09-12,35.2,35,mean,,C,,LOSS,36°C or higher
"Karachi, PK",2026-09-12,35.2,38,modifisert,,C,,WIN,36°C or higher
"Karachi, PK",2026-09-12,35.2,32,p5,,C,,LOSS,36°C or higher
"Karachi, PK",2026-09-12,35.2,33,sigma,,C,,LOSS,36°C or higher
"Kuala Lumpur, MY",2026-09-12,30.7,30,mean,32.0,C,-1.3,LOSS,32.0°C
"Kuala Lumpur, MY",2026-09-12,30.7,33,modifisert,32.0,C,-1.3,LOSS,32.0°C
"Kuala Lumpur, MY",2026-09-12,30.7,27,p5,32.0,C,-1.3,LOSS,32.0°C
"Kuala Lumpur, MY",2026-09-12,30.7,28,sigma,32.0,C,-1.3,LOSS,32.0°C
"London, UK",2026-09-12,23.1,24,mean,23.0,C,0.1,LOSS,23.0°C
"London, UK",2026-09-12,23.1,24,modifisert,23.0,C,0.1,LOSS,23.0°C
"London, UK",2026-09-12,23.1,22,p5,23.0,C,0.1,LOSS,23.0°C
"London, UK",2026-09-12,23.1,22,sigma,23.0,C,0.1,LOSS,23.0°C
"Los Angeles, US",2026-09-12,28.5,29,mean,26.94,F,1.56,LOSS,80-81°F
"Los Angeles, US",2026-09-12,28.5,26,modifisert,26.94,F,1.56,LOSS,80-81°F
"Los Angeles, US",2026-09-12,28.5,26,p5,26.94,F,1.56,LOSS,80-81°F
"Los Angeles, US",2026-09-12,28.5,28,sigma,26.94,F,1.56,LOSS,80-81°F
"Lucknow, IN",2026-09-12,32.7,33,mean,33.0,C,-0.3,WIN,33.0°C
"Lucknow, IN",2026-09-12,32.7,33,modifisert,33.0,C,-0.3,WIN,33.0°C
"Lucknow, IN",2026-09-12,32.7,32,p5,33.0,C,-0.3,LOSS,33.0°C
"Lucknow, IN",2026-09-12,32.7,32,sigma,33.0,C,-0.3,LOSS,33.0°C
"Madrid, ES",2026-09-12,31.3,32,mean,33.0,C,-1.7,LOSS,33.0°C
"Madrid, ES",2026-09-12,31.3,32,modifisert,33.0,C,-1.7,LOSS,33.0°C
"Madrid, ES",2026-09-12,31.3,31,p5,33.0,C,-1.7,LOSS,33.0°C
"Madrid, ES",2026-09-12,31.3,31,sigma,33.0,C,-1.7,LOSS,33.0°C
"Manila, PH",2026-09-12,30.1,31,mean,31.0,C,-0.9,WIN,31.0°C
"Manila, PH",2026-09-12,30.1,31,modifisert,31.0,C,-0.9,WIN,31.0°C
"Manila, PH",2026-09-12,30.1,28,p5,31.0,C,-0.9,LOSS,31.0°C
"Manila, PH",2026-09-12,30.1,29,sigma,31.0,C,-0.9,LOSS,31.0°C
"Mexico City, MX",2026-09-12,24.4,26,mean,,C,,WIN,26°C or higher
"Mexico City, MX",2026-09-12,24.4,25,modifisert,,C,,LOSS,26°C or higher
"Mexico City, MX",2026-09-12,24.4,23,p5,,C,,LOSS,26°C or higher
"Mexico City, MX",2026-09-12,24.4,25,sigma,,C,,LOSS,26°C or higher
"Miami, US",2026-09-12,31.4,32,mean,33.61,F,-2.21,LOSS,92-93°F
"Miami, US",2026-09-12,31.4,32,modifisert,33.61,F,-2.21,LOSS,92-93°F
"Miami, US",2026-09-12,31.4,31,p5,33.61,F,-2.21,LOSS,92-93°F
"Miami, US",2026-09-12,31.4,31,sigma,33.61,F,-2.21,LOSS,92-93°F
"Milan, IT",2026-09-12,24.7,25,mean,26.0,C,-1.3,LOSS,26.0°C
"Milan, IT",2026-09-12,24.7,26,modifisert,26.0,C,-1.3,WIN,26.0°C
"Milan, IT",2026-09-12,24.7,24,p5,26.0,C,-1.3,LOSS,26.0°C
"Milan, IT",2026-09-12,24.7,25,sigma,26.0,C,-1.3,LOSS,26.0°C
"Moscow, RU",2026-09-12,16.0,16,mean,17.0,C,-1.0,LOSS,17.0°C
"Moscow, RU",2026-09-12,16.0,16,modifisert,17.0,C,-1.0,LOSS,17.0°C
"Moscow, RU",2026-09-12,16.0,15,p5,17.0,C,-1.0,LOSS,17.0°C
"Moscow, RU",2026-09-12,16.0,15,sigma,17.0,C,-1.0,LOSS,17.0°C
"Munich, DE",2026-09-12,21.4,23,mean,23.0,C,-1.6,WIN,23.0°C
"Munich, DE",2026-09-12,21.4,23,modifisert,23.0,C,-1.6,WIN,23.0°C
"Munich, DE",2026-09-12,21.4,22,p5,23.0,C,-1.6,LOSS,23.0°C
"Munich, DE",2026-09-12,21.4,22,sigma,23.0,C,-1.6,LOSS,23.0°C
"New York, US",2026-09-12,25.6,26,mean,25.83,F,-0.23,WIN,78-79°F
"New York, US",2026-09-12,25.6,26,modifisert,25.83,F,-0.23,WIN,78-79°F
"New York, US",2026-09-12,25.6,24,p5,25.83,F,-0.23,LOSS,78-79°F
"New York, US",2026-09-12,25.6,25,sigma,25.83,F,-0.23,LOSS,78-79°F
"Panama City, PA",2026-09-12,30.5,31,mean,32.0,C,-1.5,LOSS,32.0°C
"Panama City, PA",2026-09-12,30.5,32,modifisert,32.0,C,-1.5,WIN,32.0°C
"Panama City, PA",2026-09-12,30.5,30,p5,32.0,C,-1.5,LOSS,32.0°C
"Panama City, PA",2026-09-12,30.5,30,sigma,32.0,C,-1.5,LOSS,32.0°C
"Paris, FR",2026-09-12,24.7,26,mean,26.0,C,-1.3,WIN,26.0°C
"Paris, FR",2026-09-12,24.7,25,modifisert,26.0,C,-1.3,LOSS,26.0°C
"Paris, FR",2026-09-12,24.7,24,p5,26.0,C,-1.3,LOSS,26.0°C
"Paris, FR",2026-09-12,24.7,24,sigma,26.0,C,-1.3,LOSS,26.0°C
"Qingdao, CN",2026-09-12,26.3,26,mean,27.0,C,-0.7,LOSS,27.0°C
"Qingdao, CN",2026-09-12,26.3,27,modifisert,27.0,C,-0.7,WIN,27.0°C
"Qingdao, CN",2026-09-12,26.3,25,p5,27.0,C,-0.7,LOSS,27.0°C
"Qingdao, CN",2026-09-12,26.3,25,sigma,27.0,C,-0.7,LOSS,27.0°C
"San Francisco, US",2026-09-12,20.2,20,mean,21.39,F,-1.19,LOSS,70-71°F
"San Francisco, US",2026-09-12,20.2,21,modifisert,21.39,F,-1.19,LOSS,70-71°F
"San Francisco, US",2026-09-12,20.2,18,p5,21.39,F,-1.19,LOSS,70-71°F
"San Francisco, US",2026-09-12,20.2,18,sigma,21.39,F,-1.19,LOSS,70-71°F
"Sao Paulo, BR",2026-09-12,22.1,22,mean,20.0,C,2.1,LOSS,20.0°C
"Sao Paulo, BR",2026-09-12,22.1,23,modifisert,20.0,C,2.1,LOSS,20.0°C
"Sao Paulo, BR",2026-09-12,22.1,20,p5,20.0,C,2.1,WIN,20.0°C
"Sao Paulo, BR",2026-09-12,22.1,21,sigma,20.0,C,2.1,LOSS,20.0°C
"Seattle, US",2026-09-12,19.0,19,mean,19.17,F,-0.17,WIN,66-67°F
"Seattle, US",2026-09-12,19.0,20,modifisert,19.17,F,-0.17,LOSS,66-67°F
"Seattle, US",2026-09-12,19.0,17,p5,19.17,F,-0.17,LOSS,66-67°F
"Seattle, US",2026-09-12,19.0,17,sigma,19.17,F,-0.17,LOSS,66-67°F
"Seoul (Incheon), KR",2026-09-12,23.8,25,mean,23.0,C,0.8,LOSS,23.0°C
"Seoul (Incheon), KR",2026-09-12,23.8,24,modifisert,23.0,C,0.8,LOSS,23.0°C
"Seoul (Incheon), KR",2026-09-12,23.8,24,p5,23.0,C,0.8,LOSS,23.0°C
"Seoul (Incheon), KR",2026-09-12,23.8,24,sigma,23.0,C,0.8,LOSS,23.0°C
"Shanghai, CN",2026-09-12,27.1,27,mean,28.0,C,-0.9,LOSS,28.0°C
"Shanghai, CN",2026-09-12,27.1,27,modifisert,28.0,C,-0.9,LOSS,28.0°C
"Shanghai, CN",2026-09-12,27.1,26,p5,28.0,C,-0.9,LOSS,28.0°C
"Shanghai, CN",2026-09-12,27.1,26,sigma,28.0,C,-0.9,LOSS,28.0°C
"Shenzhen, CN",2026-09-12,32.1,32,mean,34.0,C,-1.9,LOSS,34.0°C
"Shenzhen, CN",2026-09-12,32.1,32,modifisert,34.0,C,-1.9,LOSS,34.0°C
"Shenzhen, CN",2026-09-12,32.1,31,p5,34.0,C,-1.9,LOSS,34.0°C
"Shenzhen, CN",2026-09-12,32.1,31,sigma,34.0,C,-1.9,LOSS,34.0°C
"Singapore, SG",2026-09-12,30.8,31,mean,32.0,C,-1.2,LOSS,32.0°C
"Singapore, SG",2026-09-12,30.8,33,modifisert,32.0,C,-1.2,LOSS,32.0°C
"Singapore, SG",2026-09-12,30.8,29,p5,32.0,C,-1.2,LOSS,32.0°C
"Singapore, SG",2026-09-12,30.8,29,sigma,32.0,C,-1.2,LOSS,32.0°C
"Taipei, TW",2026-09-12,31.0,32,mean,32.0,C,-1.0,WIN,32.0°C
"Taipei, TW",2026-09-12,31.0,34,modifisert,32.0,C,-1.0,LOSS,32.0°C
"Taipei, TW",2026-09-12,31.0,30,p5,32.0,C,-1.0,LOSS,32.0°C
"Taipei, TW",2026-09-12,31.0,31,sigma,32.0,C,-1.0,LOSS,32.0°C
"Tel Aviv, IL",2026-09-12,32.4,33,mean,32.0,C,0.4,LOSS,32.0°C
"Tel Aviv, IL",2026-09-12,32.4,32,modifisert,32.0,C,0.4,WIN,32.0°C
"Tel Aviv, IL",2026-09-12,32.4,31,p5,32.0,C,0.4,LOSS,32.0°C
"Tel Aviv, IL",2026-09-12,32.4,32,sigma,32.0,C,0.4,WIN,32.0°C
"Tokyo, JP",2026-09-12,24.2,25,mean,23.0,C,1.2,LOSS,23.0°C
"Tokyo, JP",2026-09-12,24.2,24,modifisert,23.0,C,1.2,LOSS,23.0°C
"Tokyo, JP",2026-09-12,24.2,23,p5,23.0,C,1.2,WIN,23.0°C
"Tokyo, JP",2026-09-12,24.2,25,sigma,23.0,C,1.2,LOSS,23.0°C
"Toronto, CA",2026-09-12,24.8,25,mean,25.0,C,-0.2,WIN,25.0°C
"Toronto, CA",2026-09-12,24.8,25,modifisert,25.0,C,-0.2,WIN,25.0°C
"Toronto, CA",2026-09-12,24.8,22,p5,25.0,C,-0.2,LOSS,25.0°C
"Toronto, CA",2026-09-12,24.8,23,sigma,25.0,C,-0.2,LOSS,25.0°C
"Warsaw, PL",2026-09-12,18.3,19,mean,19.0,C,-0.7,WIN,19.0°C
"Warsaw, PL",2026-09-12,18.3,18,modifisert,19.0,C,-0.7,LOSS,19.0°C
"Warsaw, PL",2026-09-12,18.3,18,p5,19.0,C,-0.7,LOSS,19.0°C
"Warsaw, PL",2026-09-12,18.3,18,sigma,19.0,C,-0.7,LOSS,19.0°C
"Wellington, NZ",2026-09-12,12.4,13,mean,14.0,C,-1.6,LOSS,14.0°C
"Wellington, NZ",2026-09-12,12.4,13,modifisert,14.0,C,-1.6,LOSS,14.0°C
"Wellington, NZ",2026-09-12,12.4,12,p5,14.0,C,-1.6,LOSS,14.0°C
"Wellington, NZ",2026-09-12,12.4,13,sigma,14.0,C,-1.6,LOSS,14.0°C
"Wuhan, CN",2026-09-12,30.2,31,mean,31.0,C,-0.8,WIN,31.0°C
"Wuhan, CN",2026-09-12,30.2,31,modifisert,31.0,C,-0.8,WIN,31.0°C
"Wuhan, CN",2026-09-12,30.2,30,p5,31.0,C,-0.8,LOSS,31.0°C
"Wuhan, CN",2026-09-12,30.2,30,sigma,31.0,C,-0.8,LOSS,31.0°C
"Zhengzhou, CN",2026-09-12,25.8,27,mean,27.0,C,-1.2,WIN,27.0°C
"Zhengzhou, CN",2026-09-12,25.8,27,modifisert,27.0,C,-1.2,WIN,27.0°C
"Zhengzhou, CN",2026-09-12,25.8,26,p5,27.0,C,-1.2,LOSS,27.0°C
"Zhengzhou, CN",2026-09-12,25.8,26,sigma,27.0,C,-1.2,LOSS,27.0°C
"Amsterdam, NL",2026-09-13,20.0,21,mean,21.0,C,-1.0,WIN,21.0°C
"Amsterdam, NL",2026-09-13,20.0,21,modifisert,21.0,C,-1.0,WIN,21.0°C
"Amsterdam, NL",2026-09-13,20.0,20,p5,21.0,C,-1.0,LOSS,21.0°C
"Amsterdam, NL",2026-09-13,20.0,20,sigma,21.0,C,-1.0,LOSS,21.0°C
"Ankara, TR",2026-09-13,31.9,32,mean,33.0,C,-1.1,LOSS,33.0°C
"Ankara, TR",2026-09-13,31.9,33,modifisert,33.0,C,-1.1,WIN,33.0°C
"Ankara, TR",2026-09-13,31.9,31,p5,33.0,C,-1.1,LOSS,33.0°C
"Ankara, TR",2026-09-13,31.9,31,sigma,33.0,C,-1.1,LOSS,33.0°C
"Atlanta, US",2026-09-13,31.8,32,mean,32.5,F,-0.7,LOSS,90-91°F
"Atlanta, US",2026-09-13,31.8,34,modifisert,32.5,F,-0.7,LOSS,90-91°F
"Atlanta, US",2026-09-13,31.8,31,p5,32.5,F,-0.7,LOSS,90-91°F
"Atlanta, US",2026-09-13,31.8,31,sigma,32.5,F,-0.7,LOSS,90-91°F
"Austin, US",2026-09-13,35.7,37,mean,38.06,F,-2.36,LOSS,100-101°F
"Austin, US",2026-09-13,35.7,37,modifisert,38.06,F,-2.36,LOSS,100-101°F
"Austin, US",2026-09-13,35.7,34,p5,38.06,F,-2.36,LOSS,100-101°F
"Austin, US",2026-09-13,35.7,34,sigma,38.06,F,-2.36,LOSS,100-101°F
"Beijing, CN",2026-09-13,29.7,31,mean,31.0,C,-1.3,WIN,31.0°C
"Beijing, CN",2026-09-13,29.7,30,modifisert,31.0,C,-1.3,LOSS,31.0°C
"Beijing, CN",2026-09-13,29.7,30,p5,31.0,C,-1.3,LOSS,31.0°C
"Beijing, CN",2026-09-13,29.7,30,sigma,31.0,C,-1.3,LOSS,31.0°C
"Buenos Aires, AR",2026-09-13,11.5,12,mean,13.0,C,-1.5,LOSS,13.0°C
"Buenos Aires, AR",2026-09-13,11.5,12,modifisert,13.0,C,-1.5,LOSS,13.0°C
"Buenos Aires, AR",2026-09-13,11.5,11,p5,13.0,C,-1.5,LOSS,13.0°C
"Buenos Aires, AR",2026-09-13,11.5,11,sigma,13.0,C,-1.5,LOSS,13.0°C
"Busan, KR",2026-09-13,30.1,32,mean,30.0,C,0.1,LOSS,30.0°C
"Busan, KR",2026-09-13,30.1,32,modifisert,30.0,C,0.1,LOSS,30.0°C
"Busan, KR",2026-09-13,30.1,29,p5,30.0,C,0.1,LOSS,30.0°C
"Busan, KR",2026-09-13,30.1,30,sigma,30.0,C,0.1,WIN,30.0°C
"Cape Town, ZA",2026-09-13,24.3,24,mean,25.0,C,-0.7,LOSS,25.0°C
"Cape Town, ZA",2026-09-13,24.3,25,modifisert,25.0,C,-0.7,WIN,25.0°C
"Cape Town, ZA",2026-09-13,24.3,21,p5,25.0,C,-0.7,LOSS,25.0°C
"Cape Town, ZA",2026-09-13,24.3,22,sigma,25.0,C,-0.7,LOSS,25.0°C
"Chengdu, CN",2026-09-13,23.8,25,mean,26.0,C,-2.2,LOSS,26.0°C
"Chengdu, CN",2026-09-13,23.8,25,modifisert,26.0,C,-2.2,LOSS,26.0°C
"Chengdu, CN",2026-09-13,23.8,23,p5,26.0,C,-2.2,LOSS,26.0°C
"Chengdu, CN",2026-09-13,23.8,24,sigma,26.0,C,-2.2,LOSS,26.0°C
"Chicago, US",2026-09-13,22.9,23,mean,23.61,F,-0.71,LOSS,74-75°F
"Chicago, US",2026-09-13,22.9,22,modifisert,23.61,F,-0.71,LOSS,74-75°F
"Chicago, US",2026-09-13,22.9,22,p5,23.61,F,-0.71,LOSS,74-75°F
"Chicago, US",2026-09-13,22.9,22,sigma,23.61,F,-0.71,LOSS,74-75°F
"Chongqing, CN",2026-09-13,25.6,26,mean,27.0,C,-1.4,LOSS,27.0°C
"Chongqing, CN",2026-09-13,25.6,27,modifisert,27.0,C,-1.4,WIN,27.0°C
"Chongqing, CN",2026-09-13,25.6,24,p5,27.0,C,-1.4,LOSS,27.0°C
"Chongqing, CN",2026-09-13,25.6,25,sigma,27.0,C,-1.4,LOSS,27.0°C
"Dallas, US",2026-09-13,37.5,37,mean,36.94,F,0.56,WIN,98-99°F
"Dallas, US",2026-09-13,37.5,37,modifisert,36.94,F,0.56,WIN,98-99°F
"Dallas, US",2026-09-13,37.5,35,p5,36.94,F,0.56,LOSS,98-99°F
"Dallas, US",2026-09-13,37.5,37,sigma,36.94,F,0.56,WIN,98-99°F
"Denver, US",2026-09-13,33.2,34,mean,34.72,F,-1.52,LOSS,94-95°F
"Denver, US",2026-09-13,33.2,35,modifisert,34.72,F,-1.52,WIN,94-95°F
"Denver, US",2026-09-13,33.2,32,p5,34.72,F,-1.52,LOSS,94-95°F
"Denver, US",2026-09-13,33.2,33,sigma,34.72,F,-1.52,LOSS,94-95°F
"Guangzhou, CN",2026-09-13,31.6,33,mean,34.0,C,-2.4,LOSS,34.0°C
"Guangzhou, CN",2026-09-13,31.6,34,modifisert,34.0,C,-2.4,WIN,34.0°C
"Guangzhou, CN",2026-09-13,31.6,31,p5,34.0,C,-2.4,LOSS,34.0°C
"Guangzhou, CN",2026-09-13,31.6,32,sigma,34.0,C,-2.4,LOSS,34.0°C
"Helsinki, FI",2026-09-13,15.7,16,mean,16.0,C,-0.3,WIN,16.0°C
"Helsinki, FI",2026-09-13,15.7,16,modifisert,16.0,C,-0.3,WIN,16.0°C
"Helsinki, FI",2026-09-13,15.7,15,p5,16.0,C,-0.3,LOSS,16.0°C
"Helsinki, FI",2026-09-13,15.7,15,sigma,16.0,C,-0.3,LOSS,16.0°C
"Hong Kong, HK",2026-09-13,28.0,29,mean,31.0,C,-3.0,LOSS,31.0°C
"Hong Kong, HK",2026-09-13,28.0,29,modifisert,31.0,C,-3.0,LOSS,31.0°C
"Hong Kong, HK",2026-09-13,28.0,28,p5,31.0,C,-3.0,LOSS,31.0°C
"Hong Kong, HK",2026-09-13,28.0,28,sigma,31.0,C,-3.0,LOSS,31.0°C
"Houston, US",2026-09-13,33.2,34,mean,33.61,F,-0.41,LOSS,92-93°F
"Houston, US",2026-09-13,33.2,33,modifisert,33.61,F,-0.41,LOSS,92-93°F
"Houston, US",2026-09-13,33.2,32,p5,33.61,F,-0.41,LOSS,92-93°F
"Houston, US",2026-09-13,33.2,33,sigma,33.61,F,-0.41,LOSS,92-93°F
"Istanbul, TR",2026-09-13,22.1,21,mean,22.0,C,0.1,LOSS,22.0°C
"Istanbul, TR",2026-09-13,22.1,23,modifisert,22.0,C,0.1,LOSS,22.0°C
"Istanbul, TR",2026-09-13,22.1,20,p5,22.0,C,0.1,LOSS,22.0°C
"Istanbul, TR",2026-09-13,22.1,21,sigma,22.0,C,0.1,LOSS,22.0°C
"Jeddah, SA",2026-09-13,36.9,36,mean,37.0,C,-0.1,LOSS,37.0°C
"Jeddah, SA",2026-09-13,36.9,37,modifisert,37.0,C,-0.1,WIN,37.0°C
"Jeddah, SA",2026-09-13,36.9,33,p5,37.0,C,-0.1,LOSS,37.0°C
"Jeddah, SA",2026-09-13,36.9,34,sigma,37.0,C,-0.1,LOSS,37.0°C
"Jinan, CN",2026-09-13,31.0,31,mean,,C,,WIN,26°C or higher
"Jinan, CN",2026-09-13,31.0,30,modifisert,,C,,WIN,26°C or higher
"Jinan, CN",2026-09-13,31.0,29,p5,,C,,WIN,26°C or higher
"Jinan, CN",2026-09-13,31.0,31,sigma,,C,,WIN,26°C or higher
"Karachi, PK",2026-09-13,38.7,39,mean,40.0,C,-1.3,LOSS,40.0°C
"Karachi, PK",2026-09-13,38.6,44,modifisert,40.0,C,-1.4,LOSS,40.0°C
"Karachi, PK",2026-09-13,38.7,35,p5,40.0,C,-1.3,LOSS,40.0°C
"Karachi, PK",2026-09-13,38.7,36,sigma,40.0,C,-1.3,LOSS,40.0°C
"Kuala Lumpur, MY",2026-09-13,31.7,31,mean,33.0,C,-1.3,LOSS,33.0°C
"Kuala Lumpur, MY",2026-09-13,31.7,33,modifisert,33.0,C,-1.3,WIN,33.0°C
"Kuala Lumpur, MY",2026-09-13,31.7,30,p5,33.0,C,-1.3,LOSS,33.0°C
"Kuala Lumpur, MY",2026-09-13,31.7,30,sigma,33.0,C,-1.3,LOSS,33.0°C
"London, UK",2026-09-13,22.4,23,mean,23.0,C,-0.6,WIN,23.0°C
"London, UK",2026-09-13,22.4,23,modifisert,23.0,C,-0.6,WIN,23.0°C
"London, UK",2026-09-13,22.4,21,p5,23.0,C,-0.6,LOSS,23.0°C
"London, UK",2026-09-13,22.4,22,sigma,23.0,C,-0.6,LOSS,23.0°C
"Los Angeles, US",2026-09-13,27.2,28,mean,25.83,F,1.37,LOSS,78-79°F
"Los Angeles, US",2026-09-13,27.2,25,modifisert,25.83,F,1.37,LOSS,78-79°F
"Los Angeles, US",2026-09-13,27.2,24,p5,25.83,F,1.37,LOSS,78-79°F
"Los Angeles, US",2026-09-13,27.2,27,sigma,25.83,F,1.37,LOSS,78-79°F
"Lucknow, IN",2026-09-13,32.6,33,mean,33.0,C,-0.4,WIN,33.0°C
"Lucknow, IN",2026-09-13,32.7,33,modifisert,33.0,C,-0.3,WIN,33.0°C
"Lucknow, IN",2026-09-13,32.6,32,p5,33.0,C,-0.4,LOSS,33.0°C
"Lucknow, IN",2026-09-13,32.6,32,sigma,33.0,C,-0.4,LOSS,33.0°C
"Madrid, ES",2026-09-13,31.8,32,mean,33.0,C,-1.2,LOSS,33.0°C
"Madrid, ES",2026-09-13,31.8,33,modifisert,33.0,C,-1.2,WIN,33.0°C
"Madrid, ES",2026-09-13,31.8,31,p5,33.0,C,-1.2,LOSS,33.0°C
"Madrid, ES",2026-09-13,31.8,31,sigma,33.0,C,-1.2,LOSS,33.0°C
"Manila, PH",2026-09-13,30.6,32,mean,32.0,C,-1.4,WIN,32.0°C
"Manila, PH",2026-09-13,30.6,31,modifisert,32.0,C,-1.4,LOSS,32.0°C
"Manila, PH",2026-09-13,30.6,30,p5,32.0,C,-1.4,LOSS,32.0°C
"Manila, PH",2026-09-13,30.6,30,sigma,32.0,C,-1.4,LOSS,32.0°C
"Mexico City, MX",2026-09-13,24.5,26,mean,25.0,C,-0.5,LOSS,25.0°C
"Mexico City, MX",2026-09-13,24.5,25,modifisert,25.0,C,-0.5,WIN,25.0°C
"Mexico City, MX",2026-09-13,24.5,23,p5,25.0,C,-0.5,LOSS,25.0°C
"Mexico City, MX",2026-09-13,24.5,25,sigma,25.0,C,-0.5,WIN,25.0°C
"Miami, US",2026-09-13,31.3,32,mean,32.5,F,-1.2,LOSS,90-91°F
"Miami, US",2026-09-13,31.3,32,modifisert,32.5,F,-1.2,LOSS,90-91°F
"Miami, US",2026-09-13,31.3,30,p5,32.5,F,-1.2,LOSS,90-91°F
"Miami, US",2026-09-13,31.3,31,sigma,32.5,F,-1.2,LOSS,90-91°F
"Milan, IT",2026-09-13,25.3,26,mean,26.0,C,-0.7,WIN,26.0°C
"Milan, IT",2026-09-13,25.3,27,modifisert,26.0,C,-0.7,LOSS,26.0°C
"Milan, IT",2026-09-13,25.3,25,p5,26.0,C,-0.7,LOSS,26.0°C
"Milan, IT",2026-09-13,25.3,25,sigma,26.0,C,-0.7,LOSS,26.0°C
"Moscow, RU",2026-09-13,16.0,16,mean,18.0,C,-2.0,LOSS,18.0°C
"Moscow, RU",2026-09-13,16.0,16,modifisert,18.0,C,-2.0,LOSS,18.0°C
"Moscow, RU",2026-09-13,16.0,15,p5,18.0,C,-2.0,LOSS,18.0°C
"Moscow, RU",2026-09-13,16.0,16,sigma,18.0,C,-2.0,LOSS,18.0°C
"Munich, DE",2026-09-13,22.2,24,mean,23.0,C,-0.8,LOSS,23.0°C
"Munich, DE",2026-09-13,22.2,24,modifisert,23.0,C,-0.8,LOSS,23.0°C
"Munich, DE",2026-09-13,22.2,22,p5,23.0,C,-0.8,LOSS,23.0°C
"Munich, DE",2026-09-13,22.2,22,sigma,23.0,C,-0.8,LOSS,23.0°C
"New York, US",2026-09-13,25.7,26,mean,26.94,F,-1.24,LOSS,80-81°F
"New York, US",2026-09-13,25.7,26,modifisert,26.94,F,-1.24,LOSS,80-81°F
"New York, US",2026-09-13,25.7,24,p5,26.94,F,-1.24,LOSS,80-81°F
"New York, US",2026-09-13,25.7,25,sigma,26.94,F,-1.24,LOSS,80-81°F
"Panama City, PA",2026-09-13,29.3,30,mean,32.0,C,-2.7,LOSS,32.0°C
"Panama City, PA",2026-09-13,29.3,31,modifisert,32.0,C,-2.7,LOSS,32.0°C
"Panama City, PA",2026-09-13,29.3,29,p5,32.0,C,-2.7,LOSS,32.0°C
"Panama City, PA",2026-09-13,29.3,29,sigma,32.0,C,-2.7,LOSS,32.0°C
"Paris, FR",2026-09-13,24.9,26,mean,27.0,C,-2.1,LOSS,27.0°C
"Paris, FR",2026-09-13,24.9,25,modifisert,27.0,C,-2.1,LOSS,27.0°C
"Paris, FR",2026-09-13,24.9,24,p5,27.0,C,-2.1,LOSS,27.0°C
"Paris, FR",2026-09-13,24.9,24,sigma,27.0,C,-2.1,LOSS,27.0°C
"Qingdao, CN",2026-09-13,27.2,27,mean,28.0,C,-0.8,LOSS,28.0°C
"Qingdao, CN",2026-09-13,27.2,28,modifisert,28.0,C,-0.8,WIN,28.0°C
"Qingdao, CN",2026-09-13,27.2,26,p5,28.0,C,-0.8,LOSS,28.0°C
"Qingdao, CN",2026-09-13,27.2,26,sigma,28.0,C,-0.8,LOSS,28.0°C
"San Francisco, US",2026-09-13,20.7,21,mean,21.39,F,-0.69,LOSS,70-71°F
"San Francisco, US",2026-09-13,20.7,22,modifisert,21.39,F,-0.69,LOSS,70-71°F
"San Francisco, US",2026-09-13,20.7,19,p5,21.39,F,-0.69,LOSS,70-71°F
"San Francisco, US",2026-09-13,20.7,19,sigma,21.39,F,-0.69,LOSS,70-71°F
"Sao Paulo, BR",2026-09-13,16.4,17,mean,16.0,C,0.4,LOSS,16.0°C
"Sao Paulo, BR",2026-09-13,16.4,17,modifisert,16.0,C,0.4,LOSS,16.0°C
"Sao Paulo, BR",2026-09-13,16.4,16,p5,16.0,C,0.4,WIN,16.0°C
"Sao Paulo, BR",2026-09-13,16.4,16,sigma,16.0,C,0.4,WIN,16.0°C
"Seattle, US",2026-09-13,15.5,15,mean,15.83,F,-0.33,LOSS,60-61°F
"Seattle, US",2026-09-13,15.6,16,modifisert,15.83,F,-0.23,WIN,60-61°F
"Seattle, US",2026-09-13,15.5,14,p5,15.83,F,-0.33,LOSS,60-61°F
"Seattle, US",2026-09-13,15.5,14,sigma,15.83,F,-0.33,LOSS,60-61°F
"Seoul (Incheon), KR",2026-09-13,23.9,25,mean,24.0,C,-0.1,LOSS,24.0°C
"Seoul (Incheon), KR",2026-09-13,23.9,24,modifisert,24.0,C,-0.1,WIN,24.0°C
"Seoul (Incheon), KR",2026-09-13,23.9,24,p5,24.0,C,-0.1,WIN,24.0°C
"Seoul (Incheon), KR",2026-09-13,23.9,24,sigma,24.0,C,-0.1,WIN,24.0°C
"Shanghai, CN",2026-09-13,27.7,28,mean,29.0,C,-1.3,LOSS,29.0°C
"Shanghai, CN",2026-09-13,27.7,28,modifisert,29.0,C,-1.3,LOSS,29.0°C
"Shanghai, CN",2026-09-13,27.7,27,p5,29.0,C,-1.3,LOSS,29.0°C
"Shanghai, CN",2026-09-13,27.7,27,sigma,29.0,C,-1.3,LOSS,29.0°C
"Shenzhen, CN",2026-09-13,29.9,30,mean,32.0,C,-2.1,LOSS,32.0°C
"Shenzhen, CN",2026-09-13,29.9,30,modifisert,32.0,C,-2.1,LOSS,32.0°C
"Shenzhen, CN",2026-09-13,29.9,28,p5,32.0,C,-2.1,LOSS,32.0°C
"Shenzhen, CN",2026-09-13,29.9,29,sigma,32.0,C,-2.1,LOSS,32.0°C
"Singapore, SG",2026-09-13,31.7,32,mean,33.0,C,-1.3,LOSS,33.0°C
"Singapore, SG",2026-09-13,31.7,33,modifisert,33.0,C,-1.3,WIN,33.0°C
"Singapore, SG",2026-09-13,31.7,30,p5,33.0,C,-1.3,LOSS,33.0°C
"Singapore, SG",2026-09-13,31.7,30,sigma,33.0,C,-1.3,LOSS,33.0°C
"Taipei, TW",2026-09-13,32.7,34,mean,34.0,C,-1.3,WIN,34.0°C
"Taipei, TW",2026-09-13,32.7,35,modifisert,34.0,C,-1.3,LOSS,34.0°C
"Taipei, TW",2026-09-13,32.7,32,p5,34.0,C,-1.3,LOSS,34.0°C
"Taipei, TW",2026-09-13,32.7,33,sigma,34.0,C,-1.3,LOSS,34.0°C
"Tel Aviv, IL",2026-09-13,33.0,33,mean,32.0,C,1.0,LOSS,32.0°C
"Tel Aviv, IL",2026-09-13,33.0,32,modifisert,32.0,C,1.0,WIN,32.0°C
"Tel Aviv, IL",2026-09-13,33.0,32,p5,32.0,C,1.0,WIN,32.0°C
"Tel Aviv, IL",2026-09-13,33.0,33,sigma,32.0,C,1.0,LOSS,32.0°C
"Tokyo, JP",2026-09-13,27.0,28,mean,25.0,C,2.0,LOSS,25.0°C
"Tokyo, JP",2026-09-13,27.0,27,modifisert,25.0,C,2.0,LOSS,25.0°C
"Tokyo, JP",2026-09-13,27.0,26,p5,25.0,C,2.0,LOSS,25.0°C
"Tokyo, JP",2026-09-13,27.0,27,sigma,25.0,C,2.0,LOSS,25.0°C
"Toronto, CA",2026-09-13,26.4,26,mean,28.0,C,-1.6,LOSS,28.0°C
"Toronto, CA",2026-09-13,26.4,26,modifisert,28.0,C,-1.6,LOSS,28.0°C
"Toronto, CA",2026-09-13,26.4,24,p5,28.0,C,-1.6,LOSS,28.0°C
"Toronto, CA",2026-09-13,26.4,24,sigma,28.0,C,-1.6,LOSS,28.0°C
"Warsaw, PL",2026-09-13,19.5,20,mean,20.0,C,-0.5,WIN,20.0°C
"Warsaw, PL",2026-09-13,19.5,20,modifisert,20.0,C,-0.5,WIN,20.0°C
"Warsaw, PL",2026-09-13,19.5,19,p5,20.0,C,-0.5,LOSS,20.0°C
"Warsaw, PL",2026-09-13,19.5,19,sigma,20.0,C,-0.5,LOSS,20.0°C
"Wellington, NZ",2026-09-13,14.0,15,mean,16.0,C,-2.0,LOSS,16.0°C
"Wellington, NZ",2026-09-13,14.0,15,modifisert,16.0,C,-2.0,LOSS,16.0°C
"Wellington, NZ",2026-09-13,14.0,13,p5,16.0,C,-2.0,LOSS,16.0°C
"Wellington, NZ",2026-09-13,14.0,14,sigma,16.0,C,-2.0,LOSS,16.0°C
"Wuhan, CN",2026-09-13,32.3,33,mean,32.0,C,0.3,LOSS,32.0°C
"Wuhan, CN",2026-09-13,32.3,33,modifisert,32.0,C,0.3,LOSS,32.0°C
"Wuhan, CN",2026-09-13,32.3,32,p5,32.0,C,0.3,WIN,32.0°C
"Wuhan, CN",2026-09-13,32.3,32,sigma,32.0,C,0.3,WIN,32.0°C
"Zhengzhou, CN",2026-09-13,27.0,28,mean,30.0,C,-3.0,LOSS,30.0°C
"Zhengzhou, CN",2026-09-13,27.0,28,modifisert,30.0,C,-3.0,LOSS,30.0°C
"Zhengzhou, CN",2026-09-13,27.0,27,p5,30.0,C,-3.0,LOSS,30.0°C
"Zhengzhou, CN",2026-09-13,27.0,27,sigma,30.0,C,-3.0,LOSS,30.0°C
"Amsterdam, NL",2026-09-14,21.6,22,mean,,,,,
"Amsterdam, NL",2026-09-14,21.6,22,modifisert,,,,,
"Amsterdam, NL",2026-09-14,21.6,21,p5,,,,,
"Amsterdam, NL",2026-09-14,21.6,21,sigma,,,,,
"Ankara, TR",2026-09-14,25.8,26,mean,,,,,
"Ankara, TR",2026-09-14,25.8,26,modifisert,,,,,
"Ankara, TR",2026-09-14,25.8,25,p5,,,,,
"Ankara, TR",2026-09-14,25.8,25,sigma,,,,,
"Atlanta, US",2026-09-14,33.8,34,mean,,,,,
"Atlanta, US",2026-09-14,33.8,35,modifisert,,,,,
"Atlanta, US",2026-09-14,33.8,33,p5,,,,,
"Atlanta, US",2026-09-14,33.8,33,sigma,,,,,
"Beijing, CN",2026-09-14,26.8,28,mean,26.0,C,0.8,LOSS,26.0°C
"Beijing, CN",2026-09-14,26.8,28,modifisert,26.0,C,0.8,LOSS,26.0°C
"Beijing, CN",2026-09-14,26.8,27,p5,26.0,C,0.8,LOSS,26.0°C
"Beijing, CN",2026-09-14,26.8,28,sigma,26.0,C,0.8,LOSS,26.0°C
"Buenos Aires, AR",2026-09-14,15.2,16,mean,,,,,
"Buenos Aires, AR",2026-09-14,15.2,16,modifisert,,,,,
"Buenos Aires, AR",2026-09-14,15.2,15,p5,,,,,
"Buenos Aires, AR",2026-09-14,15.2,15,sigma,,,,,
"Busan, KR",2026-09-14,29.9,31,mean,31.0,C,-1.1,WIN,31.0°C
"Busan, KR",2026-09-14,29.8,31,modifisert,31.0,C,-1.2,WIN,31.0°C
"Busan, KR",2026-09-14,29.9,29,p5,31.0,C,-1.1,LOSS,31.0°C
"Busan, KR",2026-09-14,29.9,30,sigma,31.0,C,-1.1,LOSS,31.0°C
"Cape Town, ZA",2026-09-14,18.0,18,mean,,,,,
"Cape Town, ZA",2026-09-14,18.0,18,modifisert,,,,,
"Cape Town, ZA",2026-09-14,18.0,17,p5,,,,,
"Cape Town, ZA",2026-09-14,18.0,17,sigma,,,,,
"Chengdu, CN",2026-09-14,25.7,27,mean,,C,,LOSS,22°C or below
"Chengdu, CN",2026-09-14,23.6,25,modifisert,,C,,LOSS,22°C or below
"Chengdu, CN",2026-09-14,25.7,25,p5,,C,,LOSS,22°C or below
"Chengdu, CN",2026-09-14,25.7,26,sigma,,C,,LOSS,22°C or below
"Chongqing, CN",2026-09-14,24.8,25,mean,,C,,LOSS,23°C or below
"Chongqing, CN",2026-09-14,24.7,26,modifisert,,C,,LOSS,23°C or below
"Chongqing, CN",2026-09-14,24.8,24,p5,,C,,LOSS,23°C or below
"Chongqing, CN",2026-09-14,24.8,25,sigma,,C,,LOSS,23°C or below
"Guangzhou, CN",2026-09-14,32.5,34,mean,34.0,C,-1.5,WIN,34.0°C
"Guangzhou, CN",2026-09-14,32.0,34,modifisert,34.0,C,-2.0,WIN,34.0°C
"Guangzhou, CN",2026-09-14,32.5,32,p5,34.0,C,-1.5,LOSS,34.0°C
"Guangzhou, CN",2026-09-14,32.5,33,sigma,34.0,C,-1.5,LOSS,34.0°C
"Helsinki, FI",2026-09-14,16.0,16,mean,17.0,C,-1.0,LOSS,17°C
"Helsinki, FI",2026-09-14,16.0,17,modifisert,17.0,C,-1.0,WIN,17°C
"Helsinki, FI",2026-09-14,16.0,15,p5,17.0,C,-1.0,LOSS,17°C
"Helsinki, FI",2026-09-14,16.0,15,sigma,17.0,C,-1.0,LOSS,17°C
"Hong Kong, HK",2026-09-14,30.1,31,mean,28.0,C,2.1,LOSS,28.0°C
"Hong Kong, HK",2026-09-14,29.3,30,modifisert,28.0,C,1.3,LOSS,28.0°C
"Hong Kong, HK",2026-09-14,30.1,29,p5,28.0,C,2.1,LOSS,28.0°C
"Hong Kong, HK",2026-09-14,30.1,30,sigma,28.0,C,2.1,LOSS,28.0°C
"Istanbul, TR",2026-09-14,21.7,21,mean,22.0,C,-0.3,LOSS,22°C
"Istanbul, TR",2026-09-14,21.7,22,modifisert,22.0,C,-0.3,WIN,22°C
"Istanbul, TR",2026-09-14,21.7,20,p5,22.0,C,-0.3,LOSS,22°C
"Istanbul, TR",2026-09-14,21.7,20,sigma,22.0,C,-0.3,LOSS,22°C
"Jeddah, SA",2026-09-14,38.7,38,mean,37.0,C,1.7,LOSS,37°C
"Jeddah, SA",2026-09-14,38.7,39,modifisert,37.0,C,1.7,LOSS,37°C
"Jeddah, SA",2026-09-14,38.7,33,p5,37.0,C,1.7,LOSS,37°C
"Jeddah, SA",2026-09-14,38.7,35,sigma,37.0,C,1.7,LOSS,37°C
"Jinan, CN",2026-09-14,30.0,30,mean,30.0,C,0.0,WIN,30.0°C
"Jinan, CN",2026-09-14,29.9,29,modifisert,30.0,C,-0.1,LOSS,30.0°C
"Jinan, CN",2026-09-14,30.0,28,p5,30.0,C,0.0,LOSS,30.0°C
"Jinan, CN",2026-09-14,30.0,30,sigma,30.0,C,0.0,WIN,30.0°C
"Karachi, PK",2026-09-14,36.3,36,mean,,C,,LOSS,39°C or higher
"Karachi, PK",2026-09-14,36.3,40,modifisert,,C,,WIN,39°C or higher
"Karachi, PK",2026-09-14,36.3,33,p5,,C,,LOSS,39°C or higher
"Karachi, PK",2026-09-14,36.3,34,sigma,,C,,LOSS,39°C or higher
"Kuala Lumpur, MY",2026-09-14,32.6,32,mean,33.0,C,-0.4,LOSS,33.0°C
"Kuala Lumpur, MY",2026-09-14,32.6,34,modifisert,33.0,C,-0.4,LOSS,33.0°C
"Kuala Lumpur, MY",2026-09-14,32.6,30,p5,33.0,C,-0.4,LOSS,33.0°C
"Kuala Lumpur, MY",2026-09-14,32.6,31,sigma,33.0,C,-0.4,LOSS,33.0°C
"London, UK",2026-09-14,24.2,25,mean,,,,,
"London, UK",2026-09-14,24.2,25,modifisert,,,,,
"London, UK",2026-09-14,24.2,23,p5,,,,,
"London, UK",2026-09-14,24.2,24,sigma,,,,,
"Lucknow, IN",2026-09-14,31.9,33,mean,32.0,C,-0.1,LOSS,32.0°C
"Lucknow, IN",2026-09-14,31.9,32,modifisert,32.0,C,-0.1,WIN,32.0°C
"Lucknow, IN",2026-09-14,31.9,30,p5,32.0,C,-0.1,LOSS,32.0°C
"Lucknow, IN",2026-09-14,31.9,31,sigma,32.0,C,-0.1,LOSS,32.0°C
"Madrid, ES",2026-09-14,33.7,34,mean,,,,,
"Madrid, ES",2026-09-14,33.7,35,modifisert,,,,,
"Madrid, ES",2026-09-14,33.7,33,p5,,,,,
"Madrid, ES",2026-09-14,33.7,33,sigma,,,,,
"Manila, PH",2026-09-14,31.5,32,mean,32.0,C,-0.5,WIN,32.0°C
"Manila, PH",2026-09-14,31.9,33,modifisert,32.0,C,-0.1,LOSS,32.0°C
"Manila, PH",2026-09-14,31.5,30,p5,32.0,C,-0.5,LOSS,32.0°C
"Manila, PH",2026-09-14,31.5,30,sigma,32.0,C,-0.5,LOSS,32.0°C
"Miami, US",2026-09-14,31.2,32,mean,,,,,
"Miami, US",2026-09-14,31.2,32,modifisert,,,,,
"Miami, US",2026-09-14,31.2,30,p5,,,,,
"Miami, US",2026-09-14,31.2,31,sigma,,,,,
"Milan, IT",2026-09-14,27.6,28,mean,,,,,
"Milan, IT",2026-09-14,27.6,29,modifisert,,,,,
"Milan, IT",2026-09-14,27.6,27,p5,,,,,
"Milan, IT",2026-09-14,27.6,28,sigma,,,,,
"Moscow, RU",2026-09-14,18.5,19,mean,,,,,
"Moscow, RU",2026-09-14,18.5,19,modifisert,,,,,
"Moscow, RU",2026-09-14,18.5,18,p5,,,,,
"Moscow, RU",2026-09-14,18.5,19,sigma,,,,,
"Munich, DE",2026-09-14,20.4,22,mean,,,,,
"Munich, DE",2026-09-14,20.4,22,modifisert,,,,,
"Munich, DE",2026-09-14,20.4,20,p5,,,,,
"Munich, DE",2026-09-14,20.4,20,sigma,,,,,
"New York, US",2026-09-14,23.3,23,mean,,,,,
"New York, US",2026-09-14,23.3,23,modifisert,,,,,
"New York, US",2026-09-14,23.3,22,p5,,,,,
"New York, US",2026-09-14,23.3,23,sigma,,,,,
"Paris, FR",2026-09-14,27.4,28,mean,,,,,
"Paris, FR",2026-09-14,27.4,27,modifisert,,,,,
"Paris, FR",2026-09-14,27.4,27,p5,,,,,
"Paris, FR",2026-09-14,27.4,27,sigma,,,,,
"Qingdao, CN",2026-09-14,29.1,29,mean,29.0,C,0.1,WIN,29.0°C
"Qingdao, CN",2026-09-14,29.1,30,modifisert,29.0,C,0.1,LOSS,29.0°C
"Qingdao, CN",2026-09-14,29.1,27,p5,29.0,C,0.1,LOSS,29.0°C
"Qingdao, CN",2026-09-14,29.1,28,sigma,29.0,C,0.1,LOSS,29.0°C
"Sao Paulo, BR",2026-09-14,16.9,17,mean,,,,,
"Sao Paulo, BR",2026-09-14,16.9,17,modifisert,,,,,
"Sao Paulo, BR",2026-09-14,16.9,16,p5,,,,,
"Sao Paulo, BR",2026-09-14,16.9,16,sigma,,,,,
"Seoul (Incheon), KR",2026-09-14,25.1,26,mean,26.0,C,-0.9,WIN,26.0°C
"Seoul (Incheon), KR",2026-09-14,25.2,25,modifisert,26.0,C,-0.8,LOSS,26.0°C
"Seoul (Incheon), KR",2026-09-14,25.1,24,p5,26.0,C,-0.9,LOSS,26.0°C
"Seoul (Incheon), KR",2026-09-14,25.1,25,sigma,26.0,C,-0.9,LOSS,26.0°C
"Shanghai, CN",2026-09-14,27.5,28,mean,29.0,C,-1.5,LOSS,29.0°C
"Shanghai, CN",2026-09-14,27.7,28,modifisert,29.0,C,-1.3,LOSS,29.0°C
"Shanghai, CN",2026-09-14,27.5,26,p5,29.0,C,-1.5,LOSS,29.0°C
"Shanghai, CN",2026-09-14,27.5,27,sigma,29.0,C,-1.5,LOSS,29.0°C
"Shenzhen, CN",2026-09-14,31.2,32,mean,30.0,C,1.2,LOSS,30.0°C
"Shenzhen, CN",2026-09-14,29.8,30,modifisert,30.0,C,-0.2,WIN,30.0°C
"Shenzhen, CN",2026-09-14,31.2,30,p5,30.0,C,1.2,WIN,30.0°C
"Shenzhen, CN",2026-09-14,31.2,30,sigma,30.0,C,1.2,WIN,30.0°C
"Singapore, SG",2026-09-14,31.3,31,mean,33.0,C,-1.7,LOSS,33.0°C
"Singapore, SG",2026-09-14,31.4,33,modifisert,33.0,C,-1.6,WIN,33.0°C
"Singapore, SG",2026-09-14,31.3,30,p5,33.0,C,-1.7,LOSS,33.0°C
"Singapore, SG",2026-09-14,31.3,30,sigma,33.0,C,-1.7,LOSS,33.0°C
"Taipei, TW",2026-09-14,30.9,32,mean,33.0,C,-2.1,LOSS,33.0°C
"Taipei, TW",2026-09-14,31.3,34,modifisert,33.0,C,-1.7,LOSS,33.0°C
"Taipei, TW",2026-09-14,30.9,31,p5,33.0,C,-2.1,LOSS,33.0°C
"Taipei, TW",2026-09-14,30.9,31,sigma,33.0,C,-2.1,LOSS,33.0°C
"Tel Aviv, IL",2026-09-14,33.7,34,mean,33.0,C,0.7,LOSS,33.0°C
"Tel Aviv, IL",2026-09-14,33.7,33,modifisert,33.0,C,0.7,WIN,33.0°C
"Tel Aviv, IL",2026-09-14,33.7,32,p5,33.0,C,0.7,LOSS,33.0°C
"Tel Aviv, IL",2026-09-14,33.7,34,sigma,33.0,C,0.7,LOSS,33.0°C
"Tokyo, JP",2026-09-14,29.9,31,mean,31.0,C,-1.1,WIN,31.0°C
"Tokyo, JP",2026-09-14,30.0,30,modifisert,31.0,C,-1.0,LOSS,31.0°C
"Tokyo, JP",2026-09-14,29.9,29,p5,31.0,C,-1.1,LOSS,31.0°C
"Tokyo, JP",2026-09-14,29.9,30,sigma,31.0,C,-1.1,LOSS,31.0°C
"Toronto, CA",2026-09-14,19.7,19,mean,,,,,
"Toronto, CA",2026-09-14,19.7,20,modifisert,,,,,
"Toronto, CA",2026-09-14,19.7,18,p5,,,,,
"Toronto, CA",2026-09-14,19.7,18,sigma,,,,,
"Warsaw, PL",2026-09-14,19.7,21,mean,,,,,
"Warsaw, PL",2026-09-14,19.7,20,modifisert,,,,,
"Warsaw, PL",2026-09-14,19.7,19,p5,,,,,
"Warsaw, PL",2026-09-14,19.7,19,sigma,,,,,
"Wellington, NZ",2026-09-14,14.6,15,mean,16.0,C,-1.4,LOSS,16.0°C
"Wellington, NZ",2026-09-14,14.6,16,modifisert,16.0,C,-1.4,WIN,16.0°C
"Wellington, NZ",2026-09-14,14.6,14,p5,16.0,C,-1.4,LOSS,16.0°C
"Wellington, NZ",2026-09-14,14.6,15,sigma,16.0,C,-1.4,LOSS,16.0°C
"Wuhan, CN",2026-09-14,31.5,32,mean,33.0,C,-1.5,LOSS,33.0°C
"Wuhan, CN",2026-09-14,31.7,32,modifisert,33.0,C,-1.3,LOSS,33.0°C
"Wuhan, CN",2026-09-14,31.5,31,p5,33.0,C,-1.5,LOSS,33.0°C
"Wuhan, CN",2026-09-14,31.5,32,sigma,33.0,C,-1.5,LOSS,33.0°C
"Zhengzhou, CN",2026-09-14,29.7,31,mean,31.0,C,-1.3,WIN,31.0°C
"Zhengzhou, CN",2026-09-14,29.8,31,modifisert,31.0,C,-1.2,WIN,31.0°C
"Zhengzhou, CN",2026-09-14,29.7,30,p5,31.0,C,-1.3,LOSS,31.0°C
"Zhengzhou, CN",2026-09-14,29.7,30,sigma,31.0,C,-1.3,LOSS,31.0°C
